repo,pr_number,before_commit,after_commit
"""fineract-cn-mobile""",67,https://github.com/apache/fineract-cn-mobile/commit/e957ea884cad6f51e02369455b9916ea45c455a5,https://github.com/apache/fineract-cn-mobile/commit/f089e02d9252c5143f41c4bf8fc4cdfc1363310b
"""fineract-cn-mobile""",66,https://github.com/apache/fineract-cn-mobile/commit/e3fd2822cca29965174b39243264c99f7be27164,https://github.com/apache/fineract-cn-mobile/commit/9b3ca12ccdef71e8f8a454241b65cf7257a2af64
"""fineract-cn-mobile""",65,,
"""fineract-cn-mobile""",64,,
"""fineract-cn-mobile""",63,,
"""fineract-cn-mobile""",62,https://github.com/apache/fineract-cn-mobile/commit/8192809df3a58920dac28d0fda45a9587b95cc92,https://github.com/apache/fineract-cn-mobile/commit/0eec385415f1f2e3a95447e87627b4ec4c5d0c61
"""fineract-cn-mobile""",61,https://github.com/apache/fineract-cn-mobile/commit/4ce4e55c2a7bb9b997e6feee58004585bcd5edda,https://github.com/apache/fineract-cn-mobile/commit/2af4c390ccfd1689a3405af9bf95bdee6510b8cb
"""fineract-cn-mobile""",60,,
"""fineract-cn-mobile""",59,https://github.com/apache/fineract-cn-mobile/commit/1eb6ceedab325839262d82efbc68b778cc79782a,https://github.com/apache/fineract-cn-mobile/commit/9e8b2f8838a11181c99bdb4f7afc08b33027b023
"""fineract-cn-mobile""",58,https://github.com/apache/fineract-cn-mobile/commit/d5e369dc95d5fc97afa36d99128e19bfba2c1c95,https://github.com/apache/fineract-cn-mobile/commit/2c83f823465ff68e714d074841e9a7bf79244e9d
"""fineract-cn-mobile""",55,https://github.com/apache/fineract-cn-mobile/commit/b534bbefb8f585e284481a7fdfbab0dc09ee4305,https://github.com/apache/fineract-cn-mobile/commit/0f6ee9905fcb214d957081600d52ef75b5664d01
"""fineract-cn-mobile""",52,https://github.com/apache/fineract-cn-mobile/commit/435d804f1890af58b8d3118c176ef00778465163,https://github.com/apache/fineract-cn-mobile/commit/829bd3bd77cbe9c0165066afcedd3204c44ec604
"""fineract-cn-mobile""",50,https://github.com/apache/fineract-cn-mobile/commit/e5a178688f91ec205d93807f7d9f4251734684e6,https://github.com/apache/fineract-cn-mobile/commit/0ee7482881b941267be10f5f9e0f61f15a0dd0de
"""fineract-cn-mobile""",38,,
"""fineract-cn-mobile""",37,,
"""fineract-cn-mobile""",36,,
"""fineract-cn-mobile""",35,https://github.com/apache/fineract-cn-mobile/commit/9c9316784c58bdde77af8769e7c79017ce87b0f3,https://github.com/apache/fineract-cn-mobile/commit/0c57f108fc386b8162dbb228cfb263ba0de5a709
"""fineract-cn-mobile""",33,,
"""fineract-cn-mobile""",30,,
"""fineract-cn-mobile""",29,,
"""fineract-cn-mobile""",28,,
"""fineract-cn-mobile""",27,,
"""fineract-cn-mobile""",26,https://github.com/apache/fineract-cn-mobile/commit/4ca9836e7cf875bc9cc9f1edfedad7acefd4b996,https://github.com/apache/fineract-cn-mobile/commit/4c6ae05d4db72cbaa142dff27a78d0769e537657
"""fineract-cn-mobile""",24,https://github.com/apache/fineract-cn-mobile/commit/b58182c338fb8e32eccde0b6ab06eba52401d735,https://github.com/apache/fineract-cn-mobile/commit/cd893fe903ee5faabad5d3e84dec2fa5b8b4b3d1
"""fineract-cn-mobile""",23,,
"""fineract-cn-mobile""",22,,
"""fineract-cn-mobile""",20,,
"""fineract-cn-mobile""",18,,
"""fineract-cn-mobile""",16,,
"""fineract-cn-mobile""",15,https://github.com/apache/fineract-cn-mobile/commit/ebb6ef76abd5b752e4f7a717af8678b9e293ac7e,https://github.com/apache/fineract-cn-mobile/commit/4651e5968b2314f3958f8a1b0729fce987df619c
"""fineract-cn-mobile""",14,https://github.com/apache/fineract-cn-mobile/commit/6f54d0d608102182cac711d76738c7ddd619dd0f,https://github.com/apache/fineract-cn-mobile/commit/b9938609119b1a1a944181e1f0c63c149db05c54
"""fineract-cn-mobile""",13,https://github.com/apache/fineract-cn-mobile/commit/20a84688e6ea163c4c75410c253818904dae88f8,https://github.com/apache/fineract-cn-mobile/commit/066f0638b5cba4b61f8c086e3d076e81cc0ae2b4
"""fineract-cn-mobile""",12,https://github.com/apache/fineract-cn-mobile/commit/bd9a3a9d4cd42739e64f8f410e91f5b3a958d5dd,https://github.com/apache/fineract-cn-mobile/commit/e672cb800d18c0d4c484ecaae8bbbfdbf6f11e07
"""fineract-cn-mobile""",11,https://github.com/apache/fineract-cn-mobile/commit/6b58d4030aa16b704a30839ce392539f02006333,https://github.com/apache/fineract-cn-mobile/commit/1a723fee6623646ca79322ea0dd874408d46d5b2
"""fineract-cn-mobile""",10,https://github.com/apache/fineract-cn-mobile/commit/32e9937730cc378cae891e3f3fe9cc79a09f354c,https://github.com/apache/fineract-cn-mobile/commit/e2f2e8c1791cba91dcdabd5f121420d8b0438019
"""fineract-cn-mobile""",7,,
"""fineract-cn-mobile""",6,https://github.com/apache/fineract-cn-mobile/commit/13b2483632416c29831bcc291db61abdaa560d4d,https://github.com/apache/fineract-cn-mobile/commit/725c7ee0f7b9bc5c57a0149cc1d61665abbc25fe
"""fineract-cn-mobile""",5,https://github.com/apache/fineract-cn-mobile/commit/4cac6ef3021a97c6d9977d2f9079a117d2a1f7d9,https://github.com/apache/fineract-cn-mobile/commit/3298a238088ac8ad1ae07bc884bed37de9139279
"""fineract-cn-mobile""",3,https://github.com/apache/fineract-cn-mobile/commit/e4cbafc73d84d0f8b3bc6e6d11226c715825c875,https://github.com/apache/fineract-cn-mobile/commit/7801ecafd9726da12c4c7b4942ef1724dbe63b2d
"""fineract-cn-mobile""",2,https://github.com/apache/fineract-cn-mobile/commit/191284379dc5d31973c2b45fc809278432e225be,https://github.com/apache/fineract-cn-mobile/commit/a537b6135b44d3e0f8306b3defc8144cfa15b5c0
"""fineract-cn-mobile""",1,https://github.com/apache/fineract-cn-mobile/commit/e763a6b4747d63d364b77001f4cb9a649e1b90ca,https://github.com/apache/fineract-cn-mobile/commit/ac3a65cb27f23d7b47c49c35b4cbe8c99202864f
