repo,pr_number,before_commit,after_commit
"""incubator-hudi""",875,https://github.com/apache/incubator-hudi/commit/df670d68af0a45dd15981d3f5fb6f306bc047736,https://github.com/apache/incubator-hudi/commit/45b3b0a6e580c7a3e2f43f58fdfafc379df78ad6
"""incubator-hudi""",874,,
"""incubator-hudi""",867,,
"""incubator-hudi""",866,,
"""incubator-hudi""",865,,
"""incubator-hudi""",864,,
"""incubator-hudi""",863,https://github.com/apache/incubator-hudi/commit/f32109562fe991ec3c12de2309a19b78706d3fb0,https://github.com/apache/incubator-hudi/commit/717a36b69b38c03b68584e06e3ec7b011e248f87
"""incubator-hudi""",861,https://github.com/apache/incubator-hudi/commit/9f7727520cb2019296c9ef1a9d771e545888a056,https://github.com/apache/incubator-hudi/commit/aa6e3ac27e37ee8335c5933a0d6d58466ef3db71
"""incubator-hudi""",858,,
"""incubator-hudi""",856,,
"""incubator-hudi""",854,,
"""incubator-hudi""",853,,
"""incubator-hudi""",852,,
"""incubator-hudi""",851,https://github.com/apache/incubator-hudi/commit/a083605a0b036bea7593e50db4a4ce089449092e,https://github.com/apache/incubator-hudi/commit/4f649cb30c1dc9f1e35d94270fae541125171148
"""incubator-hudi""",850,https://github.com/apache/incubator-hudi/commit/573c0c0e7e7b7fc90349d6318c835d0b8bbccb39,https://github.com/apache/incubator-hudi/commit/38c31b396f4c628b0de0bec1509f5c2fb25441ab
"""incubator-hudi""",848,https://github.com/apache/incubator-hudi/commit/e28a17fb93a87a319489f43315c96726dc137ad7,https://github.com/apache/incubator-hudi/commit/c6dd162c5006b45dde4df979b531afd01ca33752
"""incubator-hudi""",847,https://github.com/apache/incubator-hudi/commit/a34a48120a96c7af29b0d51f141b5b076d1a734e,https://github.com/apache/incubator-hudi/commit/df738a333b1e87357f1feb5716680b8a8af58b67
"""incubator-hudi""",846,https://github.com/apache/incubator-hudi/commit/0c103db6c18031a68eedaf17d9dfb85e962890ad,https://github.com/apache/incubator-hudi/commit/e23112aed9d6148cba860588c58ef5621cc33dcf
"""incubator-hudi""",843,https://github.com/apache/incubator-hudi/commit/b26f1119aba1ea58c7925a265095e115322c29f0,https://github.com/apache/incubator-hudi/commit/8df18c293c76bd56f99d6eee1d3c057857bbe147
"""incubator-hudi""",842,,
"""incubator-hudi""",838,,
"""incubator-hudi""",837,,
"""incubator-hudi""",834,,
"""incubator-hudi""",833,,
"""incubator-hudi""",832,,
"""incubator-hudi""",831,https://github.com/apache/incubator-hudi/commit/0066bbbaf29081867907459c01342495229be24c,https://github.com/apache/incubator-hudi/commit/5c7c5d5c5130cd45fb84e0ef189e4936ac297efd
"""incubator-hudi""",830,https://github.com/apache/incubator-hudi/commit/89675eda9096816e0a05cfdcd3bc4339d4a79fa2,https://github.com/apache/incubator-hudi/commit/be983fa3028450198dd505c855accff027d901b7
"""incubator-hudi""",826,https://github.com/apache/incubator-hudi/commit/ce57dcc34582f317d54f4b5ac963391237e60c87,https://github.com/apache/incubator-hudi/commit/bfb459c3880767750cae930066adcd0af73868dd
"""incubator-hudi""",825,https://github.com/apache/incubator-hudi/commit/a0960252972d2bfaa43c79c85318aed4cc5a8433,https://github.com/apache/incubator-hudi/commit/ba904d212f68039dc5abc7f56b4c96d595f7b0b5
"""incubator-hudi""",824,,
"""incubator-hudi""",823,https://github.com/apache/incubator-hudi/commit/441f9c1ea5c56f767ee1d14e99a2a828af9edbc2,https://github.com/apache/incubator-hudi/commit/f0946bb649b4c28fb0d610f383b4a8cca34df548
"""incubator-hudi""",822,,
"""incubator-hudi""",821,,
"""incubator-hudi""",820,,
"""incubator-hudi""",818,,
"""incubator-hudi""",815,,
"""incubator-hudi""",814,https://github.com/apache/incubator-hudi/commit/592c51f24ddbb086a1779a06197e10eaea4bba07,https://github.com/apache/incubator-hudi/commit/8d96f84e979840a603f0b7e139e4219b7681f567
"""incubator-hudi""",813,,
"""incubator-hudi""",811,https://github.com/apache/incubator-hudi/commit/19f8fd2b2c739f402d00965645d2be683d6e7208,https://github.com/apache/incubator-hudi/commit/b0a79cd291b7d1333e60a39e22aca058d8d095ac
"""incubator-hudi""",810,,
"""incubator-hudi""",808,,
"""incubator-hudi""",807,,
"""incubator-hudi""",804,,
"""incubator-hudi""",802,https://github.com/apache/incubator-hudi/commit/43fdef3a0342d76fef727fd8e2207270789d87d1,https://github.com/apache/incubator-hudi/commit/86c22366bd22692ff3b8e67d4a2cb3227b785c2e
"""incubator-hudi""",799,https://github.com/apache/incubator-hudi/commit/ccdde64dabaa7d31cbed77fe9831ecebd38a86fd,https://github.com/apache/incubator-hudi/commit/fe234f137827283a6763523babf2768f837d19c3
"""incubator-hudi""",798,https://github.com/apache/incubator-hudi/commit/2f8cac773265083d16ef98fb63bc63038c17e0a0,https://github.com/apache/incubator-hudi/commit/0dc01ea7eab16f0eba603f61190a6d6608f34cd7
"""incubator-hudi""",797,,
"""incubator-hudi""",795,https://github.com/apache/incubator-hudi/commit/35257c4ed84cc467593d5be19423b8190b4442e3,https://github.com/apache/incubator-hudi/commit/a81126ee91745296207813ef624299d32aca9720
"""incubator-hudi""",794,,
"""incubator-hudi""",793,,
"""incubator-hudi""",792,https://github.com/apache/incubator-hudi/commit/8d0aea7a7c494000a9983b496655093a2b21136f,https://github.com/apache/incubator-hudi/commit/55a1f5c188c4fabf6bf885375831b59de69cfda6
"""incubator-hudi""",791,,
"""incubator-hudi""",788,https://github.com/apache/incubator-hudi/commit/3bdb347950e413f7a69bd8312b35b8b91849246e,https://github.com/apache/incubator-hudi/commit/f7b4aa99ff1e2f5f3964704920ac373c56ae1dde
"""incubator-hudi""",787,https://github.com/apache/incubator-hudi/commit/ee03454596f16972e4ff30776f74a6fd136ac751,https://github.com/apache/incubator-hudi/commit/ede3f4032ff58deaa8a22b637bec0b0c34ab663c
"""incubator-hudi""",785,,
"""incubator-hudi""",783,,
"""incubator-hudi""",781,,
"""incubator-hudi""",778,https://github.com/apache/incubator-hudi/commit/dafe927ace91affce16558adcb797df62713de5e,https://github.com/apache/incubator-hudi/commit/5bb42c6b1e1d8a1b21932c210daa2e49a6597387
"""incubator-hudi""",775,https://github.com/apache/incubator-hudi/commit/67d98db893256857beb6c0d28982cf068f25bc66,https://github.com/apache/incubator-hudi/commit/24734dcd5668b773110fd03f74c2d2bf573f9edf
"""incubator-hudi""",762,,
"""incubator-hudi""",761,,
"""incubator-hudi""",760,https://github.com/apache/incubator-hudi/commit/8deef3bb1fc88d0f8b2ebefefb9516430198cb17,https://github.com/apache/incubator-hudi/commit/3a99e19cb37e3e89297625ec8fd6d2474259d6bd
"""incubator-hudi""",758,,
"""incubator-hudi""",756,,
"""incubator-hudi""",755,,
"""incubator-hudi""",753,,
"""incubator-hudi""",752,https://github.com/apache/incubator-hudi/commit/9b2167b836f42137fc945ad59ac42d527ccb2aec,https://github.com/apache/incubator-hudi/commit/3d3177d9c2d47be3097b0123ba81d78b6ec68ecc
"""incubator-hudi""",750,https://github.com/apache/incubator-hudi/commit/ad95db7c8fb3aab48acd082ddbc9da61cf3e2a79,https://github.com/apache/incubator-hudi/commit/326f4daa502a31c965c4f36c767e8918d116cdf5
"""incubator-hudi""",748,,
"""incubator-hudi""",747,https://github.com/apache/incubator-hudi/commit/2b5f706a24e58127dfeb989107ac2ab6c25f6252,https://github.com/apache/incubator-hudi/commit/2b263bd9f78651ec9c68e64ad16801269b944dda
"""incubator-hudi""",746,https://github.com/apache/incubator-hudi/commit/db05c33826c457aa3957580106c17c591728cad7,https://github.com/apache/incubator-hudi/commit/ac728c0f3b9867039050eb3a2fa72b0d50c8eb8e
"""incubator-hudi""",744,,
"""incubator-hudi""",742,,
"""incubator-hudi""",738,https://github.com/apache/incubator-hudi/commit/dfac96f15bb0d71062cb02ebe619e1c0dcaebaf1,https://github.com/apache/incubator-hudi/commit/0395406b758f47643c3f35a3d129833e7d8e1b7b
"""incubator-hudi""",731,,
"""incubator-hudi""",730,,
"""incubator-hudi""",729,,
"""incubator-hudi""",728,,
"""incubator-hudi""",727,,
"""incubator-hudi""",726,,
"""incubator-hudi""",725,,
"""incubator-hudi""",723,,
"""incubator-hudi""",722,https://github.com/apache/incubator-hudi/commit/f5f545ada6667267cba039bedc18669a7f5e8ad1,https://github.com/apache/incubator-hudi/commit/317f4912c35e11b0884a7b3a7425d0e489a6d101
"""incubator-hudi""",721,,
"""incubator-hudi""",720,,
"""incubator-hudi""",719,https://github.com/apache/incubator-hudi/commit/c217b026fd0bb6c62cffeed85f349b2948b8183a,https://github.com/apache/incubator-hudi/commit/58bd6a8a7eba41f176cc28473ddd0094aaf0fb43
"""incubator-hudi""",718,,
"""incubator-hudi""",717,,
"""incubator-hudi""",713,,
"""incubator-hudi""",712,,
"""incubator-hudi""",710,,
"""incubator-hudi""",709,,
"""incubator-hudi""",708,https://github.com/apache/incubator-hudi/commit/362023dbb043b5afb4b4bb47a373c480b3b961e8,https://github.com/apache/incubator-hudi/commit/d96c4c1024458fb7c37907c149b39366685d63bb
"""incubator-hudi""",706,,
"""incubator-hudi""",703,,
"""incubator-hudi""",701,,
"""incubator-hudi""",700,https://github.com/apache/incubator-hudi/commit/b5f21d0b9c7c5b57236ed6f52350407c9d7377c6,https://github.com/apache/incubator-hudi/commit/2dc1aed1f7a583abedadc4d4af88929219c4de2b
"""incubator-hudi""",699,,
"""incubator-hudi""",698,https://github.com/apache/incubator-hudi/commit/cf45e625484b4f47e7f349c053fccc663ee4565c,https://github.com/apache/incubator-hudi/commit/0543de4a043528b0f2d7a51590cdc26b90a62c08
"""incubator-hudi""",696,https://github.com/apache/incubator-hudi/commit/d3a2ffa37224d00fa8993d44ee75db956be71251,https://github.com/apache/incubator-hudi/commit/bc4e78203e3a26672d94c961b5ae5d97fad46fdd
"""incubator-hudi""",694,https://github.com/apache/incubator-hudi/commit/1d7ccc0a25fe6f3740b6ab75149d7ee04d5bc4a5,https://github.com/apache/incubator-hudi/commit/08e5a96280ecc12a3c9899945ddd431dd9c03295
"""incubator-hudi""",693,,
"""incubator-hudi""",692,https://github.com/apache/incubator-hudi/commit/32a308236b477fca3cfafe947a91f0c56f9c6c54,https://github.com/apache/incubator-hudi/commit/1692ac8dbc560f69efa583ffa1c49794d88a6389
"""incubator-hudi""",691,,
"""incubator-hudi""",688,,
"""incubator-hudi""",687,https://github.com/apache/incubator-hudi/commit/652b5450501ca2bf1485d7bd9c62a43de3222c9d,https://github.com/apache/incubator-hudi/commit/6500c3c294b650f25d139664bd444dc04564dd77
"""incubator-hudi""",686,,
"""incubator-hudi""",685,https://github.com/apache/incubator-hudi/commit/768a782c7ce4940673fc75629dca4ebb2a73c2d3,https://github.com/apache/incubator-hudi/commit/7139c0681734fd21e1a87cd070d744ee1cfe3d41
"""incubator-hudi""",684,,
"""incubator-hudi""",683,,
"""incubator-hudi""",682,https://github.com/apache/incubator-hudi/commit/72c5b2e44c4c68b8ce78c3c4c4206dc54cc559f4,https://github.com/apache/incubator-hudi/commit/db372d26ceb6995bcc94b6ef6397eac44d6023cf
"""incubator-hudi""",680,,
"""incubator-hudi""",679,,
"""incubator-hudi""",678,,
"""incubator-hudi""",675,https://github.com/apache/incubator-hudi/commit/057f3322d9b9b79b121a13943937a71c7bee4761,https://github.com/apache/incubator-hudi/commit/29a4181a2dfab4798fb0db7e37975e62049898c1
"""incubator-hudi""",674,https://github.com/apache/incubator-hudi/commit/83271e867eaf775c11f4f8c2c66d70452eb99563,https://github.com/apache/incubator-hudi/commit/fe0102f3c72061c87d2b9c1540af7ca513a9ac6e
"""incubator-hudi""",672,https://github.com/apache/incubator-hudi/commit/e554ea922eebec062c0cc6eb135745f18e649052,https://github.com/apache/incubator-hudi/commit/e8ddc55fd48973260dde0bf13224b98d553f5060
"""incubator-hudi""",671,https://github.com/apache/incubator-hudi/commit/6e99058081c2fd1e41518bf301bc16c367a9e9e1,https://github.com/apache/incubator-hudi/commit/a0aecdf2ae769d1768a84d32881ddd999376b379
"""incubator-hudi""",670,https://github.com/apache/incubator-hudi/commit/a454745bab241d6112a157bb7274b9adeaf11771,https://github.com/apache/incubator-hudi/commit/a94fca0be89a9a327a00ce62270cfc0bc74b5bd2
"""incubator-hudi""",669,,
"""incubator-hudi""",667,https://github.com/apache/incubator-hudi/commit/eca2927c5e8c0601fc1b65ee5f1a2b5352e2fdfd,https://github.com/apache/incubator-hudi/commit/60341851c4e4dcee2192b2cb1dc108af00319f7a
"""incubator-hudi""",665,,
"""incubator-hudi""",664,https://github.com/apache/incubator-hudi/commit/504b5cdf1353c2e1604f7c888ede6e8a63b5c4b3,https://github.com/apache/incubator-hudi/commit/95cde76be8fecbc5f523e479829e7c3d71515ca4
"""incubator-hudi""",662,https://github.com/apache/incubator-hudi/commit/0e841476044751d37a376d0f979329b4a71796ae,https://github.com/apache/incubator-hudi/commit/069b4ff38032adb47826dd99e8d45980f3db686d
"""incubator-hudi""",660,,
"""incubator-hudi""",659,,
"""incubator-hudi""",656,,
"""incubator-hudi""",655,,
"""incubator-hudi""",653,https://github.com/apache/incubator-hudi/commit/8b96603404c3e7bac9f1de1410b5e6a2e0b3d488,https://github.com/apache/incubator-hudi/commit/9ce93a95e265abfeca488f55abdab8fce7b26e68
"""incubator-hudi""",651,https://github.com/apache/incubator-hudi/commit/819b343371a1323301436708af49f297c845a587,https://github.com/apache/incubator-hudi/commit/51d086c59db4cd706ebc10c73d471dcfe9eedc94
"""incubator-hudi""",650,,
"""incubator-hudi""",649,https://github.com/apache/incubator-hudi/commit/7f1e1a565996d2b898a96eaebffc9d6ba3133eb9,https://github.com/apache/incubator-hudi/commit/f97c75f0f9ed5265970485fa0275be03351b0bb0
"""incubator-hudi""",648,,
"""incubator-hudi""",647,,
"""incubator-hudi""",646,,
"""incubator-hudi""",645,,
"""incubator-hudi""",644,https://github.com/apache/incubator-hudi/commit/4aab598de9bffc395101c68a58287040f8398e1f,https://github.com/apache/incubator-hudi/commit/da8af7a34fce1cbc809a7bfcd6c5c8f90aae3128
"""incubator-hudi""",642,,
"""incubator-hudi""",640,,
"""incubator-hudi""",636,,
"""incubator-hudi""",635,https://github.com/apache/incubator-hudi/commit/13e66b6de08fa9058cf3b70fd3eb32534f7fabdb,https://github.com/apache/incubator-hudi/commit/df87737a62a501cfb2f8d737ad3674ab71fa411b
"""incubator-hudi""",634,https://github.com/apache/incubator-hudi/commit/01309c2ca482df2cf4692fea9fa9909460a4076e,https://github.com/apache/incubator-hudi/commit/5c17b3e1084d7af168493367793d3c833778a1c8
"""incubator-hudi""",633,https://github.com/apache/incubator-hudi/commit/3b9185aed233618726c76fa10b7703792d75f24f,https://github.com/apache/incubator-hudi/commit/1138c41885e053ef2be0b817dc3716b304f8572b
"""incubator-hudi""",631,https://github.com/apache/incubator-hudi/commit/c06e0817b3617773346e03b0971a51dd423edef9,https://github.com/apache/incubator-hudi/commit/9efbc550b05f7742d6d17148424216ec51f1d086
"""incubator-hudi""",629,,
"""incubator-hudi""",627,,
"""incubator-hudi""",621,,
"""incubator-hudi""",620,,
"""incubator-hudi""",619,,
"""incubator-hudi""",617,https://github.com/apache/incubator-hudi/commit/fba9555f3e75701a94a102321f1d7f5f41950c1f,https://github.com/apache/incubator-hudi/commit/6f638ac6d083653070fcbae3527baadc1b0c3804
"""incubator-hudi""",616,https://github.com/apache/incubator-hudi/commit/8b07e4a52e5c854773f1e8c17bb99fe281f558ae,https://github.com/apache/incubator-hudi/commit/8bf2139145798c63bc220602232648d0513eb998
"""incubator-hudi""",612,https://github.com/apache/incubator-hudi/commit/6c908e27eb5124b80cf1e8374a06416cec17a8d8,https://github.com/apache/incubator-hudi/commit/86ce406f8b106b3298b143ee7a683bc629c41cd5
"""incubator-hudi""",611,,
"""incubator-hudi""",610,https://github.com/apache/incubator-hudi/commit/eb1fb1acc9d59c56f7c2df3a993fa69c3187cabb,https://github.com/apache/incubator-hudi/commit/303da9c11a080684f4d196467d16b7104de31499
"""incubator-hudi""",609,,
"""incubator-hudi""",608,https://github.com/apache/incubator-hudi/commit/a8367269db309b158aa01cf978dda032ff2a8d4e,https://github.com/apache/incubator-hudi/commit/84b9bbcb6e6c3576fcd27bc2f6386fd1cb95bc61
"""incubator-hudi""",606,,
"""incubator-hudi""",605,,
"""incubator-hudi""",604,https://github.com/apache/incubator-hudi/commit/896a9c50ce89d591715bd20fe3f4e77c3b07f49e,https://github.com/apache/incubator-hudi/commit/81766e79b1b72e033e19ef7ecbbc75bc4b39b043
"""incubator-hudi""",602,,
"""incubator-hudi""",601,,
"""incubator-hudi""",600,https://github.com/apache/incubator-hudi/commit/abfcc17c5e23c3b8ac4fe2f0b9b27df69de5801d,https://github.com/apache/incubator-hudi/commit/6193553e9b081cb747f1cfa268c9a5b8e83ebf01
"""incubator-hudi""",599,https://github.com/apache/incubator-hudi/commit/e654261977730f18deab33e2fdb7c0fb10ad9085,https://github.com/apache/incubator-hudi/commit/1a5111fdc77449fbbdfa74ab0f368e6e00b13e66
"""incubator-hudi""",598,,
"""incubator-hudi""",595,,
"""incubator-hudi""",593,https://github.com/apache/incubator-hudi/commit/00cee96bb29345454c669775fece5e35abc5dc28,https://github.com/apache/incubator-hudi/commit/84f526e44dc2ad2eb54c5c59990230975a400734
"""incubator-hudi""",587,,
"""incubator-hudi""",584,https://github.com/apache/incubator-hudi/commit/ebbc4aba96fbe82c2f5eac5875073c8a7422f887,https://github.com/apache/incubator-hudi/commit/f728aa08aae648561d4c9e019c26192102deab95
"""incubator-hudi""",583,https://github.com/apache/incubator-hudi/commit/13c537d753de255699fd18ced5723f220fc68f11,https://github.com/apache/incubator-hudi/commit/c35a6ef61be851c324fbc51f393695eae25ee579
"""incubator-hudi""",576,https://github.com/apache/incubator-hudi/commit/dff2909cb540bc7cf5ecfc17a5e979529d664b02,https://github.com/apache/incubator-hudi/commit/c6a06cd14dc47704d723f7039b9955e70908ac3d
"""incubator-hudi""",575,https://github.com/apache/incubator-hudi/commit/b47bbafe148de9d234bcb28bab90b3f029e6f75c,https://github.com/apache/incubator-hudi/commit/c629ca42f1db723a24a122b0e3dc98624bcbe201
"""incubator-hudi""",574,,
"""incubator-hudi""",572,https://github.com/apache/incubator-hudi/commit/ff30c4217aa0eac78cb0bbdb6196e2e6a0bcf0e3,https://github.com/apache/incubator-hudi/commit/69e8fb56f7fcfa99720e4b5b53e7440475228b48
"""incubator-hudi""",571,https://github.com/apache/incubator-hudi/commit/cd7893584314a46908562ba7642ce589448ae561,https://github.com/apache/incubator-hudi/commit/1021f2f4acbc908ff916bd3ca8a05489c258aa6d
"""incubator-hudi""",570,,
"""incubator-hudi""",569,,
"""incubator-hudi""",566,,
"""incubator-hudi""",565,https://github.com/apache/incubator-hudi/commit/950d95a2919943f754dcc03c3fe46d93224e8e0d,https://github.com/apache/incubator-hudi/commit/c46ab228a8e09b4e4fdd8151a93799d2adad1cb7
"""incubator-hudi""",563,https://github.com/apache/incubator-hudi/commit/86dfe6fa43b2b189493cdc2bdf77fd4d9b1c9456,https://github.com/apache/incubator-hudi/commit/efedb63b070a3bf75b88165fbdd618d3570a0310
"""incubator-hudi""",559,https://github.com/apache/incubator-hudi/commit/a70ba7d5c33893c16c95ef77446d0523ce7ecea8,https://github.com/apache/incubator-hudi/commit/7dddc4f68c133387b38da561f5201b7a282c0a24
"""incubator-hudi""",558,https://github.com/apache/incubator-hudi/commit/13c0d9cddfc6c838c22ec6ba361b97c3a963309a,https://github.com/apache/incubator-hudi/commit/ee1dc443f1ec00c9814c1dc668a1a49cb99cd4b4
"""incubator-hudi""",551,https://github.com/apache/incubator-hudi/commit/6274238cc10d286bec14a8da5d4a64ff78c6887e,https://github.com/apache/incubator-hudi/commit/151b8ca1612c1b09a508cf1aab8c55d61bc03080
"""incubator-hudi""",548,,
"""incubator-hudi""",546,https://github.com/apache/incubator-hudi/commit/77f61ba1704a7ff0d5f12fc4404e3ce0af7c80fc,https://github.com/apache/incubator-hudi/commit/9d7df56651b86760773ea455a2a86d644f05f8a3
"""incubator-hudi""",541,https://github.com/apache/incubator-hudi/commit/d5085aba4e148612a2f358c70a42e774aaafe5eb,https://github.com/apache/incubator-hudi/commit/f5e6e7d408f74a7c68602e87e29f2912537443c4
"""incubator-hudi""",539,,
"""incubator-hudi""",538,https://github.com/apache/incubator-hudi/commit/3b90101616e2907a59ac4b3d09ae1a3ca68bc401,https://github.com/apache/incubator-hudi/commit/aaf28859f66439f9ae828defbc9138b3cd063f4a
"""incubator-hudi""",534,,
"""incubator-hudi""",530,https://github.com/apache/incubator-hudi/commit/70978e77e30f602133bdedffd90eb7777a73e3c1,https://github.com/apache/incubator-hudi/commit/0f3f7cd9dba000b382a4b16a43d2bf75f53fc80b
"""incubator-hudi""",520,https://github.com/apache/incubator-hudi/commit/6140e55287b940c60e39f833fec5909fa8d2e346,https://github.com/apache/incubator-hudi/commit/978072f218fffaf5affda010e96748e8a2043f3a
"""incubator-hudi""",518,,
"""incubator-hudi""",515,https://github.com/apache/incubator-hudi/commit/87c78343791157f0f9e89c11c5f8c2e250e9647a,https://github.com/apache/incubator-hudi/commit/433403487a157f83613bf9310d6e5ea5b4ef7902
"""incubator-hudi""",512,,
"""incubator-hudi""",511,https://github.com/apache/incubator-hudi/commit/c5961c43f65e25e1a5bb49e9dbdf5da26606b091,https://github.com/apache/incubator-hudi/commit/a601185c7d4d880429742d82c2d088e329e91643
"""incubator-hudi""",510,https://github.com/apache/incubator-hudi/commit/c9f161834db6e0580dde3c85fdb5c7df0200133c,https://github.com/apache/incubator-hudi/commit/af5511881baf0f45db79ead2dd5cb5e9c4592411
"""incubator-hudi""",500,https://github.com/apache/incubator-hudi/commit/e6c2c58b312fe1404f1ce69847a45a5f564a9ddd,https://github.com/apache/incubator-hudi/commit/4934fd940e5f450722ad436b806bcbe18d3cf6c3
"""incubator-hudi""",496,,
"""incubator-hudi""",495,https://github.com/apache/incubator-hudi/commit/3ec25f2032f0f1e1d1131c7fdf6d1f7fcc4930f4,https://github.com/apache/incubator-hudi/commit/1db73f4fa2a5f2f5669db5dae89144ebca73c475
"""incubator-hudi""",486,https://github.com/apache/incubator-hudi/commit/cb25f26896059713cba61ca886a42d863e9ea6a8,https://github.com/apache/incubator-hudi/commit/9c3ada2d74358a83e6da535dc6630133d3e0dc65
"""incubator-hudi""",485,https://github.com/apache/incubator-hudi/commit/fde4a541093be84c57718e3b7e5e4f20b5fe691b,https://github.com/apache/incubator-hudi/commit/11cc2ef48d96fcb647bcfa1f75eba39f138d2400
"""incubator-hudi""",484,,
"""incubator-hudi""",482,,
"""incubator-hudi""",481,https://github.com/apache/incubator-hudi/commit/de741537d84aa689404815a1a6aef89b174763e4,https://github.com/apache/incubator-hudi/commit/ee117267bf4e2864105df1e435b93215832f1d06
"""incubator-hudi""",478,,
"""incubator-hudi""",477,https://github.com/apache/incubator-hudi/commit/9b6081efbf7b5632e99afe389f4e595eefff2c84,https://github.com/apache/incubator-hudi/commit/227009a27e56ceb9528da20a7b8c4d76ede4ea84
"""incubator-hudi""",476,,
"""incubator-hudi""",474,,
"""incubator-hudi""",473,https://github.com/apache/incubator-hudi/commit/1685a5f602f614f239d39e5b423f63f3eec8d69c,https://github.com/apache/incubator-hudi/commit/62fce836214e4f6f76e714d15aff590c073161b2
"""incubator-hudi""",471,,
"""incubator-hudi""",470,https://github.com/apache/incubator-hudi/commit/fda78e40ad6c0e18015610e5403858fea06a9634,https://github.com/apache/incubator-hudi/commit/0be3fd6d5acbfe4cb172869f9c9eebae01fefcd2
"""incubator-hudi""",468,https://github.com/apache/incubator-hudi/commit/a1e37eda2647afe389993f5a16c1242c674cc016,https://github.com/apache/incubator-hudi/commit/d4800d5e9b738457724cdcb94fa3f6905aa5bdb5
"""incubator-hudi""",467,https://github.com/apache/incubator-hudi/commit/ceb5ac26bd12b7066a5945d48ca7c7be3914ec44,https://github.com/apache/incubator-hudi/commit/0b5080b7b82bbebab2a97ed197dd43121e422d3a
"""incubator-hudi""",465,,
"""incubator-hudi""",464,https://github.com/apache/incubator-hudi/commit/94f873c9dda0710c3b49d645b0d2055eb34d46e0,https://github.com/apache/incubator-hudi/commit/0bce6d7ed26079c9d6268a82e9b29c8f3fde007d
"""incubator-hudi""",463,https://github.com/apache/incubator-hudi/commit/0b6f1758b29d217d3fb7cd249b4b17fc8a2c4fcc,https://github.com/apache/incubator-hudi/commit/4bd15b03d4f8fabd4d867947db53ea43d29c328a
"""incubator-hudi""",461,https://github.com/apache/incubator-hudi/commit/75768c2a74a29c3e0c54c4a27599121f16ae95f5,https://github.com/apache/incubator-hudi/commit/2cff162ff190dd6c06d9771a620032f29f500b38
"""incubator-hudi""",460,https://github.com/apache/incubator-hudi/commit/644df14425a134cb6a3bcec1c2d6d24f5d34f3fc,https://github.com/apache/incubator-hudi/commit/083170dd2915352ee8dc6b6b4ade79e1a474cdef
"""incubator-hudi""",458,https://github.com/apache/incubator-hudi/commit/ff5cbc91a3e10d4389b1e504e2e638d0a5b8e3bc,https://github.com/apache/incubator-hudi/commit/1e8cee71af79f6be36a6394325977f356659a1ec
"""incubator-hudi""",457,,
"""incubator-hudi""",455,https://github.com/apache/incubator-hudi/commit/3f3f97ba36f51c60b3cecae6e4fbab3adb63723c,https://github.com/apache/incubator-hudi/commit/26dffcecaf3d1008fd746987e3cef3a77abb282a
"""incubator-hudi""",454,,
"""incubator-hudi""",452,,
"""incubator-hudi""",451,,
"""incubator-hudi""",449,https://github.com/apache/incubator-hudi/commit/32d1931816a442d9c7a8d2ec6c6689b1ea265d4f,https://github.com/apache/incubator-hudi/commit/f928597caa7dce33d3319160645cd71d9381a2bb
"""incubator-hudi""",448,,
"""incubator-hudi""",447,,
"""incubator-hudi""",446,https://github.com/apache/incubator-hudi/commit/652be42b72f4cc390f861486e2825c9797df2b9c,https://github.com/apache/incubator-hudi/commit/52c9bf55eab3ee576c2565024dcf1fb68e3cd609
"""incubator-hudi""",445,https://github.com/apache/incubator-hudi/commit/f6860db93bdc2c175d896db7ad7da6e7a9a9257a,https://github.com/apache/incubator-hudi/commit/337e47b5be82164cc9a2ecbcb5a85a082a180948
"""incubator-hudi""",444,https://github.com/apache/incubator-hudi/commit/687bff534a1e077d4aa9bff5a1c5c04967185d0f,https://github.com/apache/incubator-hudi/commit/7a56d29868ac79d6a1bb043d650f88e54fa05d91
"""incubator-hudi""",443,,
"""incubator-hudi""",440,https://github.com/apache/incubator-hudi/commit/0d9da082d0cb03f5bc055f90259c60c8906e6758,https://github.com/apache/incubator-hudi/commit/f6db3791780136a0719c2d626a7f7fc27d750a8f
"""incubator-hudi""",438,https://github.com/apache/incubator-hudi/commit/2b3ee2090cf7b0fd810f6e310dd9ec33303bec9c,https://github.com/apache/incubator-hudi/commit/9709e2b9e44216e773f7e9bd1cb299aa25bbf77e
"""incubator-hudi""",435,,
"""incubator-hudi""",434,https://github.com/apache/incubator-hudi/commit/cb093ede7ecbb4746539ecbe07325f2f79f2a16c,https://github.com/apache/incubator-hudi/commit/fbf85f0756d881e6fbed0d355f460c526aeae8e0
"""incubator-hudi""",427,https://github.com/apache/incubator-hudi/commit/98882f0a2eff6e06dcdcabf496103130fae965b2,https://github.com/apache/incubator-hudi/commit/f94ed63dd8038f575479f91d36215a2e2b073d3c
"""incubator-hudi""",421,https://github.com/apache/incubator-hudi/commit/fc08c8e2297442e4ce586ed9bc29a7969f93af2f,https://github.com/apache/incubator-hudi/commit/7cbeec5b7b0c6cdceeac0b3cfbf091a97457d68b
"""incubator-hudi""",420,https://github.com/apache/incubator-hudi/commit/564319c902830b4f68754ce8d3f8a830098ff5c7,https://github.com/apache/incubator-hudi/commit/e6348b5f369351bf017f1e337342d0b4edef4615
"""incubator-hudi""",419,https://github.com/apache/incubator-hudi/commit/e46e2d1ab385df34f3ca088b88d4b76f8dd11b0c,https://github.com/apache/incubator-hudi/commit/4c226823ef3dfb401d251b97e72d3a683fc0dcc7
"""incubator-hudi""",417,https://github.com/apache/incubator-hudi/commit/51da8d4bf07b8767edd9c7e44610430a463ec9d1,https://github.com/apache/incubator-hudi/commit/ffb70771b97296118d669850c496e7f9feff80fa
"""incubator-hudi""",413,https://github.com/apache/incubator-hudi/commit/7eb9ace637d9c656ec6c1ad652f94df7c2ec37bd,https://github.com/apache/incubator-hudi/commit/704bd86bd034613a74fb27bb486bb1eb1ffeeb2c
"""incubator-hudi""",411,,
"""incubator-hudi""",404,https://github.com/apache/incubator-hudi/commit/7c7de401a54a1e60bfee227580f8184c40595b1e,https://github.com/apache/incubator-hudi/commit/89a107396f9df1f2672a0b4663fc1b1a0b027b31
"""incubator-hudi""",400,https://github.com/apache/incubator-hudi/commit/50604de7eaa68251d54acb2d50b604b106c1b3db,https://github.com/apache/incubator-hudi/commit/f40a22dda05c741d9c0a2f091067764822bca961
"""incubator-hudi""",398,https://github.com/apache/incubator-hudi/commit/0eecd2a41f70eeb6724babaf490cb741bc8a6df2,https://github.com/apache/incubator-hudi/commit/05bd8c2d69647acc1c97370cc2d5830b94a4067b
"""incubator-hudi""",395,https://github.com/apache/incubator-hudi/commit/015efe9dfb7dec41ecb57f40a63704abf7807da1,https://github.com/apache/incubator-hudi/commit/fac908a1a090df9358012efe1a19229b1d71ecf2
"""incubator-hudi""",389,https://github.com/apache/incubator-hudi/commit/984079a1c13444b966be7a61aaa1ef338ddcf9df,https://github.com/apache/incubator-hudi/commit/6a06bdaa4ce36209ea7c5f364ce1a3fe90795a83
"""incubator-hudi""",388,https://github.com/apache/incubator-hudi/commit/219ed0f07bb785cdebda3a35b9476f4993c701b2,https://github.com/apache/incubator-hudi/commit/88e371810ca0e98bf53b6e92868380f312a09bfe
"""incubator-hudi""",387,https://github.com/apache/incubator-hudi/commit/eb829d05273ba7144fba5aa7b000a6dc46624e62,https://github.com/apache/incubator-hudi/commit/5bcb142eaf75a03ec1a6c6a3e26a37b81b9c5ab2
"""incubator-hudi""",383,https://github.com/apache/incubator-hudi/commit/6ce1c9aa20e5f0d110631caf9ed7bb5cfd9a6aa7,https://github.com/apache/incubator-hudi/commit/e871de4c60ba8e7a2666a978a87eb413eea7d620
"""incubator-hudi""",380,https://github.com/apache/incubator-hudi/commit/c5f63fac5f804b93e566381d54186fbd5f9feab5,https://github.com/apache/incubator-hudi/commit/bdd77dc4b4a2812d7fbec11760001f6ca4a018db
"""incubator-hudi""",379,https://github.com/apache/incubator-hudi/commit/4fb40f6699cb8814f83c925a0e90f12b301b05b9,https://github.com/apache/incubator-hudi/commit/933f435c6e27d2b6c4bc1ad7a44008efb7fc76af
"""incubator-hudi""",373,https://github.com/apache/incubator-hudi/commit/1c955fa35857015e48d24ef1d133df52cb7fe972,https://github.com/apache/incubator-hudi/commit/30102a4adc9afe11d7b22b885630b93818cd7966
"""incubator-hudi""",372,https://github.com/apache/incubator-hudi/commit/03472bbae704963afb267392daf1f1d1c47e9148,https://github.com/apache/incubator-hudi/commit/af4d362c7546c25611ebf65dfdc260c8b14a6657
"""incubator-hudi""",371,,
"""incubator-hudi""",370,https://github.com/apache/incubator-hudi/commit/90ba1c37ec6593f7f14792c24477edc18e9dfa31,https://github.com/apache/incubator-hudi/commit/967a33863f1a9a3e9378b82b1d590cd5c5d59fc2
"""incubator-hudi""",367,https://github.com/apache/incubator-hudi/commit/0e26880dbe75daf77752a0b7d36493f815883499,https://github.com/apache/incubator-hudi/commit/d5ac6a72b72cced52ce5a65c81aac89a31416f0d
"""incubator-hudi""",366,https://github.com/apache/incubator-hudi/commit/606f2424c4b47b16b8e909e748ae20b2bd9cb320,https://github.com/apache/incubator-hudi/commit/91d37a3c749da3d4f9c30258702b5d41e79181a3
"""incubator-hudi""",365,https://github.com/apache/incubator-hudi/commit/53905fc98465197ad399cd6b6cd5af556babbcb5,https://github.com/apache/incubator-hudi/commit/720150c57ed586eed9f69dc1d81a4aaf6f731d0c
"""incubator-hudi""",360,https://github.com/apache/incubator-hudi/commit/a1ae1250eff88de7f332a7350d5a47f6c3abb56e,https://github.com/apache/incubator-hudi/commit/68e54c3340cafa4151b82a0ea7f9358f91fae0c6
"""incubator-hudi""",358,https://github.com/apache/incubator-hudi/commit/4562aa3830b64bbfd867b34123c84f91c42fea4c,https://github.com/apache/incubator-hudi/commit/855c34bf1e3b3463dc6f1c6fa6479163b006ef88
"""incubator-hudi""",350,https://github.com/apache/incubator-hudi/commit/3c5d6729be3add7623b5033a5e001934080b6f02,https://github.com/apache/incubator-hudi/commit/588b5ee3e685dd23e4784aad6083f5959cfe9693
"""incubator-hudi""",349,,
"""incubator-hudi""",346,,
"""incubator-hudi""",345,https://github.com/apache/incubator-hudi/commit/cb1fe33e4f0ae03ce43bbe9841f69f840210e42d,https://github.com/apache/incubator-hudi/commit/b0f8b71f9319c07da132c2e9c39c0092261989ba
"""incubator-hudi""",343,,
"""incubator-hudi""",341,https://github.com/apache/incubator-hudi/commit/e20763a184791b03a38eda8d63e84755a94e3fe3,https://github.com/apache/incubator-hudi/commit/184d3e9661d584b3cadab49fc0a0d7c438ae453a
"""incubator-hudi""",332,https://github.com/apache/incubator-hudi/commit/4a8cd7cca2fea55f0698c153e3e00f4d8bacf2d6,https://github.com/apache/incubator-hudi/commit/1b720195dd905666df5d3de9bfb906b6eabd8e79
"""incubator-hudi""",331,https://github.com/apache/incubator-hudi/commit/703f075772925032a694c20a2a7ba1a18416f038,https://github.com/apache/incubator-hudi/commit/26aa269ac8c4dfc75c46887e86600b72b592ede5
"""incubator-hudi""",330,https://github.com/apache/incubator-hudi/commit/b2c995b815e94d7d28a69c4c128867f7fdb82ffa,https://github.com/apache/incubator-hudi/commit/914a4570e6e5693b699560e1e92f4803e7a8db49
"""incubator-hudi""",328,https://github.com/apache/incubator-hudi/commit/5cbe89650ca9334f7ea81d8e87c6058d08c708bd,https://github.com/apache/incubator-hudi/commit/6772446f06db133f94d70092c408bcd743c41eaa
"""incubator-hudi""",327,https://github.com/apache/incubator-hudi/commit/f1e67bbcd52fd7d4d7f6852abc58569535eff7e1,https://github.com/apache/incubator-hudi/commit/50cd9993333c4d46fa0a479eedd250505024d030
"""incubator-hudi""",322,,
"""incubator-hudi""",320,,
"""incubator-hudi""",318,https://github.com/apache/incubator-hudi/commit/58e3207f23dfc49d833186543e71936647fa8a43,https://github.com/apache/incubator-hudi/commit/eeb833394cfb5305361aee415bbb14221e87daa2
"""incubator-hudi""",317,https://github.com/apache/incubator-hudi/commit/33f7107ccf47dd3111b607f0e532c5f9caf61906,https://github.com/apache/incubator-hudi/commit/a053a612985744ab45be86b251534adc5ec38543
"""incubator-hudi""",312,https://github.com/apache/incubator-hudi/commit/d8398a76dbec852e24207fc504fda90a06a70701,https://github.com/apache/incubator-hudi/commit/fc5437c4ac160b4cad4376794c1709288df8dbcb
"""incubator-hudi""",310,,
"""incubator-hudi""",299,https://github.com/apache/incubator-hudi/commit/797f2fc1a7aed9a73dfd9b144cacfc6b31c8abd9,https://github.com/apache/incubator-hudi/commit/ad0e2a405cf0e2b5ef0186d50ed9685e9c1aa940
"""incubator-hudi""",298,,
"""incubator-hudi""",296,https://github.com/apache/incubator-hudi/commit/94a0140e20b44cb882313f6bf7a681311d6f889b,https://github.com/apache/incubator-hudi/commit/35b1b79b5fab8b6d5850f2770144e59acb3607e0
"""incubator-hudi""",295,https://github.com/apache/incubator-hudi/commit/f3b0af74abd4100322bf1f19f55e8dd96768a87a,https://github.com/apache/incubator-hudi/commit/450dc10103a83083cdc6cc3a6471c6d1b755617f
"""incubator-hudi""",294,https://github.com/apache/incubator-hudi/commit/c7b2d786552aeca9649288900deff37b6791aaf4,https://github.com/apache/incubator-hudi/commit/ccf818e7b7507cea1b8307b4293e9353be5204d8
"""incubator-hudi""",293,https://github.com/apache/incubator-hudi/commit/282a4366a0a568c0aae460273bd714bdc12927ac,https://github.com/apache/incubator-hudi/commit/2d3d34e36e5ae4ed9a1a3404e7dd9d1a141dc511
"""incubator-hudi""",290,https://github.com/apache/incubator-hudi/commit/efd10e20a67925ca152e1475f2b94387c62e6351,https://github.com/apache/incubator-hudi/commit/9c3121954120474d1819b532ed0b54398dc2ee1b
"""incubator-hudi""",289,https://github.com/apache/incubator-hudi/commit/d3a93bbbc324578a51ac00211d958bfe1f06d65b,https://github.com/apache/incubator-hudi/commit/604cc25f72f1acde7c7c28ea00cd6ae15b63a4e8
"""incubator-hudi""",288,https://github.com/apache/incubator-hudi/commit/bbac4633db03e6c676151cc47671165929909c78,https://github.com/apache/incubator-hudi/commit/aa92b5dac361bc78a6c63dea76204df623801cde
"""incubator-hudi""",286,,
"""incubator-hudi""",285,https://github.com/apache/incubator-hudi/commit/442c937cb4157fa091b04105cdc2d84924d7951e,https://github.com/apache/incubator-hudi/commit/c7c606c0e7e1fd1acf9f09902c069dce198b5592
"""incubator-hudi""",282,https://github.com/apache/incubator-hudi/commit/6c8544a3eecec1883d3e310469739e854471826b,https://github.com/apache/incubator-hudi/commit/c6836697e6c33fdcfd5ba7c406a2d54e0b1009cb
"""incubator-hudi""",281,https://github.com/apache/incubator-hudi/commit/ed89d85b0f63124192f302c7fcb579139ccf444a,https://github.com/apache/incubator-hudi/commit/bd555fa328991c018c1ceac865ce03dd5b8c46e9
"""incubator-hudi""",280,,
"""incubator-hudi""",275,https://github.com/apache/incubator-hudi/commit/00b52bc46a1b0d72b1ba17c5121a4b47765519f8,https://github.com/apache/incubator-hudi/commit/3a86c9643d6afec419afebfadb70b891c5920207
"""incubator-hudi""",271,,
"""incubator-hudi""",268,,
"""incubator-hudi""",267,,
"""incubator-hudi""",266,https://github.com/apache/incubator-hudi/commit/c41b0c79c4b9f236f071c9c9ec2cbad4f81f63d9,https://github.com/apache/incubator-hudi/commit/31cd0e9a7c500c1ee4313ff0c6fefc92d5841f13
"""incubator-hudi""",259,,
"""incubator-hudi""",255,,
"""incubator-hudi""",253,https://github.com/apache/incubator-hudi/commit/968da92adda3527661d4c1b9f02e1a6f6c122b57,https://github.com/apache/incubator-hudi/commit/5aaf35391350d3d8ab0d4071ef588b9114249303
"""incubator-hudi""",252,,
"""incubator-hudi""",251,https://github.com/apache/incubator-hudi/commit/0ac219f4b6abc39c52edd89d2970fc264dd0bc93,https://github.com/apache/incubator-hudi/commit/40b170104cc3169003c8cfee001d78a9e52440bc
"""incubator-hudi""",247,https://github.com/apache/incubator-hudi/commit/840f736dfe47076590acb37cdb5b7fcd578e2243,https://github.com/apache/incubator-hudi/commit/a435fcd2e263a680b9480d4e5b7ae35fbf539147
"""incubator-hudi""",245,https://github.com/apache/incubator-hudi/commit/717e8a22342fc96b8d081a3553e44685eacda6aa,https://github.com/apache/incubator-hudi/commit/43638a8ef8a1b06451ced0779298e01ed95e2b7b
"""incubator-hudi""",244,,
"""incubator-hudi""",241,,
"""incubator-hudi""",240,,
"""incubator-hudi""",237,,
"""incubator-hudi""",235,,
"""incubator-hudi""",234,,
"""incubator-hudi""",232,https://github.com/apache/incubator-hudi/commit/116ba297b4ebfe24d5bf8ee86df17415908a2c67,https://github.com/apache/incubator-hudi/commit/d7542e61c221dd05332c69dc0c9b89d487d947cd
"""incubator-hudi""",230,https://github.com/apache/incubator-hudi/commit/3ca849395ab79937a174d08ddddd4a738d764868,https://github.com/apache/incubator-hudi/commit/c8b0153fb2ec3c93aa821188e385f7196bc02d4f
"""incubator-hudi""",229,,
"""incubator-hudi""",228,,
"""incubator-hudi""",219,,
"""incubator-hudi""",218,https://github.com/apache/incubator-hudi/commit/f77d1729b83ef898a5e7af8182ebfcb6a3420976,https://github.com/apache/incubator-hudi/commit/469125f57b5d7af98c06ca41cfcd3f2c1dd1514a
"""incubator-hudi""",216,,
"""incubator-hudi""",213,https://github.com/apache/incubator-hudi/commit/9f671f17d55e5c492204546ff84a02cda81c2201,https://github.com/apache/incubator-hudi/commit/f9ad1f83d1d3a0e83e9547bd6df3e8e8421e3f8d
"""incubator-hudi""",211,,
"""incubator-hudi""",210,https://github.com/apache/incubator-hudi/commit/7fe86234103bae970408893f656d8ed2cbd68060,https://github.com/apache/incubator-hudi/commit/36a1947e7999ffd135e13a38cb46f3f17284e690
"""incubator-hudi""",207,https://github.com/apache/incubator-hudi/commit/212d00c92d0b0fb6fbd08713a4756eed9b9967ed,https://github.com/apache/incubator-hudi/commit/bddef98f3759a09fef5508904f207a9b80e67fc6
"""incubator-hudi""",205,https://github.com/apache/incubator-hudi/commit/1ae6e6beab21dfa8e1baf4f213b5dd2ce98d2de3,https://github.com/apache/incubator-hudi/commit/161b5861208cba3ff84bf32c207bf921493a6851
"""incubator-hudi""",202,https://github.com/apache/incubator-hudi/commit/8d4ab738db4e730cd6d16e73bfc3ac9b51abead8,https://github.com/apache/incubator-hudi/commit/8e991b0dd04242024f52ca2eac64f435a781ffab
"""incubator-hudi""",201,,
"""incubator-hudi""",199,,
"""incubator-hudi""",198,https://github.com/apache/incubator-hudi/commit/a895aa0d910def79d69a9fb2ce27a0e18ac4a4a9,https://github.com/apache/incubator-hudi/commit/b730679fbd365a1f534b47aa39b637b4fb20c503
"""incubator-hudi""",196,,
"""incubator-hudi""",186,,
"""incubator-hudi""",184,https://github.com/apache/incubator-hudi/commit/2e743e0898c7dfffcf06f9ff213b61d08b8bcef1,https://github.com/apache/incubator-hudi/commit/5b23c3d987716ab8c1f82b0393d9e07ce751b31c
"""incubator-hudi""",183,https://github.com/apache/incubator-hudi/commit/28b733b1dab666e09f8a09a1963334fb88ded790,https://github.com/apache/incubator-hudi/commit/ca5232ab386a5a0d05c56a1724304641e7dad224
"""incubator-hudi""",181,https://github.com/apache/incubator-hudi/commit/1d04504d67f78bbc2cc2e4a4369b7caa4d1add44,https://github.com/apache/incubator-hudi/commit/f46a26ada3df21cc95924fbf653131ffe692d977
"""incubator-hudi""",180,https://github.com/apache/incubator-hudi/commit/5724ec4af3bd48ed101c52547750732341b2ef78,https://github.com/apache/incubator-hudi/commit/ba050973e304defb67e789527e0868ea3f217002
"""incubator-hudi""",169,,
"""incubator-hudi""",167,,
"""incubator-hudi""",166,,
"""incubator-hudi""",164,,
"""incubator-hudi""",162,https://github.com/apache/incubator-hudi/commit/287f653e1c00878f43e16dd731bd4a0d72f64fc5,https://github.com/apache/incubator-hudi/commit/08e988367ec14353116a3b452bc40aa85bfb4454
"""incubator-hudi""",157,,
"""incubator-hudi""",156,,
"""incubator-hudi""",148,,
"""incubator-hudi""",144,https://github.com/apache/incubator-hudi/commit/6d1d46d802a90b3a05194c370aa9ee9fe5090bf5,https://github.com/apache/incubator-hudi/commit/ad92c7609cb68a2daad54c1c4351461e1ff0e9ca
"""incubator-hudi""",142,,
"""incubator-hudi""",131,,
"""incubator-hudi""",122,,
"""incubator-hudi""",121,https://github.com/apache/incubator-hudi/commit/2b079f4f1ef2ab52ce3299ab56a5c2c100ed4063,https://github.com/apache/incubator-hudi/commit/99893b7bad95fcf594daf44374e7bf89afcd463d
"""incubator-hudi""",120,,
"""incubator-hudi""",114,,
"""incubator-hudi""",113,,
"""incubator-hudi""",112,,
"""incubator-hudi""",109,,
"""incubator-hudi""",98,,
"""incubator-hudi""",95,https://github.com/apache/incubator-hudi/commit/0260b94cea2f5109312c318561bf4d23f8520a12,https://github.com/apache/incubator-hudi/commit/542bd771627f8a7281af01042319b47d950c0e15
"""incubator-hudi""",93,,
"""incubator-hudi""",92,,
"""incubator-hudi""",89,https://github.com/apache/incubator-hudi/commit/cfa391c870b30f3dcfc09890862f11b816318a4e,https://github.com/apache/incubator-hudi/commit/97fd07c8f3548e0c3c6141496ceecd45c7bb85b9
"""incubator-hudi""",86,,
"""incubator-hudi""",85,,
"""incubator-hudi""",84,,
"""incubator-hudi""",83,,
"""incubator-hudi""",82,,
"""incubator-hudi""",80,,
"""incubator-hudi""",79,,
"""incubator-hudi""",76,,
"""incubator-hudi""",73,,
"""incubator-hudi""",71,,
"""incubator-hudi""",69,,
"""incubator-hudi""",66,,
"""incubator-hudi""",64,,
"""incubator-hudi""",61,https://github.com/apache/incubator-hudi/commit/d4004246c93b89e037e53a7c696607248d4468d2,https://github.com/apache/incubator-hudi/commit/8a39730273e0dbd3f9197de7a116d925f7ac13f9
"""incubator-hudi""",60,,
"""incubator-hudi""",57,,
"""incubator-hudi""",56,,
"""incubator-hudi""",34,,
"""incubator-hudi""",33,,
"""incubator-hudi""",32,,
"""incubator-hudi""",28,,
"""incubator-hudi""",26,,
"""incubator-hudi""",25,,
"""incubator-hudi""",13,,
"""incubator-hudi""",12,,
"""incubator-hudi""",10,,
"""incubator-hudi""",6,,
"""incubator-hudi""",5,,
"""incubator-hudi""",4,,
"""incubator-hudi""",3,,
