repo,pr_number,before_commit,after_commit
"""httpcomponents-client""",164,https://github.com/apache/httpcomponents-client/commit/6d42fa91020c0e5ea247e43ea71bc6db0455406f,https://github.com/apache/httpcomponents-client/commit/0fbed73235bad9c618513891669b58af257f41cf
"""httpcomponents-client""",163,,
"""httpcomponents-client""",162,https://github.com/apache/httpcomponents-client/commit/0aa9c5309a9bf26ab91ac2901de02a8aa9af5224,https://github.com/apache/httpcomponents-client/commit/c072e06d19a91f1130b8a78fc7cc20f42059a376
"""httpcomponents-client""",161,,
"""httpcomponents-client""",160,,
"""httpcomponents-client""",157,https://github.com/apache/httpcomponents-client/commit/af79421ddea404a8cc5b3983abf526cf21f3dac5,https://github.com/apache/httpcomponents-client/commit/5f061a14fc1e39e82e6c54f68b747bc2b794e1d4
"""httpcomponents-client""",154,,
"""httpcomponents-client""",153,,
"""httpcomponents-client""",150,,
"""httpcomponents-client""",146,,
"""httpcomponents-client""",144,,
"""httpcomponents-client""",143,https://github.com/apache/httpcomponents-client/commit/9aa86b615df6e49e213db409d87d3d0850dfc3a1,https://github.com/apache/httpcomponents-client/commit/c8a224184ed06bd004271fbd63513dbc6535a7b3
"""httpcomponents-client""",142,,
"""httpcomponents-client""",141,,
"""httpcomponents-client""",140,,
"""httpcomponents-client""",139,,
"""httpcomponents-client""",138,,
"""httpcomponents-client""",137,https://github.com/apache/httpcomponents-client/commit/ce2bb2917cc7a6b0494f9e07cd1294c29fcd9903,https://github.com/apache/httpcomponents-client/commit/2004eef66851796291403daeb864f9c0c88529a4
"""httpcomponents-client""",136,https://github.com/apache/httpcomponents-client/commit/d00e5fad6f2e7f424ea3db76963296cbb0a1d494,https://github.com/apache/httpcomponents-client/commit/4093a3015d6b789888077e317e535df4c8102e5d
"""httpcomponents-client""",135,,
"""httpcomponents-client""",133,,
"""httpcomponents-client""",131,,
"""httpcomponents-client""",129,,
"""httpcomponents-client""",128,https://github.com/apache/httpcomponents-client/commit/eba3b9eda4a50182617ee24e8ef4ca63cd0011be,https://github.com/apache/httpcomponents-client/commit/354ae3586ebb2557fece463c322cf2d1cc128baa
"""httpcomponents-client""",127,https://github.com/apache/httpcomponents-client/commit/ddbfdf452f02fa3ca1b0684a36bacef315369ea3,https://github.com/apache/httpcomponents-client/commit/6275a39c003b3bca9cf18456d9f1fc1c47748e1b
"""httpcomponents-client""",126,https://github.com/apache/httpcomponents-client/commit/198a6d26a5ceec9401a56eeb75854984c1b151ad,https://github.com/apache/httpcomponents-client/commit/20dfff12c4dc3f73fe5d19b690c2eee033ed4125
"""httpcomponents-client""",125,,
"""httpcomponents-client""",124,,
"""httpcomponents-client""",118,,
"""httpcomponents-client""",115,,
"""httpcomponents-client""",114,,
"""httpcomponents-client""",112,,
"""httpcomponents-client""",111,,
"""httpcomponents-client""",108,,
"""httpcomponents-client""",105,,
"""httpcomponents-client""",104,,
"""httpcomponents-client""",98,,
"""httpcomponents-client""",96,,
"""httpcomponents-client""",93,,
"""httpcomponents-client""",92,,
"""httpcomponents-client""",87,,
