repo,pr_number,before_commit,after_commit
"""incubator-nemo""",236,,
"""incubator-nemo""",235,https://github.com/apache/incubator-nemo/commit/95dcbcfa0bbabe45d590f13dd8a547ab4b6d72c6,https://github.com/apache/incubator-nemo/commit/d70731ba22f9626434faa8b0cb8286ef1e7cbaf8
"""incubator-nemo""",234,,
"""incubator-nemo""",233,,
"""incubator-nemo""",230,,
"""incubator-nemo""",228,,
"""incubator-nemo""",227,https://github.com/apache/incubator-nemo/commit/957081d947b0b5c9dfde6a5084099a1e16504701,https://github.com/apache/incubator-nemo/commit/8546c794f272fead42a0f47cb0aa8f40f74ed7f4
"""incubator-nemo""",223,https://github.com/apache/incubator-nemo/commit/1296de0e9b16af3e76eb039f5c2327b81353d682,https://github.com/apache/incubator-nemo/commit/1a0bf0fbeb5d988da3f7f02ee05d311ec1a60bd5
"""incubator-nemo""",222,,
"""incubator-nemo""",220,,
"""incubator-nemo""",218,,
"""incubator-nemo""",217,,
"""incubator-nemo""",214,https://github.com/apache/incubator-nemo/commit/f78ba55d347f22e4ee655119104006669dabbdb2,https://github.com/apache/incubator-nemo/commit/a29c227ff4946bc1195b8a72d1171f2b59ad8257
"""incubator-nemo""",213,,
"""incubator-nemo""",212,,
"""incubator-nemo""",211,,
"""incubator-nemo""",210,https://github.com/apache/incubator-nemo/commit/418411b2bc65a1d38154c541dd990e4a47f35faf,https://github.com/apache/incubator-nemo/commit/52b4a878411e461572f78bbc2b858690aae8b203
"""incubator-nemo""",209,,
"""incubator-nemo""",208,,
"""incubator-nemo""",207,https://github.com/apache/incubator-nemo/commit/6829009b722e2dba1ea3d2402a5b90a2dbe84c1d,https://github.com/apache/incubator-nemo/commit/045bc2504092dbac566550c2d3c5977f00771940
"""incubator-nemo""",206,,
"""incubator-nemo""",204,,
"""incubator-nemo""",203,https://github.com/apache/incubator-nemo/commit/7696394ab30676d3f7048152073c8070fafc97a4,https://github.com/apache/incubator-nemo/commit/2106e32812d62e03bc017c87c3adfee10c222421
"""incubator-nemo""",202,,
"""incubator-nemo""",201,https://github.com/apache/incubator-nemo/commit/f9e895fcd0346072d25a69db4b66c3adabd2db6d,https://github.com/apache/incubator-nemo/commit/7873eaba50c964fd5d79bd7e1e172461d8b414ce
"""incubator-nemo""",200,,
"""incubator-nemo""",199,,
"""incubator-nemo""",198,,
"""incubator-nemo""",196,,
"""incubator-nemo""",195,,
"""incubator-nemo""",194,https://github.com/apache/incubator-nemo/commit/b090a9cf211616f297d3202d6b9bbe3b75b6eaa4,https://github.com/apache/incubator-nemo/commit/cac59d3b0eb2488fa000092bbba2306be1d4cb5a
"""incubator-nemo""",193,,
"""incubator-nemo""",192,,
"""incubator-nemo""",191,,
"""incubator-nemo""",190,,
"""incubator-nemo""",189,,
"""incubator-nemo""",188,https://github.com/apache/incubator-nemo/commit/68546ae45a2319432d5d76031fd492b03b73cc82,https://github.com/apache/incubator-nemo/commit/20a1992fb321d52eb52a112305f5bb0f61584a9d
"""incubator-nemo""",186,,
"""incubator-nemo""",185,,
"""incubator-nemo""",184,,
"""incubator-nemo""",181,,
"""incubator-nemo""",180,,
"""incubator-nemo""",177,,
"""incubator-nemo""",176,,
"""incubator-nemo""",175,,
"""incubator-nemo""",174,,
"""incubator-nemo""",173,,
"""incubator-nemo""",172,,
"""incubator-nemo""",171,,
"""incubator-nemo""",170,https://github.com/apache/incubator-nemo/commit/ac125273fcbe43ddf7fb705dcc9468bfdb11e5e7,https://github.com/apache/incubator-nemo/commit/7310bb8fcafd2dff5c895168381f32c4a0363876
"""incubator-nemo""",169,,
"""incubator-nemo""",168,,
"""incubator-nemo""",166,,
"""incubator-nemo""",165,,
"""incubator-nemo""",164,,
"""incubator-nemo""",163,,
"""incubator-nemo""",162,,
"""incubator-nemo""",161,,
"""incubator-nemo""",160,,
"""incubator-nemo""",159,,
"""incubator-nemo""",158,,
"""incubator-nemo""",157,,
"""incubator-nemo""",156,,
"""incubator-nemo""",155,,
"""incubator-nemo""",154,,
"""incubator-nemo""",153,,
"""incubator-nemo""",152,,
"""incubator-nemo""",151,,
"""incubator-nemo""",150,,
"""incubator-nemo""",149,,
"""incubator-nemo""",148,,
"""incubator-nemo""",147,,
"""incubator-nemo""",146,,
"""incubator-nemo""",145,,
"""incubator-nemo""",144,,
"""incubator-nemo""",143,,
"""incubator-nemo""",141,,
"""incubator-nemo""",140,,
"""incubator-nemo""",139,,
"""incubator-nemo""",138,,
"""incubator-nemo""",137,,
"""incubator-nemo""",136,https://github.com/apache/incubator-nemo/commit/e141dd8ab992d3f6f0391ff0bf5db693d06903fc,https://github.com/apache/incubator-nemo/commit/b355cdca2cf86504447750b615877fbf7d5be131
"""incubator-nemo""",135,https://github.com/apache/incubator-nemo/commit/e94584ad655b8c7ba950a8973582d3f1686c45e5,https://github.com/apache/incubator-nemo/commit/91cb73e0f0456463817b5d1087e9ed1ab76e820c
"""incubator-nemo""",134,,
"""incubator-nemo""",133,,
"""incubator-nemo""",132,,
"""incubator-nemo""",131,,
"""incubator-nemo""",130,,
"""incubator-nemo""",129,,
"""incubator-nemo""",128,,
"""incubator-nemo""",127,,
"""incubator-nemo""",126,,
"""incubator-nemo""",125,,
"""incubator-nemo""",123,,
"""incubator-nemo""",122,,
"""incubator-nemo""",121,,
"""incubator-nemo""",120,,
"""incubator-nemo""",119,,
"""incubator-nemo""",118,,
"""incubator-nemo""",117,,
"""incubator-nemo""",116,,
"""incubator-nemo""",115,,
"""incubator-nemo""",114,,
"""incubator-nemo""",113,,
"""incubator-nemo""",112,,
"""incubator-nemo""",111,https://github.com/apache/incubator-nemo/commit/fbab04ad706722441abda13eee69b8e6b054a62c,https://github.com/apache/incubator-nemo/commit/cfcbf0f6c16347d377e2e671a88739d65bbc36b1
"""incubator-nemo""",110,,
"""incubator-nemo""",109,,
"""incubator-nemo""",108,,
"""incubator-nemo""",107,,
"""incubator-nemo""",106,,
"""incubator-nemo""",105,,
"""incubator-nemo""",104,,
"""incubator-nemo""",103,https://github.com/apache/incubator-nemo/commit/0555bf88628b836613f3e436d5b20f91f6cdc9f8,https://github.com/apache/incubator-nemo/commit/1a9748c13c46970eec3039d69969abd4a341daa9
"""incubator-nemo""",102,,
"""incubator-nemo""",101,https://github.com/apache/incubator-nemo/commit/56c22998426121b03aa1c63b76fb60abb9e918cb,https://github.com/apache/incubator-nemo/commit/ce4eb82a6c0d2dbaf2898eb59bf11209c1fa20b5
"""incubator-nemo""",99,,
"""incubator-nemo""",98,,
"""incubator-nemo""",97,,
"""incubator-nemo""",96,,
"""incubator-nemo""",95,,
"""incubator-nemo""",94,,
"""incubator-nemo""",93,,
"""incubator-nemo""",92,,
"""incubator-nemo""",91,,
"""incubator-nemo""",90,,
"""incubator-nemo""",89,,
"""incubator-nemo""",88,,
"""incubator-nemo""",87,,
"""incubator-nemo""",86,https://github.com/apache/incubator-nemo/commit/641224ccd094c4af697bf3d4f3f9f9820196dd58,https://github.com/apache/incubator-nemo/commit/c0ebe9816a0ca4d705eee9d6d1712a61b16e2543
"""incubator-nemo""",85,https://github.com/apache/incubator-nemo/commit/aa2e1307cd8482e09c69ea466a1423f1573d2187,https://github.com/apache/incubator-nemo/commit/cf7d9188a7037bbcdf3282fe79d5a8b5c9a9e20e
"""incubator-nemo""",84,,
"""incubator-nemo""",83,,
"""incubator-nemo""",82,,
"""incubator-nemo""",80,,
"""incubator-nemo""",79,,
"""incubator-nemo""",78,,
"""incubator-nemo""",77,,
"""incubator-nemo""",74,,
"""incubator-nemo""",73,https://github.com/apache/incubator-nemo/commit/0aabff0b70220e5f8fc365accc4988b1bbe53ce7,https://github.com/apache/incubator-nemo/commit/0b9a6687e5a06ae4ea975bb9377c4559d4001cb5
"""incubator-nemo""",72,,
"""incubator-nemo""",71,,
"""incubator-nemo""",70,,
"""incubator-nemo""",69,,
"""incubator-nemo""",68,,
"""incubator-nemo""",67,,
"""incubator-nemo""",64,,
"""incubator-nemo""",63,,
"""incubator-nemo""",62,,
"""incubator-nemo""",61,https://github.com/apache/incubator-nemo/commit/e84d054a6f068c930a406952e87cf51cf45a9778,https://github.com/apache/incubator-nemo/commit/cf5d59beed2230d664c762c890c267884ab8abd9
"""incubator-nemo""",60,https://github.com/apache/incubator-nemo/commit/737e981d6d50a5940e8f71ddf6fbcf4893ae5878,https://github.com/apache/incubator-nemo/commit/75a7beed33c7ee6622d441f6466fac933dfaa586
"""incubator-nemo""",59,https://github.com/apache/incubator-nemo/commit/19777e8652f2c5fb5a1344a872b92b7b4ac8e154,https://github.com/apache/incubator-nemo/commit/cfa4dff464d965c907ed799bd6cf561559fc6a4e
"""incubator-nemo""",58,,
"""incubator-nemo""",57,,
"""incubator-nemo""",56,,
"""incubator-nemo""",55,,
"""incubator-nemo""",54,,
"""incubator-nemo""",53,,
"""incubator-nemo""",52,,
"""incubator-nemo""",51,,
"""incubator-nemo""",50,,
"""incubator-nemo""",49,,
"""incubator-nemo""",48,,
"""incubator-nemo""",47,,
"""incubator-nemo""",46,,
"""incubator-nemo""",45,https://github.com/apache/incubator-nemo/commit/d0a4f150d7fcd5bf17f14f8f62d977a4f537882b,https://github.com/apache/incubator-nemo/commit/e04d4ff17949c21b4b0ffd473f8d7ff7ff8f8e78
"""incubator-nemo""",44,,
"""incubator-nemo""",43,,
"""incubator-nemo""",42,,
"""incubator-nemo""",41,,
"""incubator-nemo""",40,,
"""incubator-nemo""",39,,
"""incubator-nemo""",38,,
"""incubator-nemo""",37,,
"""incubator-nemo""",36,,
"""incubator-nemo""",35,,
"""incubator-nemo""",34,,
"""incubator-nemo""",33,,
"""incubator-nemo""",32,https://github.com/apache/incubator-nemo/commit/2f57a2cfc6864b63f006df507b7c8bc200df0806,https://github.com/apache/incubator-nemo/commit/6964eb9bdd32ac3054a1cde2090c501b4d0a2e47
"""incubator-nemo""",31,,
"""incubator-nemo""",30,,
"""incubator-nemo""",29,,
"""incubator-nemo""",28,https://github.com/apache/incubator-nemo/commit/d2b9ff2bf927724a7fb263791c8dc659930263dc,https://github.com/apache/incubator-nemo/commit/aedc9efb0015fd5ba0df3cb13cd8ee444f702333
"""incubator-nemo""",27,,
"""incubator-nemo""",26,,
"""incubator-nemo""",24,https://github.com/apache/incubator-nemo/commit/59f28580ffece45a7315ffd8ff0e5a71deb2ba5d,https://github.com/apache/incubator-nemo/commit/14be4e616230e1d7840c6fa2138cfda4ba504757
"""incubator-nemo""",23,,
"""incubator-nemo""",22,,
"""incubator-nemo""",21,,
"""incubator-nemo""",20,,
"""incubator-nemo""",19,,
"""incubator-nemo""",18,https://github.com/apache/incubator-nemo/commit/07d6ae85dbf6b0eebeb4c762aded18f43dc71af4,https://github.com/apache/incubator-nemo/commit/21984f37318b1f03629b642ebbf417b2814c244e
"""incubator-nemo""",17,,
"""incubator-nemo""",15,,
"""incubator-nemo""",14,,
"""incubator-nemo""",13,,
"""incubator-nemo""",12,,
"""incubator-nemo""",11,https://github.com/apache/incubator-nemo/commit/f79e98ad50f8ec414d5beff96b224430ff8bed90,https://github.com/apache/incubator-nemo/commit/6accbb25623fc5fa1aa8f3180a7328c92c8616ed
"""incubator-nemo""",10,,
"""incubator-nemo""",9,,
"""incubator-nemo""",8,,
"""incubator-nemo""",7,,
"""incubator-nemo""",5,https://github.com/apache/incubator-nemo/commit/54c3c6b8968e471fcd8e9c7ba095c53b8317acf9,https://github.com/apache/incubator-nemo/commit/fabed6a758518365761802d7fcd30a12f591f1a6
"""incubator-nemo""",4,https://github.com/apache/incubator-nemo/commit/85c05f5a6b2af5a346fa7d628bb1284c529dd0ec,https://github.com/apache/incubator-nemo/commit/0711ea6b92905e2b5ca34dc396ea568452cc8d5c
"""incubator-nemo""",3,,
"""incubator-nemo""",2,https://github.com/apache/incubator-nemo/commit/d667589e7989eb1fd827f28642e0587b52f01805,https://github.com/apache/incubator-nemo/commit/13510f47716f428fbefa038ca85b2ad80ebeb919
"""incubator-nemo""",1,,
