repo,pr_number,before_commit,after_commit
"""commons-math""",109,,
"""commons-math""",105,,
"""commons-math""",104,,
"""commons-math""",86,https://github.com/apache/commons-math/commit/aec88bc17f7a5f41dd18e8e4fbd1aec646e30ed0,https://github.com/apache/commons-math/commit/ff3d3655acd62b0f71b73679a08d91744b692b09
"""commons-math""",85,,
"""commons-math""",82,,
"""commons-math""",81,,
"""commons-math""",80,,
"""commons-math""",77,,
"""commons-math""",75,,
"""commons-math""",73,,
"""commons-math""",72,,
"""commons-math""",62,,
"""commons-math""",58,,
"""commons-math""",55,https://github.com/apache/commons-math/commit/db1dc9088977f487c1e5eb7ace993845f4273971,https://github.com/apache/commons-math/commit/18f181ada7826542725fa4a9460307d606695b5d
"""commons-math""",44,,
"""commons-math""",33,,
"""commons-math""",32,,
"""commons-math""",31,,
"""commons-math""",30,,
"""commons-math""",29,,
"""commons-math""",4,,
"""commons-math""",2,,
"""commons-math""",1,,
