repo,pr_number,before_commit,after_commit
"""incubator-datasketches-pig""",55,,
"""incubator-datasketches-pig""",54,,
"""incubator-datasketches-pig""",53,,
"""incubator-datasketches-pig""",50,,
"""incubator-datasketches-pig""",49,,
"""incubator-datasketches-pig""",45,,
"""incubator-datasketches-pig""",44,,
"""incubator-datasketches-pig""",43,,
"""incubator-datasketches-pig""",42,,
"""incubator-datasketches-pig""",41,,
"""incubator-datasketches-pig""",40,,
"""incubator-datasketches-pig""",39,,
"""incubator-datasketches-pig""",38,,
"""incubator-datasketches-pig""",37,,
"""incubator-datasketches-pig""",36,,
"""incubator-datasketches-pig""",35,,
"""incubator-datasketches-pig""",34,,
"""incubator-datasketches-pig""",33,,
"""incubator-datasketches-pig""",32,,
"""incubator-datasketches-pig""",31,,
"""incubator-datasketches-pig""",29,,
"""incubator-datasketches-pig""",28,,
"""incubator-datasketches-pig""",25,,
"""incubator-datasketches-pig""",24,,
"""incubator-datasketches-pig""",23,,
"""incubator-datasketches-pig""",22,,
"""incubator-datasketches-pig""",21,,
"""incubator-datasketches-pig""",20,,
"""incubator-datasketches-pig""",19,,
"""incubator-datasketches-pig""",18,,
"""incubator-datasketches-pig""",17,,
"""incubator-datasketches-pig""",16,,
"""incubator-datasketches-pig""",15,,
"""incubator-datasketches-pig""",14,,
"""incubator-datasketches-pig""",13,,
"""incubator-datasketches-pig""",12,,
"""incubator-datasketches-pig""",11,,
"""incubator-datasketches-pig""",8,,
"""incubator-datasketches-pig""",7,,
"""incubator-datasketches-pig""",6,,
"""incubator-datasketches-pig""",5,,
"""incubator-datasketches-pig""",4,,
"""incubator-datasketches-pig""",3,,
"""incubator-datasketches-pig""",2,,
"""incubator-datasketches-pig""",1,,
