repo,pr_number,before_commit,after_commit
"""maven-doxia""",14,https://github.com/apache/maven-doxia/commit/5ac826e6a777ec0c8ff503ae6ba32b9e48f05cd3,https://github.com/apache/maven-doxia/commit/c7e54fa7b468cbf96314b4526005905fcaae80c8
"""maven-doxia""",13,,
"""maven-doxia""",12,https://github.com/apache/maven-doxia/commit/3ae7294b2cd2e0af3359eeabeef95759220eff4e,https://github.com/apache/maven-doxia/commit/2a0566c0e6dd4fa35fc601acbcaa98cda081f797
"""maven-doxia""",9,https://github.com/apache/maven-doxia/commit/de93c00bda54348e7e990b34060630da35a4859b,https://github.com/apache/maven-doxia/commit/b654bb6e75c8ff2d608ff902f7a5f2f92ac7c6cd
"""maven-doxia""",7,,
