repo,pr_number,before_commit,after_commit
"""geronimo-openapi""",16,,
"""geronimo-openapi""",14,https://github.com/apache/geronimo-openapi/commit/f0c82cf52e73560804b14c845277591d30ff7ff5,https://github.com/apache/geronimo-openapi/commit/c6c8ab7c1828c04a5072fdd8eb4b9d685ee73ad0
"""geronimo-openapi""",12,,
"""geronimo-openapi""",11,,
"""geronimo-openapi""",9,,
"""geronimo-openapi""",8,,
"""geronimo-openapi""",7,,
"""geronimo-openapi""",6,https://github.com/apache/geronimo-openapi/commit/c38c01ed828bbc3c598e3dd0d383df439c09ae49,https://github.com/apache/geronimo-openapi/commit/4fecc04eb428e615e2bbf8ca89dccb54a31e41ce
"""geronimo-openapi""",3,https://github.com/apache/geronimo-openapi/commit/aa5c1a1854742f158ba96289b8bd2df785a191df,https://github.com/apache/geronimo-openapi/commit/886152fbf6fb49de0cc87b91131492f6178dd2aa
