repo,pr_number,before_commit,after_commit
"""directory-fortress-core""",11,,
"""directory-fortress-core""",9,,
"""directory-fortress-core""",8,,
"""directory-fortress-core""",6,,
"""directory-fortress-core""",4,https://github.com/apache/directory-fortress-core/commit/eae93c8ff3eb1f2b7e556ff35191a06fa4b30564,https://github.com/apache/directory-fortress-core/commit/95f172c8a234b6f504aaa47c0a76406ebe43d0e1
"""directory-fortress-core""",3,,
"""directory-fortress-core""",2,,
"""directory-fortress-core""",1,,
