repo,pr_number,before_commit,after_commit
"""juneau""",49,,
"""juneau""",48,,
"""juneau""",47,,
"""juneau""",46,,
"""juneau""",45,https://github.com/apache/juneau/commit/6ff8945766835e4c2ea18630568e39ae4a904af3,https://github.com/apache/juneau/commit/8d55d1a1c66d749e11ed6ad673e510ebce966666
"""juneau""",43,,
"""juneau""",42,,
"""juneau""",41,,
"""juneau""",40,,
"""juneau""",39,,
"""juneau""",38,,
"""juneau""",37,,
"""juneau""",36,,
"""juneau""",35,,
"""juneau""",34,,
"""juneau""",33,,
"""juneau""",32,,
"""juneau""",31,,
"""juneau""",30,,
"""juneau""",29,,
"""juneau""",28,,
"""juneau""",27,,
"""juneau""",26,,
"""juneau""",25,,
"""juneau""",24,,
"""juneau""",23,,
"""juneau""",22,,
"""juneau""",21,,
"""juneau""",20,,
"""juneau""",19,,
"""juneau""",18,,
"""juneau""",17,,
"""juneau""",16,,
"""juneau""",15,,
"""juneau""",14,,
"""juneau""",13,,
"""juneau""",12,,
"""juneau""",11,,
"""juneau""",10,,
"""juneau""",9,,
"""juneau""",8,,
"""juneau""",7,,
"""juneau""",6,,
