repo,pr_number,before_commit,after_commit
"""dubbo-spring-boot-project""",578,,
"""dubbo-spring-boot-project""",573,,
"""dubbo-spring-boot-project""",565,,
"""dubbo-spring-boot-project""",564,,
"""dubbo-spring-boot-project""",563,,
"""dubbo-spring-boot-project""",562,,
"""dubbo-spring-boot-project""",536,,
"""dubbo-spring-boot-project""",520,,
"""dubbo-spring-boot-project""",511,,
"""dubbo-spring-boot-project""",504,,
"""dubbo-spring-boot-project""",489,,
"""dubbo-spring-boot-project""",487,,
"""dubbo-spring-boot-project""",483,,
"""dubbo-spring-boot-project""",478,,
"""dubbo-spring-boot-project""",475,,
"""dubbo-spring-boot-project""",470,,
"""dubbo-spring-boot-project""",461,,
"""dubbo-spring-boot-project""",448,,
"""dubbo-spring-boot-project""",446,,
"""dubbo-spring-boot-project""",445,,
"""dubbo-spring-boot-project""",443,,
"""dubbo-spring-boot-project""",442,,
"""dubbo-spring-boot-project""",436,,
"""dubbo-spring-boot-project""",435,,
"""dubbo-spring-boot-project""",434,,
"""dubbo-spring-boot-project""",433,,
"""dubbo-spring-boot-project""",432,,
"""dubbo-spring-boot-project""",431,,
"""dubbo-spring-boot-project""",430,,
"""dubbo-spring-boot-project""",429,,
"""dubbo-spring-boot-project""",426,,
"""dubbo-spring-boot-project""",422,,
"""dubbo-spring-boot-project""",421,,
"""dubbo-spring-boot-project""",420,,
"""dubbo-spring-boot-project""",417,,
"""dubbo-spring-boot-project""",413,,
"""dubbo-spring-boot-project""",412,,
"""dubbo-spring-boot-project""",410,,
"""dubbo-spring-boot-project""",409,,
"""dubbo-spring-boot-project""",404,,
"""dubbo-spring-boot-project""",402,,
"""dubbo-spring-boot-project""",393,,
"""dubbo-spring-boot-project""",390,,
"""dubbo-spring-boot-project""",389,,
"""dubbo-spring-boot-project""",388,,
"""dubbo-spring-boot-project""",387,,
"""dubbo-spring-boot-project""",386,,
"""dubbo-spring-boot-project""",380,,
"""dubbo-spring-boot-project""",378,,
"""dubbo-spring-boot-project""",377,,
"""dubbo-spring-boot-project""",376,,
"""dubbo-spring-boot-project""",375,,
"""dubbo-spring-boot-project""",374,,
"""dubbo-spring-boot-project""",373,,
"""dubbo-spring-boot-project""",372,,
"""dubbo-spring-boot-project""",368,,
"""dubbo-spring-boot-project""",367,,
"""dubbo-spring-boot-project""",364,,
"""dubbo-spring-boot-project""",362,,
"""dubbo-spring-boot-project""",360,,
"""dubbo-spring-boot-project""",359,,
"""dubbo-spring-boot-project""",357,,
"""dubbo-spring-boot-project""",354,,
"""dubbo-spring-boot-project""",352,,
"""dubbo-spring-boot-project""",348,,
"""dubbo-spring-boot-project""",346,,
"""dubbo-spring-boot-project""",345,,
"""dubbo-spring-boot-project""",344,,
"""dubbo-spring-boot-project""",337,,
"""dubbo-spring-boot-project""",333,,
"""dubbo-spring-boot-project""",332,,
"""dubbo-spring-boot-project""",331,,
"""dubbo-spring-boot-project""",330,,
"""dubbo-spring-boot-project""",318,,
"""dubbo-spring-boot-project""",276,,
"""dubbo-spring-boot-project""",272,,
"""dubbo-spring-boot-project""",271,,
"""dubbo-spring-boot-project""",233,,
"""dubbo-spring-boot-project""",208,,
"""dubbo-spring-boot-project""",207,,
"""dubbo-spring-boot-project""",206,,
"""dubbo-spring-boot-project""",205,,
"""dubbo-spring-boot-project""",204,,
"""dubbo-spring-boot-project""",203,,
"""dubbo-spring-boot-project""",202,,
"""dubbo-spring-boot-project""",201,,
"""dubbo-spring-boot-project""",200,,
"""dubbo-spring-boot-project""",199,,
"""dubbo-spring-boot-project""",198,,
"""dubbo-spring-boot-project""",197,,
"""dubbo-spring-boot-project""",196,,
"""dubbo-spring-boot-project""",195,,
"""dubbo-spring-boot-project""",194,,
"""dubbo-spring-boot-project""",193,,
"""dubbo-spring-boot-project""",192,,
"""dubbo-spring-boot-project""",191,,
"""dubbo-spring-boot-project""",189,,
"""dubbo-spring-boot-project""",183,,
"""dubbo-spring-boot-project""",181,,
"""dubbo-spring-boot-project""",177,,
"""dubbo-spring-boot-project""",176,,
"""dubbo-spring-boot-project""",175,,
"""dubbo-spring-boot-project""",174,,
"""dubbo-spring-boot-project""",173,,
"""dubbo-spring-boot-project""",165,,
"""dubbo-spring-boot-project""",164,,
"""dubbo-spring-boot-project""",163,,
"""dubbo-spring-boot-project""",160,,
"""dubbo-spring-boot-project""",159,,
"""dubbo-spring-boot-project""",158,,
"""dubbo-spring-boot-project""",156,,
"""dubbo-spring-boot-project""",133,,
"""dubbo-spring-boot-project""",122,,
"""dubbo-spring-boot-project""",118,,
"""dubbo-spring-boot-project""",114,,
"""dubbo-spring-boot-project""",103,,
"""dubbo-spring-boot-project""",97,,
"""dubbo-spring-boot-project""",85,,
"""dubbo-spring-boot-project""",84,,
"""dubbo-spring-boot-project""",83,,
"""dubbo-spring-boot-project""",65,,
"""dubbo-spring-boot-project""",21,,
"""dubbo-spring-boot-project""",20,,
"""dubbo-spring-boot-project""",19,https://github.com/apache/dubbo-spring-boot-project/commit/b57b41814406791b5de48f3c73e2419840c636af,https://github.com/apache/dubbo-spring-boot-project/commit/66ac931af325849b55b1d0b81418a6a1efcbdbb4
