repo,pr_number,before_commit,after_commit
"""commons-lang""",451,,
"""commons-lang""",447,,
"""commons-lang""",439,,
"""commons-lang""",435,,
"""commons-lang""",433,,
"""commons-lang""",425,,
"""commons-lang""",421,https://github.com/apache/commons-lang/commit/0c6bed5b4e110904a552c5121859d22f8d5e42d8,https://github.com/apache/commons-lang/commit/b91960e94d68fcdc639f1a00ffe758b6acb7d0c8
"""commons-lang""",418,,
"""commons-lang""",417,,
"""commons-lang""",415,https://github.com/apache/commons-lang/commit/5385a6585ef61a2bab0a394c4d2a742b3202465f,https://github.com/apache/commons-lang/commit/2836ee0c3cf06c67be20b56ed5d062bb0b209e53
"""commons-lang""",413,,
"""commons-lang""",412,,
"""commons-lang""",411,,
"""commons-lang""",410,,
"""commons-lang""",409,,
"""commons-lang""",403,,
"""commons-lang""",391,https://github.com/apache/commons-lang/commit/5edde3328c83b3951947bc09e5872ad1e5e93514,https://github.com/apache/commons-lang/commit/cee7cc6b6470362b12c134b4ed3f3b9bdcd4e465
"""commons-lang""",384,https://github.com/apache/commons-lang/commit/c035de97504a9ba721e5617584e08f1b1f66d455,https://github.com/apache/commons-lang/commit/aae1a0a681a8aca3a9c200c3b1b61299cee2f811
"""commons-lang""",383,https://github.com/apache/commons-lang/commit/ea6af5af94ed43f7aec03209b45ef8dcf4fa0e83,https://github.com/apache/commons-lang/commit/5cdac9cfd5a74b0a52ebde32798b973c6edbaa79
"""commons-lang""",380,,
"""commons-lang""",374,https://github.com/apache/commons-lang/commit/74a18ce4c6ff7e7f5db9ed788d5f4999f7213cfe,https://github.com/apache/commons-lang/commit/ca2e59c513edc2a8b30ff62595e01f8dff79f0d2
"""commons-lang""",373,,
"""commons-lang""",372,,
"""commons-lang""",371,,
"""commons-lang""",370,,
"""commons-lang""",369,,
"""commons-lang""",368,,
"""commons-lang""",367,,
"""commons-lang""",366,,
"""commons-lang""",365,https://github.com/apache/commons-lang/commit/2e3f368e910d689b02a3d740208b29b44139313f,https://github.com/apache/commons-lang/commit/6191dedf35e1afe784fac9b4845f699749037346
"""commons-lang""",355,,
"""commons-lang""",354,,
"""commons-lang""",352,,
"""commons-lang""",351,,
"""commons-lang""",350,,
"""commons-lang""",348,,
"""commons-lang""",347,,
"""commons-lang""",346,,
"""commons-lang""",342,https://github.com/apache/commons-lang/commit/a6725c7f66896cc5e44c70aa20d68a24fb93a455,https://github.com/apache/commons-lang/commit/2a11642511a3c69bac5aa1abd83d3219871395e3
"""commons-lang""",341,,
"""commons-lang""",336,https://github.com/apache/commons-lang/commit/07a62fa440189a9b8046475981424e409f4dcff9,https://github.com/apache/commons-lang/commit/9379d0d36acdf78455e81518b3b1476c7691f056
"""commons-lang""",334,,
"""commons-lang""",333,,
"""commons-lang""",329,https://github.com/apache/commons-lang/commit/32ba959d9a9f568b036bba0c3a8b198822d45651,https://github.com/apache/commons-lang/commit/961e4a821b66b27c77418dece6017e3fe912fa56
"""commons-lang""",312,,
"""commons-lang""",302,,
"""commons-lang""",301,https://github.com/apache/commons-lang/commit/7c139152f827aad6b8c55d27e66465bb8bbeb501,https://github.com/apache/commons-lang/commit/95fce758b0e12837869cae450d8029d7237b0dbb
"""commons-lang""",285,https://github.com/apache/commons-lang/commit/8b21045bac1d5148ea18650313a32bed3a0e167a,https://github.com/apache/commons-lang/commit/67830fe24964b0164d0212cbb4f018f15608ff37
"""commons-lang""",270,https://github.com/apache/commons-lang/commit/1cada6e9561ef261db31bcc8f70be55b3091ad0e,https://github.com/apache/commons-lang/commit/8ec7e02e753267c2470f76d9ed729e3ca7dfec6e
"""commons-lang""",269,,
"""commons-lang""",266,,
"""commons-lang""",265,https://github.com/apache/commons-lang/commit/32d7c570b2221b6c53a8523f518fe629d3cffc4d,https://github.com/apache/commons-lang/commit/ece2f255eed8ad9eff6e236152de65e804c6adb5
"""commons-lang""",259,,
"""commons-lang""",258,,
"""commons-lang""",251,,
"""commons-lang""",237,,
"""commons-lang""",234,,
"""commons-lang""",228,,
"""commons-lang""",227,,
"""commons-lang""",216,,
"""commons-lang""",214,,
"""commons-lang""",196,,
"""commons-lang""",192,,
"""commons-lang""",186,,
"""commons-lang""",185,,
"""commons-lang""",183,https://github.com/apache/commons-lang/commit/d004551983ea3efac4fb8b8cf22d74e9938fd457,https://github.com/apache/commons-lang/commit/1f56bd103d53c8c6ba7502c6586c26be01bfdb80
"""commons-lang""",179,,
"""commons-lang""",167,,
"""commons-lang""",163,https://github.com/apache/commons-lang/commit/4ffbd37c6bfcaa3338cf9b553638499795452f3c,https://github.com/apache/commons-lang/commit/b9f04d9be3e7ff300520da194fe29ed5c1861787
"""commons-lang""",146,,
"""commons-lang""",124,,
"""commons-lang""",117,,
"""commons-lang""",114,,
"""commons-lang""",112,,
"""commons-lang""",111,,
"""commons-lang""",110,,
"""commons-lang""",109,https://github.com/apache/commons-lang/commit/ebc5d75fd0a103f72e9e5e8bbd6fd66d9e7fbfb3,https://github.com/apache/commons-lang/commit/3a68fe8b7e2aecaf75535415d2a7c8268345cd26
"""commons-lang""",96,,
"""commons-lang""",92,,
"""commons-lang""",88,,
"""commons-lang""",86,,
"""commons-lang""",85,,
"""commons-lang""",84,https://github.com/apache/commons-lang/commit/8783ccf742a1e774c51e966467f889c49cfc494e,https://github.com/apache/commons-lang/commit/82152f41ac8a727c2f0042bd555452dc2dda11b1
"""commons-lang""",83,,
"""commons-lang""",82,,
"""commons-lang""",81,https://github.com/apache/commons-lang/commit/0c8e6df4e10983e5d4b0dc262ef531c4edfc4885,https://github.com/apache/commons-lang/commit/54facb4fd93c2ff59b3096c6e64b9be1b3c9cd88
"""commons-lang""",79,,
"""commons-lang""",78,,
"""commons-lang""",77,,
"""commons-lang""",76,,
"""commons-lang""",74,https://github.com/apache/commons-lang/commit/74c10e84c658b8d24b34dd77178c82c9bb1c6e99,https://github.com/apache/commons-lang/commit/6a99050166c945a226d5f8275ce4a9dca3518285
"""commons-lang""",73,,
