repo,pr_number,before_commit,after_commit
"""incubator-samoa""",67,,
"""incubator-samoa""",58,,
"""incubator-samoa""",55,https://github.com/apache/incubator-samoa/commit/eb04c0a731d14ff20ab0e0cda99eb3e83af0761e,https://github.com/apache/incubator-samoa/commit/1c858e1e60efa747f872e664c866a63fb2facacf
"""incubator-samoa""",53,,
"""incubator-samoa""",52,https://github.com/apache/incubator-samoa/commit/cdd5625499822fff43567dcd99af9320c0f1836a,https://github.com/apache/incubator-samoa/commit/1bf3c0270d759dec3bd6649e0418dc4e4cd509e7
"""incubator-samoa""",51,https://github.com/apache/incubator-samoa/commit/f261086e9b92db054d8a44da153066e2a01d9c90,https://github.com/apache/incubator-samoa/commit/1bd1012afb28a1c5e8607b11212ea14b57681f5f
"""incubator-samoa""",50,,
"""incubator-samoa""",43,https://github.com/apache/incubator-samoa/commit/26d2b78958677d230aedb2eb74f7c2efc118b09c,https://github.com/apache/incubator-samoa/commit/81138478c80be9ad467dd2c8778dd079f3f0ab2b
"""incubator-samoa""",41,,
"""incubator-samoa""",39,https://github.com/apache/incubator-samoa/commit/ecc6627aa60d76ef399048832883625a094fd61f,https://github.com/apache/incubator-samoa/commit/b84e8ac6b2a191ac24b78082a37a0b18aa51f98f
"""incubator-samoa""",37,,
"""incubator-samoa""",36,https://github.com/apache/incubator-samoa/commit/4af446cd88cf23dc99b2f877c402fc151f292170,https://github.com/apache/incubator-samoa/commit/4471fe4aedee822fd6948ed34fbaba4936671179
"""incubator-samoa""",35,https://github.com/apache/incubator-samoa/commit/4cea4a76a58edb57c8a2ad0e66ac2eb3e7416da6,https://github.com/apache/incubator-samoa/commit/f9db1f2718958e42fb7a0019a4b3ddee17496821
"""incubator-samoa""",34,,
"""incubator-samoa""",33,,
"""incubator-samoa""",31,,
"""incubator-samoa""",29,,
"""incubator-samoa""",28,https://github.com/apache/incubator-samoa/commit/1baac7ba4d5a3dc9aeb9c54594013693d02f2a72,https://github.com/apache/incubator-samoa/commit/243e78217bb98870ccc4837d54eaabd8e0287802
"""incubator-samoa""",2,,
