repo,pr_number,before_commit,after_commit
"""accumulo-examples""",56,https://github.com/apache/accumulo-examples/commit/a21d6fa9892548cc124cf59c1cf9cc4aaecefc0f,https://github.com/apache/accumulo-examples/commit/755c9492dc7813c5898c7ee87c9e9264ce6990a1
"""accumulo-examples""",52,,
"""accumulo-examples""",50,,
"""accumulo-examples""",49,,
"""accumulo-examples""",48,,
"""accumulo-examples""",47,https://github.com/apache/accumulo-examples/commit/56bd8c07d78cd21ac1b46787fc893a45f96f199f,https://github.com/apache/accumulo-examples/commit/b318a7c542a0cd9471e54a12eac0b176e094d8c6
"""accumulo-examples""",44,,
"""accumulo-examples""",40,,
"""accumulo-examples""",39,,
"""accumulo-examples""",37,,
"""accumulo-examples""",36,,
"""accumulo-examples""",34,,
"""accumulo-examples""",32,,
"""accumulo-examples""",31,,
"""accumulo-examples""",30,,
"""accumulo-examples""",29,,
"""accumulo-examples""",28,,
"""accumulo-examples""",26,,
"""accumulo-examples""",25,,
"""accumulo-examples""",24,,
"""accumulo-examples""",21,,
"""accumulo-examples""",20,,
"""accumulo-examples""",19,,
"""accumulo-examples""",14,,
"""accumulo-examples""",11,,
"""accumulo-examples""",9,https://github.com/apache/accumulo-examples/commit/0e766b60dc5486cff8c64c4ab325079625dbb5d0,https://github.com/apache/accumulo-examples/commit/d3ec43d75a0d51b037ecefb185983cb0c178a955
"""accumulo-examples""",8,,
"""accumulo-examples""",7,,
"""accumulo-examples""",6,,
"""accumulo-examples""",5,https://github.com/apache/accumulo-examples/commit/16038a231644341ae8a182f605946913c9a5b781,https://github.com/apache/accumulo-examples/commit/a3d3615aa9fe8184df14a55d7a8841365249050e
"""accumulo-examples""",4,https://github.com/apache/accumulo-examples/commit/d3bfd6bbc25635ee143ed69724ac7e30a0912a20,https://github.com/apache/accumulo-examples/commit/71a84a1ef2326889a79991dd3ba1ae30d2688119
"""accumulo-examples""",1,https://github.com/apache/accumulo-examples/commit/d08376bb1b7e7c6b19f2a75753d1f53f492f9b70,https://github.com/apache/accumulo-examples/commit/d96c6d968e64ddd126691bfb9022c1df8f83d470
