repo,pr_number,before_commit,after_commit
"""fineract-cn-identity""",13,,
"""fineract-cn-identity""",12,,
"""fineract-cn-identity""",11,,
"""fineract-cn-identity""",10,,
"""fineract-cn-identity""",9,,
"""fineract-cn-identity""",8,https://github.com/apache/fineract-cn-identity/commit/ef92f09eee919b5920eb55e99f435319e0f2a96c,https://github.com/apache/fineract-cn-identity/commit/a620a3ea9e8debe71d311801740069c0362ee74d
"""fineract-cn-identity""",7,,
"""fineract-cn-identity""",6,,
"""fineract-cn-identity""",5,,
"""fineract-cn-identity""",4,,
"""fineract-cn-identity""",3,,
"""fineract-cn-identity""",2,,
"""fineract-cn-identity""",1,,
