repo,pr_number,before_commit,after_commit
"""incubator-edgent""",349,,
"""incubator-edgent""",348,,
"""incubator-edgent""",347,,
"""incubator-edgent""",346,,
"""incubator-edgent""",345,,
"""incubator-edgent""",344,,
"""incubator-edgent""",343,,
"""incubator-edgent""",342,,
"""incubator-edgent""",341,,
"""incubator-edgent""",340,,
"""incubator-edgent""",339,,
"""incubator-edgent""",338,,
"""incubator-edgent""",337,,
"""incubator-edgent""",336,,
"""incubator-edgent""",335,,
"""incubator-edgent""",334,,
"""incubator-edgent""",333,,
"""incubator-edgent""",332,,
"""incubator-edgent""",331,,
"""incubator-edgent""",330,,
"""incubator-edgent""",329,,
"""incubator-edgent""",328,,
"""incubator-edgent""",327,,
"""incubator-edgent""",326,,
"""incubator-edgent""",325,,
"""incubator-edgent""",323,,
"""incubator-edgent""",322,,
"""incubator-edgent""",321,,
"""incubator-edgent""",320,,
"""incubator-edgent""",319,,
"""incubator-edgent""",318,,
"""incubator-edgent""",317,,
"""incubator-edgent""",316,,
"""incubator-edgent""",315,,
"""incubator-edgent""",313,,
"""incubator-edgent""",312,,
"""incubator-edgent""",311,,
"""incubator-edgent""",310,,
"""incubator-edgent""",308,,
"""incubator-edgent""",306,,
"""incubator-edgent""",305,,
"""incubator-edgent""",304,,
"""incubator-edgent""",303,,
"""incubator-edgent""",302,,
"""incubator-edgent""",301,,
"""incubator-edgent""",300,,
"""incubator-edgent""",298,,
"""incubator-edgent""",297,,
"""incubator-edgent""",296,,
"""incubator-edgent""",295,,
"""incubator-edgent""",294,,
"""incubator-edgent""",293,,
"""incubator-edgent""",292,,
"""incubator-edgent""",291,,
"""incubator-edgent""",290,,
"""incubator-edgent""",289,,
"""incubator-edgent""",288,,
"""incubator-edgent""",287,,
"""incubator-edgent""",286,,
"""incubator-edgent""",285,,
"""incubator-edgent""",284,https://github.com/apache/incubator-edgent/commit/a487c65363b3826f65f6550bdb4f41cbdbeeebe0,https://github.com/apache/incubator-edgent/commit/04ee1f6aae7794fef5ce7900e1b92fb9b057c79a
"""incubator-edgent""",283,,
"""incubator-edgent""",282,,
"""incubator-edgent""",281,,
"""incubator-edgent""",280,https://github.com/apache/incubator-edgent/commit/73e39baadf3d5905ef0c5e8417f0e17c8308c3b8,https://github.com/apache/incubator-edgent/commit/2182c354aeec821affe343ed14dc3098535be0c2
"""incubator-edgent""",279,,
"""incubator-edgent""",278,,
"""incubator-edgent""",277,,
"""incubator-edgent""",276,,
"""incubator-edgent""",275,,
"""incubator-edgent""",274,,
"""incubator-edgent""",273,,
"""incubator-edgent""",272,,
"""incubator-edgent""",271,,
"""incubator-edgent""",270,,
"""incubator-edgent""",269,,
"""incubator-edgent""",268,,
"""incubator-edgent""",267,,
"""incubator-edgent""",266,,
"""incubator-edgent""",265,,
"""incubator-edgent""",264,,
"""incubator-edgent""",263,,
"""incubator-edgent""",262,,
"""incubator-edgent""",261,,
"""incubator-edgent""",260,,
"""incubator-edgent""",259,,
"""incubator-edgent""",258,https://github.com/apache/incubator-edgent/commit/8b34651a3ba489dc6adad58048fe5deb0ffa0285,https://github.com/apache/incubator-edgent/commit/1e83aa850e50c6701a28a9645e2c7aa2068304ee
"""incubator-edgent""",257,,
"""incubator-edgent""",256,,
"""incubator-edgent""",255,,
"""incubator-edgent""",254,,
"""incubator-edgent""",253,,
"""incubator-edgent""",252,,
"""incubator-edgent""",251,,
"""incubator-edgent""",250,,
"""incubator-edgent""",249,,
"""incubator-edgent""",248,,
"""incubator-edgent""",247,,
"""incubator-edgent""",246,,
"""incubator-edgent""",245,,
"""incubator-edgent""",244,,
"""incubator-edgent""",243,,
"""incubator-edgent""",242,,
"""incubator-edgent""",241,,
"""incubator-edgent""",240,,
"""incubator-edgent""",239,,
"""incubator-edgent""",238,,
"""incubator-edgent""",237,https://github.com/apache/incubator-edgent/commit/cb9b4c45b0203ddf4db0cee299d701d8a63e2900,https://github.com/apache/incubator-edgent/commit/f19e6c29c9c163719c0707d4d784413ace9bf8dd
"""incubator-edgent""",236,,
"""incubator-edgent""",235,,
"""incubator-edgent""",234,,
"""incubator-edgent""",233,,
"""incubator-edgent""",232,,
"""incubator-edgent""",231,,
"""incubator-edgent""",230,,
"""incubator-edgent""",229,,
"""incubator-edgent""",228,,
"""incubator-edgent""",227,,
"""incubator-edgent""",226,,
"""incubator-edgent""",225,,
"""incubator-edgent""",224,,
"""incubator-edgent""",223,,
"""incubator-edgent""",222,https://github.com/apache/incubator-edgent/commit/434a8013c2407392bfddb831f6723289ec6cd220,https://github.com/apache/incubator-edgent/commit/a2d8f1cb74808d1cd957ba63132445fd3dd756b7
"""incubator-edgent""",221,,
"""incubator-edgent""",220,,
"""incubator-edgent""",219,,
"""incubator-edgent""",218,,
"""incubator-edgent""",217,,
"""incubator-edgent""",216,,
"""incubator-edgent""",215,,
"""incubator-edgent""",214,,
"""incubator-edgent""",213,,
"""incubator-edgent""",212,,
"""incubator-edgent""",211,,
"""incubator-edgent""",210,,
"""incubator-edgent""",209,,
"""incubator-edgent""",208,,
"""incubator-edgent""",207,,
"""incubator-edgent""",206,,
"""incubator-edgent""",205,,
"""incubator-edgent""",204,,
"""incubator-edgent""",203,,
"""incubator-edgent""",202,https://github.com/apache/incubator-edgent/commit/b9b419df46637550bf43e606b08df62d04b7beb3,https://github.com/apache/incubator-edgent/commit/a62eb24a0777a354daba71c4dc67981b8148bfaa
"""incubator-edgent""",201,,
"""incubator-edgent""",200,,
"""incubator-edgent""",199,,
"""incubator-edgent""",198,https://github.com/apache/incubator-edgent/commit/e11a64c3794b7b8616366b7997ecad7e21cf5df7,https://github.com/apache/incubator-edgent/commit/f05ca87d40ac8b51dd931882b789dc4b824e5330
"""incubator-edgent""",197,,
"""incubator-edgent""",196,,
"""incubator-edgent""",195,,
"""incubator-edgent""",194,https://github.com/apache/incubator-edgent/commit/ad237287e32144272c5abf4a472be969c77cb51e,https://github.com/apache/incubator-edgent/commit/84c8d3f1fc5e30e59ec2a617b51c01378c60a050
"""incubator-edgent""",193,,
"""incubator-edgent""",192,https://github.com/apache/incubator-edgent/commit/1a306d1d241956afafaa34c52102bfb545e78e99,https://github.com/apache/incubator-edgent/commit/e4ef5308b1f29149da5c2d717ba7e2f3ffe112bb
"""incubator-edgent""",191,https://github.com/apache/incubator-edgent/commit/659921b418744565d8ad27ed88a50461c6252905,https://github.com/apache/incubator-edgent/commit/d6f09b59c52113530ca42154668d60bf2c264d23
"""incubator-edgent""",190,,
"""incubator-edgent""",189,,
"""incubator-edgent""",188,,
"""incubator-edgent""",187,,
"""incubator-edgent""",186,,
"""incubator-edgent""",185,,
"""incubator-edgent""",184,,
"""incubator-edgent""",183,,
"""incubator-edgent""",182,,
"""incubator-edgent""",181,,
"""incubator-edgent""",180,,
"""incubator-edgent""",179,,
"""incubator-edgent""",178,,
"""incubator-edgent""",177,,
"""incubator-edgent""",176,,
"""incubator-edgent""",175,,
"""incubator-edgent""",174,,
"""incubator-edgent""",173,,
"""incubator-edgent""",172,,
"""incubator-edgent""",171,,
"""incubator-edgent""",170,,
"""incubator-edgent""",169,,
"""incubator-edgent""",168,,
"""incubator-edgent""",166,,
"""incubator-edgent""",165,,
"""incubator-edgent""",164,,
"""incubator-edgent""",163,https://github.com/apache/incubator-edgent/commit/fdc3bb0d4959b375f7076fe302c8aee74637735c,https://github.com/apache/incubator-edgent/commit/c24b8db6683dedebb3ac803a909d32d5f2b702f0
"""incubator-edgent""",162,https://github.com/apache/incubator-edgent/commit/78d3573b4e46785227a7c72f2a23d2a5bb162686,https://github.com/apache/incubator-edgent/commit/05e8ba0f196a85017171a56f7471ce74dc820e7a
"""incubator-edgent""",161,,
"""incubator-edgent""",160,,
"""incubator-edgent""",159,,
"""incubator-edgent""",158,,
"""incubator-edgent""",157,https://github.com/apache/incubator-edgent/commit/4cfdb4ffc21442dd10b8d0923a51eb7daba7a3d7,https://github.com/apache/incubator-edgent/commit/a5317132e867767eea90a102b040b08839381c71
"""incubator-edgent""",156,https://github.com/apache/incubator-edgent/commit/26e41ee3ee711681046f7cd7f235dcb042f691e4,https://github.com/apache/incubator-edgent/commit/fd5246572d854bb8030425c327abddfb6bb1d77e
"""incubator-edgent""",155,,
"""incubator-edgent""",152,,
"""incubator-edgent""",151,,
"""incubator-edgent""",150,,
"""incubator-edgent""",149,https://github.com/apache/incubator-edgent/commit/f91be48c87761fcbd0c719acfedcef06738c2807,https://github.com/apache/incubator-edgent/commit/ea2a47841a25e11d068aad1de9945f9fc010c016
"""incubator-edgent""",148,,
"""incubator-edgent""",147,,
"""incubator-edgent""",146,,
"""incubator-edgent""",145,,
"""incubator-edgent""",143,,
"""incubator-edgent""",142,,
"""incubator-edgent""",141,,
"""incubator-edgent""",140,,
"""incubator-edgent""",139,,
"""incubator-edgent""",138,,
"""incubator-edgent""",137,,
"""incubator-edgent""",136,,
"""incubator-edgent""",135,,
"""incubator-edgent""",134,,
"""incubator-edgent""",133,,
"""incubator-edgent""",132,https://github.com/apache/incubator-edgent/commit/f86e57cbacb286c3a3ae33fc10786aac6286d7fa,https://github.com/apache/incubator-edgent/commit/172b1fc50523be2b6ad9975888ea2033cd511644
"""incubator-edgent""",131,,
"""incubator-edgent""",129,,
"""incubator-edgent""",128,,
"""incubator-edgent""",127,,
"""incubator-edgent""",126,https://github.com/apache/incubator-edgent/commit/9b19a678c5bc208029d25db4549de6a2359ca9ac,https://github.com/apache/incubator-edgent/commit/3e5e74ac585e3a19d756143ed8c5ac24f4e4ee6b
"""incubator-edgent""",125,,
"""incubator-edgent""",124,,
"""incubator-edgent""",123,https://github.com/apache/incubator-edgent/commit/46a0b734f53437ed0c014d2352ef4c754b4bc6e0,https://github.com/apache/incubator-edgent/commit/358969df1771e4b0ff7649ea2f59f8c9cedead65
"""incubator-edgent""",122,,
"""incubator-edgent""",121,,
"""incubator-edgent""",120,,
"""incubator-edgent""",119,,
"""incubator-edgent""",117,,
"""incubator-edgent""",116,https://github.com/apache/incubator-edgent/commit/209718d6b8d9a5a79f71957b9084e32ef717e29d,https://github.com/apache/incubator-edgent/commit/fbcb22f72f157be03660f773f3e54834a1b4f0b5
"""incubator-edgent""",115,,
"""incubator-edgent""",114,,
"""incubator-edgent""",113,https://github.com/apache/incubator-edgent/commit/3c6577bad46645eb78803e871525b2b68e2b6f20,https://github.com/apache/incubator-edgent/commit/db196c18530cbcc2f70c7e8fe1837db9b9ea8e36
"""incubator-edgent""",112,,
"""incubator-edgent""",111,,
"""incubator-edgent""",110,https://github.com/apache/incubator-edgent/commit/aa838aef3266360a00f2040c56b8a958e11ba55d,https://github.com/apache/incubator-edgent/commit/57990c2f6cb967918eba3da2bd3ede6fd6f885dc
"""incubator-edgent""",109,,
"""incubator-edgent""",108,,
"""incubator-edgent""",107,,
"""incubator-edgent""",106,,
"""incubator-edgent""",105,,
"""incubator-edgent""",104,https://github.com/apache/incubator-edgent/commit/c4d6a8559dcadef7d523c2f96cd36994d59524be,https://github.com/apache/incubator-edgent/commit/6ab46289f97bac6d1cc02f2f03e8f4305619ce9a
"""incubator-edgent""",103,,
"""incubator-edgent""",102,,
"""incubator-edgent""",100,,
"""incubator-edgent""",99,https://github.com/apache/incubator-edgent/commit/70e53d72dd5d644aecaa6703bb19d16b49d6546d,https://github.com/apache/incubator-edgent/commit/734f146376120f0b4b30811ff66caf182c22493e
"""incubator-edgent""",98,,
"""incubator-edgent""",97,,
"""incubator-edgent""",96,,
"""incubator-edgent""",95,,
"""incubator-edgent""",94,,
"""incubator-edgent""",93,,
"""incubator-edgent""",92,,
"""incubator-edgent""",91,,
"""incubator-edgent""",90,,
"""incubator-edgent""",89,,
"""incubator-edgent""",88,,
"""incubator-edgent""",86,,
"""incubator-edgent""",84,,
"""incubator-edgent""",83,,
"""incubator-edgent""",80,,
"""incubator-edgent""",79,https://github.com/apache/incubator-edgent/commit/921f6eb75dbce69025f0e1ebc87668706009ae14,https://github.com/apache/incubator-edgent/commit/03b8df1722fcc1166073ed878c8e5b7d539b4fa9
"""incubator-edgent""",78,,
"""incubator-edgent""",77,,
"""incubator-edgent""",76,,
"""incubator-edgent""",75,https://github.com/apache/incubator-edgent/commit/7a0249bac46c783514089891310b7587397d5a05,https://github.com/apache/incubator-edgent/commit/3668dce9ac379959ebe82dc4667874420d1a9a5e
"""incubator-edgent""",74,,
"""incubator-edgent""",73,,
"""incubator-edgent""",72,,
"""incubator-edgent""",71,,
"""incubator-edgent""",70,,
"""incubator-edgent""",69,,
"""incubator-edgent""",68,,
"""incubator-edgent""",67,,
"""incubator-edgent""",66,,
"""incubator-edgent""",65,,
"""incubator-edgent""",64,,
"""incubator-edgent""",62,,
"""incubator-edgent""",61,,
"""incubator-edgent""",60,https://github.com/apache/incubator-edgent/commit/80d56fa81c310e6eb4f1d8279ea8895a974bfe61,https://github.com/apache/incubator-edgent/commit/f58e8f59602fb4e21ad174bdabff9dce374d59d5
"""incubator-edgent""",56,,
"""incubator-edgent""",55,,
"""incubator-edgent""",54,,
"""incubator-edgent""",52,,
"""incubator-edgent""",51,,
"""incubator-edgent""",50,,
"""incubator-edgent""",49,https://github.com/apache/incubator-edgent/commit/7ed3327fc9e601ea77f8baaa80ef9220e972d40c,https://github.com/apache/incubator-edgent/commit/20a5a4a61509ad869a56d700631b38e58fd91008
"""incubator-edgent""",48,https://github.com/apache/incubator-edgent/commit/20e2204f8f8803a1e1013d7b87095e859c83df78,https://github.com/apache/incubator-edgent/commit/67d5dbee3f90a1bf15924d027969ac61a286e721
"""incubator-edgent""",47,,
"""incubator-edgent""",46,,
"""incubator-edgent""",45,,
"""incubator-edgent""",44,,
"""incubator-edgent""",42,,
"""incubator-edgent""",41,,
"""incubator-edgent""",40,,
"""incubator-edgent""",39,,
"""incubator-edgent""",38,,
"""incubator-edgent""",37,,
"""incubator-edgent""",36,,
"""incubator-edgent""",35,,
"""incubator-edgent""",34,,
"""incubator-edgent""",33,,
"""incubator-edgent""",32,,
"""incubator-edgent""",31,,
"""incubator-edgent""",30,,
"""incubator-edgent""",29,,
"""incubator-edgent""",28,,
"""incubator-edgent""",27,https://github.com/apache/incubator-edgent/commit/813a5a7834d9db4444d26fadb9901dca05fb0210,https://github.com/apache/incubator-edgent/commit/b4e59b5d3c37ebab11e0c184c73f4f363ad427e3
"""incubator-edgent""",26,,
"""incubator-edgent""",25,https://github.com/apache/incubator-edgent/commit/8fdbb0ad3cc8c4f26147e1f7055ebd517b321b84,https://github.com/apache/incubator-edgent/commit/0378b56de132040424bf3ae13b7397862f57ca7c
"""incubator-edgent""",24,,
"""incubator-edgent""",23,,
"""incubator-edgent""",22,,
"""incubator-edgent""",21,,
"""incubator-edgent""",20,,
"""incubator-edgent""",18,,
"""incubator-edgent""",17,,
"""incubator-edgent""",16,,
"""incubator-edgent""",15,,
"""incubator-edgent""",14,,
"""incubator-edgent""",12,,
"""incubator-edgent""",11,,
"""incubator-edgent""",10,,
"""incubator-edgent""",9,https://github.com/apache/incubator-edgent/commit/641d4e572c2d182e2e040d08e2b43a39350fee03,https://github.com/apache/incubator-edgent/commit/e0726c310cefd48e4592d79256d5edeeee4aa052
"""incubator-edgent""",8,,
"""incubator-edgent""",7,https://github.com/apache/incubator-edgent/commit/79214257fdae3bd8b4e9a746ddf680ac84bcc252,https://github.com/apache/incubator-edgent/commit/b97b0a4f601eb9b4edec8ad2ac531d6b0ba32291
"""incubator-edgent""",5,,
"""incubator-edgent""",4,,
"""incubator-edgent""",3,,
"""incubator-edgent""",2,https://github.com/apache/incubator-edgent/commit/e19798b1ef5b9d55152ac6b66bae2dd095ef6c68,https://github.com/apache/incubator-edgent/commit/c600e975f060f73e74c100325c37a49f3e84a645
"""incubator-edgent""",1,,
