repo,pr_number,before_commit,after_commit
"""apex-malhar""",733,,
"""apex-malhar""",685,,
"""apex-malhar""",683,https://github.com/apache/apex-malhar/commit/0bf35cc2e7398575e4d24c8b1c6ca62ded8a6d1f,https://github.com/apache/apex-malhar/commit/c9c9e64b7f9b6c2c0e18c2b84444d0c5177dd2fd
"""apex-malhar""",682,,
"""apex-malhar""",681,https://github.com/apache/apex-malhar/commit/85115da17e7c44adbba32c5c9e47bbc32f6b5933,https://github.com/apache/apex-malhar/commit/934c201d47e824ec5017506908b578749454153c
"""apex-malhar""",680,https://github.com/apache/apex-malhar/commit/361c5ce5159c5cce048762cd29d308c3eb3995c1,https://github.com/apache/apex-malhar/commit/98dcaf77fd58e8b709b1b74f8f43d1621a355969
"""apex-malhar""",679,,
"""apex-malhar""",678,https://github.com/apache/apex-malhar/commit/8ed0004cc510de8f41210b548230a2a036bc7304,https://github.com/apache/apex-malhar/commit/a1683a91da3f44ab0f7f0aae347f007173510f6a
"""apex-malhar""",677,https://github.com/apache/apex-malhar/commit/82b1fd00382ae02efeedb90318ad5ae1940f26ca,https://github.com/apache/apex-malhar/commit/c0bf0d3ac187df5786b98bd83fedb888f4d7a4c4
"""apex-malhar""",676,https://github.com/apache/apex-malhar/commit/e072a56e6e7f4a63b6d1a85c52aff17605873345,https://github.com/apache/apex-malhar/commit/b34614b0452d579ecc80cdf25c281890be0f4723
"""apex-malhar""",675,https://github.com/apache/apex-malhar/commit/673fef63303b3f8cbb9bc60b929403f2afa4af76,https://github.com/apache/apex-malhar/commit/441873583c3620181e2393b70a11d54868e41468
"""apex-malhar""",674,https://github.com/apache/apex-malhar/commit/db930fd7af85f8cdc723053be55c58e5200343c9,https://github.com/apache/apex-malhar/commit/30bfac5a83b54b5909640db41c1e1db9844672ac
"""apex-malhar""",672,https://github.com/apache/apex-malhar/commit/d8b8ab54e9e4ee38bae32c7e225ffce62439859b,https://github.com/apache/apex-malhar/commit/8e43bacba99f89a744498d6112b4853de112de9c
"""apex-malhar""",671,https://github.com/apache/apex-malhar/commit/db429a5adc8a5be58fe3c50c65200a2d323b1b44,https://github.com/apache/apex-malhar/commit/06bbc75ce7e08283b6cb6239cc375be38e7dbb60
"""apex-malhar""",670,https://github.com/apache/apex-malhar/commit/67b45038281cd06a007c55a5d987bcac0459cace,https://github.com/apache/apex-malhar/commit/7f9bc98a44060a4f2c7b1e112a1fab24b858c78c
"""apex-malhar""",669,,
"""apex-malhar""",668,,
"""apex-malhar""",667,https://github.com/apache/apex-malhar/commit/9c2c2903928008ed4f9eabc7e2672015eb5f9492,https://github.com/apache/apex-malhar/commit/06714adb62be439aa4506dcc45705b11de18f8fb
"""apex-malhar""",662,https://github.com/apache/apex-malhar/commit/0fc49be8e6fc151c0092263a3310998c1805633d,https://github.com/apache/apex-malhar/commit/aac5c9baf17b1dc3c10bf1efcbf674f4e475c7f5
"""apex-malhar""",661,https://github.com/apache/apex-malhar/commit/8e1ee3de9bbab609c5868fc4a14ef5f7c97838db,https://github.com/apache/apex-malhar/commit/03daf2cd4b44ab1fcea38efe3a411f4a6e8e454d
"""apex-malhar""",659,https://github.com/apache/apex-malhar/commit/e7606e574ec45d577d41eb9ed9eaf33088e122ff,https://github.com/apache/apex-malhar/commit/f32392aafd9e81f341b664a05403fb7615cfbe32
"""apex-malhar""",658,https://github.com/apache/apex-malhar/commit/7c10f0dcc8508ae0e558c3e38409ef54ac69cd4d,https://github.com/apache/apex-malhar/commit/3f293962588fd575779cbd0ddb12f8c5640c5d18
"""apex-malhar""",657,https://github.com/apache/apex-malhar/commit/eff0344c3ac77fe9f288a5ab89600e421d7caeb3,https://github.com/apache/apex-malhar/commit/b3e3742dad9366b4f9e801f05da9b850d87a76d2
"""apex-malhar""",656,https://github.com/apache/apex-malhar/commit/c31fb75247d48fc58d00841defd0bb0ca42bb755,https://github.com/apache/apex-malhar/commit/ce75f496d00bc420d640ed20bffd56c12cb50fea
"""apex-malhar""",655,https://github.com/apache/apex-malhar/commit/48bb6095f84a42c8b32b616565c77dbf857fad9f,https://github.com/apache/apex-malhar/commit/cbb20a65189c0ec487b550aabef24019c56f46d8
"""apex-malhar""",654,https://github.com/apache/apex-malhar/commit/e05b49e38bda8f7db41583df6da94f0a01a809b5,https://github.com/apache/apex-malhar/commit/58d933e0b8e3209b6b9c1fc9e5456e9c707676a3
"""apex-malhar""",653,https://github.com/apache/apex-malhar/commit/e8c737a2aa8fa07b1c8b99f12c61eb44e76ee327,https://github.com/apache/apex-malhar/commit/0a42cda8490b120fc575df413e15cbf69e28294d
"""apex-malhar""",652,https://github.com/apache/apex-malhar/commit/2459d7a179749c843cd620c50dcbead336832ff8,https://github.com/apache/apex-malhar/commit/bcdb73751624d8e963213dd7dfe5c07d45bc3cae
"""apex-malhar""",650,,
"""apex-malhar""",649,https://github.com/apache/apex-malhar/commit/8ad88463833ff8727148c34321fc3d1450663faa,https://github.com/apache/apex-malhar/commit/26ac5646c9ff33ad84a7ee42f41aff7fe0c023ff
"""apex-malhar""",648,,
"""apex-malhar""",647,https://github.com/apache/apex-malhar/commit/1eb93b075f187926e7821175f10fedbbd99357b2,https://github.com/apache/apex-malhar/commit/9694e0821bd8609265818023d47a1d0b9558953f
"""apex-malhar""",646,https://github.com/apache/apex-malhar/commit/a44ae2078adbaf5cf0d1a87a05b7ee852841eae0,https://github.com/apache/apex-malhar/commit/686fd63a6570a738fcaef704413ff450d1f58ee7
"""apex-malhar""",645,https://github.com/apache/apex-malhar/commit/69676024007ab2cc7be4840858eeaaad3fc1b1ae,https://github.com/apache/apex-malhar/commit/afb4252435745669bc999c8a6b4e7fa2b58cf096
"""apex-malhar""",644,https://github.com/apache/apex-malhar/commit/df4798e3a7e048e25cc7790951d7462dab257cd3,https://github.com/apache/apex-malhar/commit/ea9e424eeaf8c3eb2085cc8f48ec4101b977e54a
"""apex-malhar""",641,https://github.com/apache/apex-malhar/commit/c280bc7aa063f1363533dd92bd3a442b9f856c8d,https://github.com/apache/apex-malhar/commit/7862fb3fff86f3672824db0589c64d9fbb631d0e
"""apex-malhar""",639,https://github.com/apache/apex-malhar/commit/b72efca91bca7977f6b49e4d937a5a25a1baabd8,https://github.com/apache/apex-malhar/commit/a37869e9a253226dcd9ba55014d6dbcd8d95a308
"""apex-malhar""",638,https://github.com/apache/apex-malhar/commit/a773ffda70e5225f17ad473d2485342a5f47a4a6,https://github.com/apache/apex-malhar/commit/a725639a30d2a3aa1b370e3e272531cbed032c71
"""apex-malhar""",637,https://github.com/apache/apex-malhar/commit/1e4d4d02302c9d77fe9c8ca29afbd4a1da86d4f6,https://github.com/apache/apex-malhar/commit/4df68580e9ab9b3b2c95f0c177875ef81c72a3f1
"""apex-malhar""",634,,
"""apex-malhar""",633,,
"""apex-malhar""",632,https://github.com/apache/apex-malhar/commit/776d61ef8773648f2a06e34520b90f54890af9ca,https://github.com/apache/apex-malhar/commit/480b974c0988c370a5a739cbd9d3bf44aa86e664
"""apex-malhar""",631,https://github.com/apache/apex-malhar/commit/e08ccd091ff23eac38ecf7997230262c772cbdc1,https://github.com/apache/apex-malhar/commit/07869c82986dd721346aeb6c7e552175db27141d
"""apex-malhar""",629,,
"""apex-malhar""",628,https://github.com/apache/apex-malhar/commit/cb5b8098627b74ef27281c7f73593c61efc9130b,https://github.com/apache/apex-malhar/commit/349be9d9d9c02f0e114fc313ed3daf36b9456cf3
"""apex-malhar""",627,https://github.com/apache/apex-malhar/commit/25c7840e5cbd08a8133030e6952ab63e9f263de3,https://github.com/apache/apex-malhar/commit/15e42c991f0ea08626d5ad3fd33786501cc911b6
"""apex-malhar""",625,https://github.com/apache/apex-malhar/commit/3fb3b4e039b2d20e68a5565edbd0a02b97e2e815,https://github.com/apache/apex-malhar/commit/df13332c16f4ff1c2ccc434b0fdd25321fada0fb
"""apex-malhar""",624,https://github.com/apache/apex-malhar/commit/7e36bbbb663d4eb9ff3cde0cc7d380cf84f0ea2e,https://github.com/apache/apex-malhar/commit/59b458864ada5895d065b6deabb62eb2918f91ec
"""apex-malhar""",623,https://github.com/apache/apex-malhar/commit/ca336669a080435d5bda07daf8d702fb5eb2919e,https://github.com/apache/apex-malhar/commit/d6f9ed580d07f79ce825ff2403fccaa8a47e1764
"""apex-malhar""",622,,
"""apex-malhar""",621,https://github.com/apache/apex-malhar/commit/a850bcf5a5b56cefee997dbae84921662c2e39bc,https://github.com/apache/apex-malhar/commit/2493bcbf508fcc9570c6e5798217e7feb55ccb7e
"""apex-malhar""",620,https://github.com/apache/apex-malhar/commit/265eec662546c88138fe290856c44880dcae3c3e,https://github.com/apache/apex-malhar/commit/1c902dfb22b5f815f9b5ec5441e646beec424ced
"""apex-malhar""",619,,
"""apex-malhar""",618,https://github.com/apache/apex-malhar/commit/86373e9c3eeb54ee4a3998cc60d5884e1fc00edd,https://github.com/apache/apex-malhar/commit/8e44a9cab014aa40e25d06ca324ef5fd70aec152
"""apex-malhar""",617,,
"""apex-malhar""",616,https://github.com/apache/apex-malhar/commit/00269877bc953404e9973e11287bb7e016383adb,https://github.com/apache/apex-malhar/commit/3530fd93a98cf027c0cc76060ead3d9cf7852cb6
"""apex-malhar""",610,https://github.com/apache/apex-malhar/commit/ecaa4f0d3831e6ddbb9554f0c1fc52c47cc2f383,https://github.com/apache/apex-malhar/commit/b5c003c94d19b1308f62dc91515e82a660024264
"""apex-malhar""",608,https://github.com/apache/apex-malhar/commit/fbf6674f92b5afd968516b0ece404d53f53ee774,https://github.com/apache/apex-malhar/commit/c830f5e4f5390e93202b3b99f5a0398cb44592b0
"""apex-malhar""",607,https://github.com/apache/apex-malhar/commit/9492c1351d1c99c1e38102fe7a67880c2d7c1720,https://github.com/apache/apex-malhar/commit/2fe2903bfe65055c7fd361a97549b6e7e12d4289
"""apex-malhar""",606,https://github.com/apache/apex-malhar/commit/e7d4496cd6833512b7c9a3bc4a18543c301740fa,https://github.com/apache/apex-malhar/commit/fc234b1df959e96e1ca97ee98d364d39c87bfaaa
"""apex-malhar""",605,https://github.com/apache/apex-malhar/commit/6be30b7e0a8d1f76a215a8e3286c170bc1e4e7d0,https://github.com/apache/apex-malhar/commit/118a75f5e78fb7d125f84f996f0bb3c157923d25
"""apex-malhar""",603,https://github.com/apache/apex-malhar/commit/c26e07e37aaaeb533e50aecdc1d07ac850e75640,https://github.com/apache/apex-malhar/commit/a4551b42fbcdffa615937c314a918af11e581674
"""apex-malhar""",602,https://github.com/apache/apex-malhar/commit/d85ab09e5fe19b9ec94f7937a9bd2d182369fd49,https://github.com/apache/apex-malhar/commit/42b2875ec75c968f75994811e4daaacd44fca827
"""apex-malhar""",601,https://github.com/apache/apex-malhar/commit/5bb45cc445bead387eda05fffa1fc83c6e9c577a,https://github.com/apache/apex-malhar/commit/3b813506197ac95cff047322a20f123323c174d8
"""apex-malhar""",600,https://github.com/apache/apex-malhar/commit/36214408a8d377174672e98195d20ded07a30e54,https://github.com/apache/apex-malhar/commit/b42d8e741cf2c8241749351b31e8fd7fef546916
"""apex-malhar""",598,https://github.com/apache/apex-malhar/commit/b216db7623778055a0bb616c492f99a94b34f26e,https://github.com/apache/apex-malhar/commit/2f70751e7852cc8e2be94189e1bbf8be85a19559
"""apex-malhar""",596,https://github.com/apache/apex-malhar/commit/fab14222190082d82356a9cba007be18cef75e45,https://github.com/apache/apex-malhar/commit/c3f86f237f6c1253964065a2a309947585a206e4
"""apex-malhar""",595,https://github.com/apache/apex-malhar/commit/6ed2c9e99cc2193970473edb34c66a678fe60fe2,https://github.com/apache/apex-malhar/commit/b8ca9d63f9ab5996358cb8c874bf6b3ae463d33e
"""apex-malhar""",594,https://github.com/apache/apex-malhar/commit/1fdbe1bb3f9343caaf5081e4efef7992dc3ffd82,https://github.com/apache/apex-malhar/commit/dd80369d4177bd8ce31b16562fbcdca792ae1ac7
"""apex-malhar""",592,https://github.com/apache/apex-malhar/commit/33e42d3d0b0cc0fbc721292132c30650bd68e26d,https://github.com/apache/apex-malhar/commit/456646a484252828513d1a81589d22d639eb1834
"""apex-malhar""",589,https://github.com/apache/apex-malhar/commit/3760fff72cc843ddcc83e4418730990754e2cd7a,https://github.com/apache/apex-malhar/commit/be9f3c8dd9816ede2467aa16228766918d646d67
"""apex-malhar""",587,https://github.com/apache/apex-malhar/commit/57ea27fc8aef4647d0e433f1e7aa4c2a7959e0c8,https://github.com/apache/apex-malhar/commit/611701c3df6bf95148fc9e3a6445efeee26581f4
"""apex-malhar""",586,,
"""apex-malhar""",585,https://github.com/apache/apex-malhar/commit/2eed79412e2747d100989330b51b25b449f90b79,https://github.com/apache/apex-malhar/commit/b8a83a451875d615417f67808bbdf47a9ea607e7
"""apex-malhar""",584,https://github.com/apache/apex-malhar/commit/ce139b67ed99a36a7be904a082dbc608f83a817e,https://github.com/apache/apex-malhar/commit/02a441d57ff8a508e3f80191219a5782abbc193b
"""apex-malhar""",582,,
"""apex-malhar""",581,https://github.com/apache/apex-malhar/commit/d4b55e5630dfc4a45d8e7480eb78749efaf9eeb6,https://github.com/apache/apex-malhar/commit/e29b7c6de8187cb1f2209a495dd0caac97c4dd61
"""apex-malhar""",580,https://github.com/apache/apex-malhar/commit/816b85c55712e4432b49d3d66135c4447d15dc87,https://github.com/apache/apex-malhar/commit/7f1abca75017649eff1bb365d9048045eebaf088
"""apex-malhar""",576,https://github.com/apache/apex-malhar/commit/c096ea536abcd302d93a8237184ab2c7a14ae0e9,https://github.com/apache/apex-malhar/commit/02e107547ed924caad8945971383aa081e0ec483
"""apex-malhar""",575,,
"""apex-malhar""",574,https://github.com/apache/apex-malhar/commit/21db7490457e42592a8f1dd430f366e1336145d7,https://github.com/apache/apex-malhar/commit/c7fb0a3046f5aa160bdc4b6e2999e7d0aa56c12a
"""apex-malhar""",572,https://github.com/apache/apex-malhar/commit/3702fd777d1184f2630eb0a2a5b0cd9ff99ce314,https://github.com/apache/apex-malhar/commit/6dcd821208ce33cf5a0fd9472e882e17cf524731
"""apex-malhar""",570,https://github.com/apache/apex-malhar/commit/f49b23f124a0b64a6c53d68b479c0beb410d10e4,https://github.com/apache/apex-malhar/commit/c46398f11fef77af25391ac48d03075f00e61d74
"""apex-malhar""",569,https://github.com/apache/apex-malhar/commit/272abe9cfa7f1f6323bfab51f7986e0e94f6fb6e,https://github.com/apache/apex-malhar/commit/d5c24dc8e283688f76fd41b3a57f9a2c1464593b
"""apex-malhar""",568,,https://github.com/apache/apex-malhar/commit/4b36bf3e59ecea40e7f3cc1a70636ca263c5f21f
"""apex-malhar""",566,https://github.com/apache/apex-malhar/commit/e2b1d31e5e69c0515db68baccf1fb97f8f7077c0,https://github.com/apache/apex-malhar/commit/e035d61fe651afed51c67613374de455ae5febe0
"""apex-malhar""",565,https://github.com/apache/apex-malhar/commit/b72e5b3298c653f0dbbbf63728f2e9a73faf9e25,https://github.com/apache/apex-malhar/commit/176c5efe89b8d59930fe5ddea8e65fec58bcbff6
"""apex-malhar""",563,https://github.com/apache/apex-malhar/commit/84901f48973561f8116ab7e0e7a8eec33499a09e,https://github.com/apache/apex-malhar/commit/d5bf96cac175cfd7e2d4a0effad1f057c0e8c604
"""apex-malhar""",562,https://github.com/apache/apex-malhar/commit/24ae3cad0eb8513f1254cac30df1cabea2da2d3a,https://github.com/apache/apex-malhar/commit/8d55cb2a66e1ab37a3dccd00c0f6baf422ba1902
"""apex-malhar""",561,https://github.com/apache/apex-malhar/commit/5cfdf81655d1b9c597e5a61e6789643225fdb158,https://github.com/apache/apex-malhar/commit/545576d5d2ca3e393e6931c98b28a2f02d8958ad
"""apex-malhar""",560,,
"""apex-malhar""",558,,
"""apex-malhar""",556,https://github.com/apache/apex-malhar/commit/e7a24e325534f13e6b3a4131f248ac517a97398b,https://github.com/apache/apex-malhar/commit/c5af27b1ee5dc430a42c01c112e0f6bd84a5ac07
"""apex-malhar""",555,https://github.com/apache/apex-malhar/commit/0c0a8cf690742fbec3b98d32641bf6bdbaf9a166,https://github.com/apache/apex-malhar/commit/6c42103f8a9721649d2c6ce3905cffc8baf61fb9
"""apex-malhar""",554,https://github.com/apache/apex-malhar/commit/a00a4c78986837725d6c129f8b7aaa182134d500,https://github.com/apache/apex-malhar/commit/22c65c4c0c402d39e6a50ae77ba2f04b9bc657b1
"""apex-malhar""",551,https://github.com/apache/apex-malhar/commit/6be3fa7dbbf7625d9d1ef278c45badd537de299a,https://github.com/apache/apex-malhar/commit/a26a9f8b2940986db313957fd3c9969489ab47ee
"""apex-malhar""",550,https://github.com/apache/apex-malhar/commit/711313f2e7bd2f2128d13e79dca3a5a00817230d,https://github.com/apache/apex-malhar/commit/39ca1819a09e35eebc49ca66efe6efbe802a54e3
"""apex-malhar""",549,https://github.com/apache/apex-malhar/commit/8f4c33cbee885dc80d0d106bfd7aa97684985a73,https://github.com/apache/apex-malhar/commit/cf60959a7cc7041d5fa0e9512540f50cd6500146
"""apex-malhar""",548,https://github.com/apache/apex-malhar/commit/e3959cf7863769b06829472078a6e5b7b02d5f5a,https://github.com/apache/apex-malhar/commit/bc464ab55de19433a3b20b628a5f8b7cc5face1d
"""apex-malhar""",547,,
"""apex-malhar""",545,https://github.com/apache/apex-malhar/commit/f5a2c0e90c836d3e062a16d4990705c3289dbb44,https://github.com/apache/apex-malhar/commit/f29c7d45b92cacda80de8bb218d5db8235fb2d68
"""apex-malhar""",544,https://github.com/apache/apex-malhar/commit/fef7d38d5d9fb1616f7ad860b3dc274e585e8769,https://github.com/apache/apex-malhar/commit/0d0e448ba10f26ff07cfbc71ea76130ce4e8f1e4
"""apex-malhar""",543,https://github.com/apache/apex-malhar/commit/e1ab0007a48a2061c0b58b20179eded4e9021324,https://github.com/apache/apex-malhar/commit/4587a55c0bc7b178ea6fc13a49db4cd7b1ac1ebb
"""apex-malhar""",542,https://github.com/apache/apex-malhar/commit/47c7fc7a05e35b17b73cdef2b0d710469e97be69,https://github.com/apache/apex-malhar/commit/ec7b480ac48402f1c1b0bc765c5730776ff4f15e
"""apex-malhar""",541,,
"""apex-malhar""",540,https://github.com/apache/apex-malhar/commit/d10d96399ded2e0d8b0c385ab1b605faaeee2626,https://github.com/apache/apex-malhar/commit/623b803f5b960b3e33054e2b60e8c156b7b0150a
"""apex-malhar""",539,https://github.com/apache/apex-malhar/commit/a03772e6e1971333cad549ef3e7c340871e86e4c,https://github.com/apache/apex-malhar/commit/5528a4c639a87dbfaba4a2bae68ac99971c66224
"""apex-malhar""",537,https://github.com/apache/apex-malhar/commit/f00a00966a4b00bdb7822eeca7f772c953e1e329,https://github.com/apache/apex-malhar/commit/7527d79657363a61c21323ce38e47c1549ee63c3
"""apex-malhar""",535,https://github.com/apache/apex-malhar/commit/67075f27451d928439d282f1643c00e2a540e67c,https://github.com/apache/apex-malhar/commit/80e6a0846fdc437d995e85395b4567de6556d32e
"""apex-malhar""",534,https://github.com/apache/apex-malhar/commit/85f050337d1b53f9b0daf1f29267abebed4390ba,https://github.com/apache/apex-malhar/commit/1290c72649cd925fa795fd1234b29499ecb87189
"""apex-malhar""",533,https://github.com/apache/apex-malhar/commit/0b188070d7e97662b9dab0ff4808fbcb15e8600d,https://github.com/apache/apex-malhar/commit/b60cf6eb88f5b90be519fae0096477c32e1cea0c
"""apex-malhar""",531,,
"""apex-malhar""",530,https://github.com/apache/apex-malhar/commit/6ada96bcf538a4c5fa885ef33041c34703b02850,https://github.com/apache/apex-malhar/commit/16b15c21be47eea7ff262cd5dd7eb44d824736b5
"""apex-malhar""",529,https://github.com/apache/apex-malhar/commit/9d53f3500fcc57fe3cca1e5413b28386f90be8e8,https://github.com/apache/apex-malhar/commit/af26124f1b6ce3a45c172125c5093b3a1d93ed63
"""apex-malhar""",528,,
"""apex-malhar""",527,https://github.com/apache/apex-malhar/commit/aac7ac790145f1aadba315729d55654277c047a2,https://github.com/apache/apex-malhar/commit/70154f641be38dd07512e7c45bb0e67254af6fb5
"""apex-malhar""",526,https://github.com/apache/apex-malhar/commit/6303ddcc3c8acf95e52af62128ec683582cd8ff4,https://github.com/apache/apex-malhar/commit/1816f78fafa8d0617ea1cac9de6637c85f388056
"""apex-malhar""",525,,
"""apex-malhar""",524,https://github.com/apache/apex-malhar/commit/d270f3baef77a7cc36d3356320d5a887f0e69d3a,https://github.com/apache/apex-malhar/commit/964079f45dab4b8008003e539d251056b22a6a08
"""apex-malhar""",523,https://github.com/apache/apex-malhar/commit/5f5407cfea252d8962d97f166044f8711d4f3711,https://github.com/apache/apex-malhar/commit/cf896b055723786bfe610fe1679408db07943a0d
"""apex-malhar""",520,https://github.com/apache/apex-malhar/commit/df337fee2895bda4873bba532faa3ed420a7320e,https://github.com/apache/apex-malhar/commit/21aa3d6cf2f4be3fc5297252bc8ef6de15d27f62
"""apex-malhar""",519,,
"""apex-malhar""",518,https://github.com/apache/apex-malhar/commit/511795d80f9b765f3c9573147ffe3f45b8283292,https://github.com/apache/apex-malhar/commit/875e47c7a74b7740c28b8fddd12bc990e9f8ae0a
"""apex-malhar""",517,https://github.com/apache/apex-malhar/commit/7e3c02a614647c769bad3a980836f6e7fa7f265f,https://github.com/apache/apex-malhar/commit/bb3dca1b4f4bc770d422f8683919bbe70cdc41d9
"""apex-malhar""",516,https://github.com/apache/apex-malhar/commit/0e54b19e8a113ca5ed7113fe1b86cda3471692d4,https://github.com/apache/apex-malhar/commit/1ae14c03a73e2814b57ce06680db57da80f0b42b
"""apex-malhar""",515,https://github.com/apache/apex-malhar/commit/ed59b8fdb775d6c1bff8f951e3482025d00912d5,https://github.com/apache/apex-malhar/commit/4edbec89e4b6855e2f4a7517ca5538df0ad2a35e
"""apex-malhar""",514,https://github.com/apache/apex-malhar/commit/e2931e95f709ea1f532d15d619b705bdeeb64e05,https://github.com/apache/apex-malhar/commit/b2b135df218422d5966a5db7fb0add749564bb1f
"""apex-malhar""",513,https://github.com/apache/apex-malhar/commit/008c29682903cf7afab1eb1f0fa67312653497b1,https://github.com/apache/apex-malhar/commit/ee77dc654692c6a780c9f54a98f838c5f14e6527
"""apex-malhar""",512,https://github.com/apache/apex-malhar/commit/928e233cb2c736b533197f20cd6450ed84a1b2b5,https://github.com/apache/apex-malhar/commit/1683e6e949b16601f1aef195cf73404dce2efe7f
"""apex-malhar""",508,,
"""apex-malhar""",507,https://github.com/apache/apex-malhar/commit/3b67ff8addf41edcb5a25ae3f430b5475ff8d827,https://github.com/apache/apex-malhar/commit/e01cf9c447a34791e6de5efb160f91ac20a87df9
"""apex-malhar""",506,https://github.com/apache/apex-malhar/commit/e8f92fb20c505b03c06c45dbe12eebaf31c0e013,https://github.com/apache/apex-malhar/commit/c7b8bccb4fbb3dcc66e6552e37be1986ac4459bb
"""apex-malhar""",505,https://github.com/apache/apex-malhar/commit/00def1e41e61a4450aeebbaa69fa6d0ef9c0bafb,https://github.com/apache/apex-malhar/commit/645d9d1fcd4fc74c3cfb6058ef9884801869823d
"""apex-malhar""",502,https://github.com/apache/apex-malhar/commit/dffa12154c425df621e3a8db9b6a75f42026c762,https://github.com/apache/apex-malhar/commit/7e22686b1041ad537e633a380db4ee9d7459435f
"""apex-malhar""",496,,
"""apex-malhar""",494,https://github.com/apache/apex-malhar/commit/81bde6f1ef09bff0b76c53cbad01f1aaa631fa42,https://github.com/apache/apex-malhar/commit/a75b093df7f06dbb685d251a860b26ae333dbb96
"""apex-malhar""",493,https://github.com/apache/apex-malhar/commit/91b197ab17852d3b7a244e5f7ca4cd4671be7a9d,https://github.com/apache/apex-malhar/commit/a25b6140cac9653b10657061a2b59d7404ecf56a
"""apex-malhar""",492,,
"""apex-malhar""",489,https://github.com/apache/apex-malhar/commit/fef2d56d5eed0ae18d453b9e3c39229c952d2925,https://github.com/apache/apex-malhar/commit/243dceb56447afa0fa6528bcf96a63706652b582
"""apex-malhar""",487,https://github.com/apache/apex-malhar/commit/ecccdb3e05457741c9cab4a2ad9d07043c8a48d9,https://github.com/apache/apex-malhar/commit/28b89176ce5468f04371dd19d9e49fe030f44248
"""apex-malhar""",486,https://github.com/apache/apex-malhar/commit/a3bd0e0a295f8028270aec9d150ffe7234d0a1f6,https://github.com/apache/apex-malhar/commit/10dd94ef56e81a795a9a7295e74b686ffd79b255
"""apex-malhar""",483,https://github.com/apache/apex-malhar/commit/cb286819121e934ea862e5d70fbf15258dda18b5,https://github.com/apache/apex-malhar/commit/a5e8fa3facca750f5d7402c2c29e7cbabe53bd9e
"""apex-malhar""",482,https://github.com/apache/apex-malhar/commit/ed931fd49ae3c7c9d3a17a0ca9bd7e492c914bc2,https://github.com/apache/apex-malhar/commit/42b4b1454c5b30feedcfde5ab2eadff83efc06cd
"""apex-malhar""",480,https://github.com/apache/apex-malhar/commit/e6159489d8ff2023b32e63fefd541361efd014c4,https://github.com/apache/apex-malhar/commit/65488fd6e585ee18d084d05f5a44329eb62753f4
"""apex-malhar""",479,https://github.com/apache/apex-malhar/commit/ec4074b429b0f4a5ddad263a15c0535b7ac442c8,https://github.com/apache/apex-malhar/commit/6b0e931ce6f676273ff1978c03be5f2e237c050d
"""apex-malhar""",478,https://github.com/apache/apex-malhar/commit/d43b6b618f82ce3f3898d7836e533b922dbf710c,https://github.com/apache/apex-malhar/commit/0500e0ea4ef335fd653c1eb9d9cebdfb8281faea
"""apex-malhar""",477,https://github.com/apache/apex-malhar/commit/3882c85055fcc17c6ed86fd4a0f343efa786b91a,https://github.com/apache/apex-malhar/commit/8e3a0c0b09ff2b95d7792e69b573d85a29515cb3
"""apex-malhar""",472,https://github.com/apache/apex-malhar/commit/6ed951515bc4dc702afc949a841d23d611d0fa27,https://github.com/apache/apex-malhar/commit/9db044741a32d466c2df4d1582ca707fcce47402
"""apex-malhar""",470,https://github.com/apache/apex-malhar/commit/d8b5fe7bdcbb3cbdaa7a1ddda822ead3f3fbb7af,https://github.com/apache/apex-malhar/commit/ea1b58f72e69ce0e1bfd35eb8b4b6756b1a5e0a0
"""apex-malhar""",469,https://github.com/apache/apex-malhar/commit/65d8f22a1ac5783bd484da4199b9cbceb75e4326,https://github.com/apache/apex-malhar/commit/87d8aef7c11a98aad0152655c5ea79a6358b87dd
"""apex-malhar""",468,https://github.com/apache/apex-malhar/commit/87473a86e36b9aebc908d325554009e60d760664,https://github.com/apache/apex-malhar/commit/3f973043f5d343bcf7cb067269377e4e08c76aff
"""apex-malhar""",467,https://github.com/apache/apex-malhar/commit/fc11154f5e8b5df72cf3be1339b74244a09034bb,https://github.com/apache/apex-malhar/commit/1a9c75be9bd3fe670fca8c31ff001a0fca931c05
"""apex-malhar""",466,https://github.com/apache/apex-malhar/commit/ff6290cd331cdff8ddd52f368ae9d9b1d7680538,https://github.com/apache/apex-malhar/commit/664257b4a90d200137c4254428aa806dcd55c92d
"""apex-malhar""",465,https://github.com/apache/apex-malhar/commit/de51fbb2d8d14be57d2d8a0d3fdb095fbb344c20,https://github.com/apache/apex-malhar/commit/2fa1e6b16312eecdd074520d431902f11d555221
"""apex-malhar""",464,https://github.com/apache/apex-malhar/commit/0fb8e887c21146f1ca5986d84d86491af44e00f3,https://github.com/apache/apex-malhar/commit/2b775968a40853a10c487176660c813de8d36acb
"""apex-malhar""",463,https://github.com/apache/apex-malhar/commit/47f29f39393a4e43c8423153d32d12c9622872b5,https://github.com/apache/apex-malhar/commit/c4f788d5a140bcc14bf9782f4021c0af4712f075
"""apex-malhar""",462,,
"""apex-malhar""",460,https://github.com/apache/apex-malhar/commit/e0278d1b1739787de79e52271d23f1f32d01dfbf,https://github.com/apache/apex-malhar/commit/1bd113921a0f25b7e09a84514f7020bce3dd9aba
"""apex-malhar""",458,https://github.com/apache/apex-malhar/commit/44e59c0d39dce3ba0fa5ce917833d651bc64a4a4,https://github.com/apache/apex-malhar/commit/2cf8bade8f2b4505a915ff3cfca79424f5ec2df1
"""apex-malhar""",457,https://github.com/apache/apex-malhar/commit/c7c16e7322b20a870e60ea05e9ebd7b7e028bc2f,https://github.com/apache/apex-malhar/commit/b43818bce0da0ee94458b983061c726724c3bf14
"""apex-malhar""",456,https://github.com/apache/apex-malhar/commit/b6f94967a3ee0b774a3a3f2989afee8154d686fe,https://github.com/apache/apex-malhar/commit/2f308aa21dacff082f854d583df6dff9d1ec30ec
"""apex-malhar""",455,https://github.com/apache/apex-malhar/commit/d56e0b7749b51fbff2a950b12cc26ec8b7d40698,https://github.com/apache/apex-malhar/commit/5ae58d039dfba2b9debcc8e42f4f328e34d5bdc2
"""apex-malhar""",454,https://github.com/apache/apex-malhar/commit/ff4ff07f4e2b989d68fc3e03b8e86ee3df7fb8af,https://github.com/apache/apex-malhar/commit/c118884ff351e06d6ad86d9fd9e2de497e1ac356
"""apex-malhar""",453,https://github.com/apache/apex-malhar/commit/83ba1a6b5bb3648bf801bb9995de62892e04e1ae,https://github.com/apache/apex-malhar/commit/7477502f3732cf11afc4cb611ddf465367d5c303
"""apex-malhar""",452,https://github.com/apache/apex-malhar/commit/cff582f5581bd07e5ca3398a63b171fccd069785,https://github.com/apache/apex-malhar/commit/c3d3a880d17181b628d28874545f5ba34effefd0
"""apex-malhar""",451,https://github.com/apache/apex-malhar/commit/672e6770a500850dfccabbd97ce66214c31cf71c,https://github.com/apache/apex-malhar/commit/9eadce12c535f31aac0e46c87f7836af78e00a4a
"""apex-malhar""",450,https://github.com/apache/apex-malhar/commit/2825fe3541b48f4dd42c7685b4b2d204ede26113,https://github.com/apache/apex-malhar/commit/e4908ddc266a8603a0ee2f42de6e12b67faf3a27
"""apex-malhar""",448,https://github.com/apache/apex-malhar/commit/5b64dbc2997f95e04ae0919fc699e88f2fdfa357,https://github.com/apache/apex-malhar/commit/0abb698e5c784c8813943065acccda1993f8cb5d
"""apex-malhar""",447,https://github.com/apache/apex-malhar/commit/bbf1ac4276a60504b239db8818614faea72ef1bd,https://github.com/apache/apex-malhar/commit/0870480a4ebf2c688e775d677c10d010871eb100
"""apex-malhar""",446,https://github.com/apache/apex-malhar/commit/ead46e689a8bac5eccb21850255a0382e392b4ca,https://github.com/apache/apex-malhar/commit/9febcc0ca1f0e18820ed3029048c3219bf5e5a3e
"""apex-malhar""",444,https://github.com/apache/apex-malhar/commit/beb736d80660e04a0e598a76bd498df5d22d6dd1,https://github.com/apache/apex-malhar/commit/07812a90394c92ae7c4b0587edf910f7ed330793
"""apex-malhar""",442,,
"""apex-malhar""",441,https://github.com/apache/apex-malhar/commit/94e9a635ae66740df8b7a0f65875c94f2fd1bd43,https://github.com/apache/apex-malhar/commit/0f84424720268e1eebb06992bcda00d2e7d591d4
"""apex-malhar""",437,https://github.com/apache/apex-malhar/commit/ab7bab27c340ed7a33217389f9b1c3f39eac4beb,https://github.com/apache/apex-malhar/commit/5a0d1ebc07900811cbe57aa7f2867d9e4574d4cf
"""apex-malhar""",436,https://github.com/apache/apex-malhar/commit/a0abf8442f408034b70ec5e914afe7629b592f08,https://github.com/apache/apex-malhar/commit/9f04db7f6d33d2bcc9ca610e130c5694b58416af
"""apex-malhar""",435,,
"""apex-malhar""",434,https://github.com/apache/apex-malhar/commit/6d8ac0d26b87d6d918d316d5acfb8eabaa9b173a,https://github.com/apache/apex-malhar/commit/16edf3067226735682ecce63eedd0b120a708427
"""apex-malhar""",433,,
"""apex-malhar""",432,https://github.com/apache/apex-malhar/commit/ca9604990dbf6d463815ef74a4902a5a1a8bc61d,https://github.com/apache/apex-malhar/commit/c92ca15e81395d01ece037413d4426d5824b6670
"""apex-malhar""",431,,
"""apex-malhar""",430,,
"""apex-malhar""",428,https://github.com/apache/apex-malhar/commit/3c1f1e96c274e75b0e4acb651cf367e4a37a879e,https://github.com/apache/apex-malhar/commit/37991576d826c2ac30a077b0774a3fbada3c1f9c
"""apex-malhar""",427,https://github.com/apache/apex-malhar/commit/feb0bc65903a85b83febaf2910eb7215bd9e2cec,https://github.com/apache/apex-malhar/commit/0852c659400a2bd484a72d4539cdbaced1c5239f
"""apex-malhar""",426,,
"""apex-malhar""",425,https://github.com/apache/apex-malhar/commit/97a5e62bd963d7bc45dddf93c982073e675f6ef4,https://github.com/apache/apex-malhar/commit/2e96e06e1dcd1993ff21976c9b5a6bde700e0b04
"""apex-malhar""",424,https://github.com/apache/apex-malhar/commit/d7af4aa5fc3a3c6b0cd83243e2655a1f9c4ad839,https://github.com/apache/apex-malhar/commit/c19c80d8882fd530926093d8ce6b81c0503febc3
"""apex-malhar""",423,https://github.com/apache/apex-malhar/commit/92a474d4c71e9179c2faeb0f7670b73d2189dba9,https://github.com/apache/apex-malhar/commit/c89e636217a3416908fce7d57503f937cbdea2e9
"""apex-malhar""",422,,
"""apex-malhar""",421,,
"""apex-malhar""",420,https://github.com/apache/apex-malhar/commit/36c36150de63d6d12172c163f894c7809a14a345,https://github.com/apache/apex-malhar/commit/352e2d92cb551c0fa4489f729379c32ad47b08a2
"""apex-malhar""",418,https://github.com/apache/apex-malhar/commit/7c50c9996407cf3cd04e076580095145b8526577,https://github.com/apache/apex-malhar/commit/fd20718a7e7fd832eb0cce59b6d5ef9d3b388e40
"""apex-malhar""",417,https://github.com/apache/apex-malhar/commit/f59dfe1193d282fa96743be7f800b1d6e1c2882d,https://github.com/apache/apex-malhar/commit/e082133a14c48d90274b130fc7a42e655c515979
"""apex-malhar""",416,,
"""apex-malhar""",415,,
"""apex-malhar""",414,https://github.com/apache/apex-malhar/commit/6440622c85c962f571ded4298fcb1d6e92f71b0c,https://github.com/apache/apex-malhar/commit/aeb10f33d54b6b661cb4f776a4cad0e41d5375c3
"""apex-malhar""",413,,
"""apex-malhar""",412,https://github.com/apache/apex-malhar/commit/7f3fc5b0ac4484b5b5c480f1779bfe41d1fa55a2,https://github.com/apache/apex-malhar/commit/b6c48bb30bc1ba58ddb547c9c6bcad1ef3547a38
"""apex-malhar""",411,https://github.com/apache/apex-malhar/commit/3b093fd503c992942aceead7e2d95c9299b05236,https://github.com/apache/apex-malhar/commit/b439a72d1349d349175a4490d1f19a74e8026dbe
"""apex-malhar""",410,https://github.com/apache/apex-malhar/commit/96e76e69f53219f58260bdaf0674c2517d73c260,https://github.com/apache/apex-malhar/commit/b811e335621f47fd74114a40af85ca888cff5219
"""apex-malhar""",409,https://github.com/apache/apex-malhar/commit/dd9d3d36390bf3c29304bb38a0c61f36d8a68c0c,https://github.com/apache/apex-malhar/commit/5aa6250d3381f2922a3ce13a93a9bbaa8864b672
"""apex-malhar""",408,https://github.com/apache/apex-malhar/commit/7747d2ede5559f0252662c2d0c22bba40840487b,https://github.com/apache/apex-malhar/commit/7ac4a0ed759b06c382fa54fc148114709c1452f2
"""apex-malhar""",407,https://github.com/apache/apex-malhar/commit/6ae9f2699dc143a1c21d2cc362ddf65f16e12fc5,https://github.com/apache/apex-malhar/commit/9f9da0ee15e00b51d57725c75119c145697bfd64
"""apex-malhar""",406,https://github.com/apache/apex-malhar/commit/abfb978a9ac6cd4d33ba205b5b82396e8cbb210b,https://github.com/apache/apex-malhar/commit/18e49df622c35547944bf1a5d9a14315661d6515
"""apex-malhar""",403,https://github.com/apache/apex-malhar/commit/7317a8ef120eb99dd95192a53aeb3942034d7402,https://github.com/apache/apex-malhar/commit/27272a588c9a5c7a8ba8afd2ff5b4572b4a0e05e
"""apex-malhar""",402,https://github.com/apache/apex-malhar/commit/4be08859ec55da2fb0b2e85bed7431d4e2c5dcf8,https://github.com/apache/apex-malhar/commit/a5ffae6fb6620f374c75e1a0760c4dd6f8cf1c62
"""apex-malhar""",401,https://github.com/apache/apex-malhar/commit/a58a97663841c5dce677f6f2041e2deab41b01b1,https://github.com/apache/apex-malhar/commit/1333910fd8b8a79e74a503fc0a9fa337e93beba0
"""apex-malhar""",400,https://github.com/apache/apex-malhar/commit/da26ce1ae5e5224d665bf649a883b0dc17738b5e,https://github.com/apache/apex-malhar/commit/0885bfad2d1f35287b8a319948cb897f371b9a2e
"""apex-malhar""",398,,
"""apex-malhar""",397,https://github.com/apache/apex-malhar/commit/4c949a023d68bf708184fb2ea7fa259117880272,https://github.com/apache/apex-malhar/commit/61fb774dc0a5318c30cd24b6f9caa30c559db52b
"""apex-malhar""",396,https://github.com/apache/apex-malhar/commit/4666c34709088d12ec3138b5d3137beb0caa28e3,https://github.com/apache/apex-malhar/commit/ffba8a2258f9ced1eb430f13e8909bbdf1c173c7
"""apex-malhar""",395,,
"""apex-malhar""",394,,
"""apex-malhar""",393,https://github.com/apache/apex-malhar/commit/03da7eb24a66c51823a30f82afd2832b525d062a,https://github.com/apache/apex-malhar/commit/98eb4dec1c93052ac8cb91ab8b688e3f030025d8
"""apex-malhar""",392,,
"""apex-malhar""",391,https://github.com/apache/apex-malhar/commit/28c60ceead1b781c2ca87eec72dbae0d5b207656,https://github.com/apache/apex-malhar/commit/c1e4fdde860dcf3348f3ee8e326d881a6ec4a253
"""apex-malhar""",389,https://github.com/apache/apex-malhar/commit/c2c4287bbe44ce77d8f7f3c2d55a413e58e03844,https://github.com/apache/apex-malhar/commit/8f00cefa2a14756a65e0baad48db0d52e2fe66a3
"""apex-malhar""",387,https://github.com/apache/apex-malhar/commit/63cb433386027833b194930aad442bb251ec1de4,https://github.com/apache/apex-malhar/commit/3f30b81a6e123879f33f95bc025c35808860fedc
"""apex-malhar""",385,https://github.com/apache/apex-malhar/commit/90bca25ce9f6856b4d5b42360e52748cc3a1b35c,https://github.com/apache/apex-malhar/commit/f006ac6f557340fe620839debec2f076e1e291af
"""apex-malhar""",384,https://github.com/apache/apex-malhar/commit/d6232d7d4a5d247a86f7124d52f8f1f3fee6587b,https://github.com/apache/apex-malhar/commit/edf9635e005a6366341438970cbcd8a21416f106
"""apex-malhar""",383,https://github.com/apache/apex-malhar/commit/c55aeb4f3600f74b69387a2c8ea119e227e7e4b9,https://github.com/apache/apex-malhar/commit/0a1adff8ab9c770b03cff76ddaffdc1ff8e06932
"""apex-malhar""",382,https://github.com/apache/apex-malhar/commit/f423c2d4cf884c97d58febfad4cfa6def5a976ac,https://github.com/apache/apex-malhar/commit/7d9386d2abb445954055f6bf8c6d2aa75f896d77
"""apex-malhar""",381,,
"""apex-malhar""",379,https://github.com/apache/apex-malhar/commit/0da1765f4ff12fcda1461f3af06a57450ba8fb4c,https://github.com/apache/apex-malhar/commit/af425a5fd062741790eb5f7243c65d47e49a3721
"""apex-malhar""",376,https://github.com/apache/apex-malhar/commit/96302d0e1aa20edd5c4a830bcf2130a18a78f571,https://github.com/apache/apex-malhar/commit/faf7a60744e6c0b24e5e9c455e5e777747eb582b
"""apex-malhar""",374,https://github.com/apache/apex-malhar/commit/2989162248a9057357dbfe725e6473840c46b28a,https://github.com/apache/apex-malhar/commit/777d47d5bae8df78025f214af239293a0c7dae8c
"""apex-malhar""",373,,
"""apex-malhar""",372,https://github.com/apache/apex-malhar/commit/6ace0b2c72faf5b884cb349fb3ec02003576a5b8,https://github.com/apache/apex-malhar/commit/c0af266aeec4f1a7bfbb0fc4bc5516d515ea3650
"""apex-malhar""",369,https://github.com/apache/apex-malhar/commit/34f50df52aedcbbb6dd2236c86b3e4edbe260dca,https://github.com/apache/apex-malhar/commit/cc62a5eb7d6e58a01bf3e5a32edc889ceb43a75b
"""apex-malhar""",368,https://github.com/apache/apex-malhar/commit/7e00bd6148ac8cac72f9bcfe17c6feec1098f13e,https://github.com/apache/apex-malhar/commit/17515e308a1ac5a9bc889e8626733e785bc0c060
"""apex-malhar""",366,https://github.com/apache/apex-malhar/commit/bd5cdfe075be148da644f2faf2a9c8123a31dfdc,https://github.com/apache/apex-malhar/commit/d797bdd12ca710c209cb9980119e54af2adcae57
"""apex-malhar""",365,https://github.com/apache/apex-malhar/commit/9a1c10dc2904c71746e5959ff58f50a25ec7f844,https://github.com/apache/apex-malhar/commit/d2a5481bcda949ee2458dd9449ec7c975428c35e
"""apex-malhar""",364,https://github.com/apache/apex-malhar/commit/419c7e1d5839d655a4fc5fd958e9ce2108012c41,https://github.com/apache/apex-malhar/commit/571db6c063a0cd34d9379148f3eada85b16a0760
"""apex-malhar""",363,https://github.com/apache/apex-malhar/commit/92a0fd269fb4fa5e77c990b37ce3dcd6664c97d5,https://github.com/apache/apex-malhar/commit/87a72434274c27532c8f38a71dfe8e51e85cc8db
"""apex-malhar""",362,https://github.com/apache/apex-malhar/commit/f2f448c34b9ec599914c43e9f5d9194fddd9939e,https://github.com/apache/apex-malhar/commit/d46a6be62d2b70bb99ab7ca02d0a87ea2d5eba38
"""apex-malhar""",361,https://github.com/apache/apex-malhar/commit/b6a2ac984238da0cf3b3bb18c3603680cee79bad,https://github.com/apache/apex-malhar/commit/54c847a84b792fb8f48e778ce625882fc19300a5
"""apex-malhar""",360,https://github.com/apache/apex-malhar/commit/6689b87a3c3992c81dcd5f4ba3fc820c403d1fab,https://github.com/apache/apex-malhar/commit/0c70e92e6f2a1a631569d6b9608ac79de0a50b96
"""apex-malhar""",359,https://github.com/apache/apex-malhar/commit/8ce70be92c7e32056d55bef7a968407b672d86b0,https://github.com/apache/apex-malhar/commit/5c95026b3dad5dd23e00eae8a984aec129af24de
"""apex-malhar""",358,https://github.com/apache/apex-malhar/commit/2ebcdd840e7d15a21f8911167b46611e1438ecbb,https://github.com/apache/apex-malhar/commit/26fa9d781e032fd61fbb2972a99874e77e0c509c
"""apex-malhar""",357,https://github.com/apache/apex-malhar/commit/d95c23df9defc8322d57790e0d9c7c61621decf7,https://github.com/apache/apex-malhar/commit/278d799b0f73a4519ea31f6f982319c9f99b3c2a
"""apex-malhar""",356,https://github.com/apache/apex-malhar/commit/a07862a6068053d563b29bafa70025959fd2954f,https://github.com/apache/apex-malhar/commit/b217740c2021f6634669ece7fcddf58f0ac721cc
"""apex-malhar""",354,https://github.com/apache/apex-malhar/commit/18dacfa401cac200d84360d0242d1dd79b9f6311,https://github.com/apache/apex-malhar/commit/8a41342f5acd25c977c51ded079600476b0b925c
"""apex-malhar""",353,https://github.com/apache/apex-malhar/commit/c7b11a0d7c9d14ebb2a5fec9fd1647e50ff844dd,https://github.com/apache/apex-malhar/commit/0ec1433b25c0df2db1c6e21f0ce2b88d1251deaf
"""apex-malhar""",352,,
"""apex-malhar""",351,https://github.com/apache/apex-malhar/commit/8e6d73932f82737847748c7079e4ead35a0ff389,https://github.com/apache/apex-malhar/commit/37fa01e721da2fc1067f8e762ac703a0eff48ea2
"""apex-malhar""",349,,
"""apex-malhar""",348,https://github.com/apache/apex-malhar/commit/cc58c1e8eb5f2535704c4e8179b8faf4ed1da2b5,https://github.com/apache/apex-malhar/commit/9e9fe76fefb8f5436dfd9998181802d42e98cad6
"""apex-malhar""",346,https://github.com/apache/apex-malhar/commit/96e0535e9c934e18ae10d71b9ee9fe9c5b9d6805,https://github.com/apache/apex-malhar/commit/3cb30acda78c1993acb4458414d71013e8a097c9
"""apex-malhar""",344,https://github.com/apache/apex-malhar/commit/8c72058ea8eb1a0193e1f8159391d8d56abd8f82,https://github.com/apache/apex-malhar/commit/b5f9b88b74145a335de552e0f4f3ea73bfd14ffa
"""apex-malhar""",341,https://github.com/apache/apex-malhar/commit/e4d0bf930711c32d8367e852c21e6170b7aedbdf,https://github.com/apache/apex-malhar/commit/133944151cff8a62656e1667af214c180512f722
"""apex-malhar""",340,,
"""apex-malhar""",339,https://github.com/apache/apex-malhar/commit/6529336bbf5f3df5f6077ed98cc5cb936b580de6,https://github.com/apache/apex-malhar/commit/dcca7752a8ee966d67602a1b7cb8fbacdb8ed59d
"""apex-malhar""",338,https://github.com/apache/apex-malhar/commit/a9ba9960bcdf59b353efe087d3c36419f12f54b4,https://github.com/apache/apex-malhar/commit/76f297f283bd5e24cd9ec7516f0363420378ec09
"""apex-malhar""",336,,
"""apex-malhar""",335,https://github.com/apache/apex-malhar/commit/5744faf818d14b69cecb951e7af445c022ba9f5c,https://github.com/apache/apex-malhar/commit/7dea3d0a06875cb30cd5dd9f5d6e353f909fc485
"""apex-malhar""",334,https://github.com/apache/apex-malhar/commit/d1af701386b1f7ce73305d4250fcca3370f959e3,https://github.com/apache/apex-malhar/commit/d25b9185b793a2f3745b774b700f0684a1bbcdda
"""apex-malhar""",333,https://github.com/apache/apex-malhar/commit/d7a22435e55221698dabe0d7d0294b064f299bfc,https://github.com/apache/apex-malhar/commit/c4a11299b86f9b5e2b0a44bc9057685c8f3d7663
"""apex-malhar""",331,https://github.com/apache/apex-malhar/commit/e47a425b1aac4f729b0e846989f439512e61d739,https://github.com/apache/apex-malhar/commit/273b20724a796786d52235e6535303f86b35800f
"""apex-malhar""",330,https://github.com/apache/apex-malhar/commit/8ec37c1a21ad4d73bdff9abc30655409bc2884d1,https://github.com/apache/apex-malhar/commit/fe2da3e96ade8eaef8bce38237b8147adfffa494
"""apex-malhar""",328,,
"""apex-malhar""",326,https://github.com/apache/apex-malhar/commit/ba8bbbe95cd78c6b8a9f39cb08b32776cbf9d767,https://github.com/apache/apex-malhar/commit/02d657c215bb5f1c285e9bf2a1e67fdd285eb662
"""apex-malhar""",323,,
"""apex-malhar""",322,https://github.com/apache/apex-malhar/commit/82ef09f5318dddfa473bb0ca2ee1591ca2ff2b48,https://github.com/apache/apex-malhar/commit/1b4536ca0224eae2452d3a052d6f67b67bdec893
"""apex-malhar""",321,https://github.com/apache/apex-malhar/commit/770119d44b7791e02bb75e82c546ae890fa88d18,https://github.com/apache/apex-malhar/commit/f2b7a85677ab9ada29c95ff7821c43459c8468dd
"""apex-malhar""",319,https://github.com/apache/apex-malhar/commit/0a2f979c7c6db279a0915214741256fa9fba035e,https://github.com/apache/apex-malhar/commit/7a77274a2bc3147d9a72886649bfe904c77a903f
"""apex-malhar""",318,https://github.com/apache/apex-malhar/commit/c5c95038149272185bb87f4bf09846ca269b07dd,https://github.com/apache/apex-malhar/commit/9c45be55050b711a22b412a0417caf99862985a9
"""apex-malhar""",317,,
"""apex-malhar""",314,https://github.com/apache/apex-malhar/commit/cb743589687ed657f96f5d89e67448e359fbb8a9,https://github.com/apache/apex-malhar/commit/3e7b76b8adde635ed1e8c3395cbff666616e87a6
"""apex-malhar""",312,,
"""apex-malhar""",311,https://github.com/apache/apex-malhar/commit/cb0890c02b8d0ac2c0adfeb4a9b5cf522c48705c,https://github.com/apache/apex-malhar/commit/ce21b59d4d25639abf5a717fbbd4effcef8fe085
"""apex-malhar""",310,https://github.com/apache/apex-malhar/commit/525ff2fbdd62b67abc8a79c0f9b117d88f735091,https://github.com/apache/apex-malhar/commit/18588f3a5c2218b409034cb7e360becbf4b04153
"""apex-malhar""",305,,
"""apex-malhar""",304,https://github.com/apache/apex-malhar/commit/5ac7ef06404badf156cc9fccd8ee16dd27f676e8,https://github.com/apache/apex-malhar/commit/682c7ba59105671415e7e115333ae41a4f2f0942
"""apex-malhar""",300,https://github.com/apache/apex-malhar/commit/98bc6ff812ce79768a76059bb85a40e489d7165e,https://github.com/apache/apex-malhar/commit/78c5fad197f46016d6452abe5080561e450ad0d5
"""apex-malhar""",298,,
"""apex-malhar""",295,https://github.com/apache/apex-malhar/commit/4856779dddb1cb51880474a6604c8f42f07df149,https://github.com/apache/apex-malhar/commit/32840a2cee5b4c9fde1c80c14df86679e47621eb
"""apex-malhar""",292,https://github.com/apache/apex-malhar/commit/70226c9dd689b6ff26a9d956c85718006e71024e,https://github.com/apache/apex-malhar/commit/0b66f19d14a518b83059c74573dc7fdd58693788
"""apex-malhar""",291,https://github.com/apache/apex-malhar/commit/a8e5c7ea81f0fbf9c2be76f131e825b9d511378d,https://github.com/apache/apex-malhar/commit/ddd5bcf1a80d22d0e2727868339757dcce3bb2b8
"""apex-malhar""",290,,
"""apex-malhar""",289,https://github.com/apache/apex-malhar/commit/f4fbcfa9dfffe0fb3e04883517f6aefa213ef95d,https://github.com/apache/apex-malhar/commit/bb0a93d02a91723a323fc09c23150cc5f1a4feb6
"""apex-malhar""",288,https://github.com/apache/apex-malhar/commit/c705c133a5060810c695534e75bef3062ff992ea,https://github.com/apache/apex-malhar/commit/065bf0207476293cedc9744ef5fa00b09d2435c9
"""apex-malhar""",287,https://github.com/apache/apex-malhar/commit/60bbe023c258abe02a8b19ddb59d24bcd826f82a,https://github.com/apache/apex-malhar/commit/703ff065a1cafc2de0120bb12818e4920ce86f27
"""apex-malhar""",285,,
"""apex-malhar""",282,https://github.com/apache/apex-malhar/commit/6d8f23700114bb0930be5dff7518a13c96e21ffb,https://github.com/apache/apex-malhar/commit/4c7d268dbcdb6adbe84daadac6787c4d2f6b203d
"""apex-malhar""",281,,
"""apex-malhar""",280,,
"""apex-malhar""",279,https://github.com/apache/apex-malhar/commit/616ac1a6c584998b26b14687e1783751114ec297,https://github.com/apache/apex-malhar/commit/13883da68abc0419120655971b0437f3e5ef9435
"""apex-malhar""",278,https://github.com/apache/apex-malhar/commit/109f3687dd8661dbed05807216e5db045ef1404f,https://github.com/apache/apex-malhar/commit/c34ae4159517b178191bf5c91ca76dafe95bff9f
"""apex-malhar""",277,https://github.com/apache/apex-malhar/commit/913daf3eb94abf1f5642f0ef64eeb607671e9b74,https://github.com/apache/apex-malhar/commit/5305cd3a008d8dc337a7ef0ed030290ec9b4bea5
"""apex-malhar""",276,https://github.com/apache/apex-malhar/commit/530d9d548be4a12f96a5951f35a3ec1a970bf2b7,https://github.com/apache/apex-malhar/commit/ca9fed971f7ff26643ce2417c750b951fc161752
"""apex-malhar""",273,https://github.com/apache/apex-malhar/commit/7ff1ee06d56989c9987b5f29b42b4495d103cb6d,https://github.com/apache/apex-malhar/commit/67ad24edd6dc1629501e86168d2594606c52e291
"""apex-malhar""",272,,
"""apex-malhar""",271,https://github.com/apache/apex-malhar/commit/3fe607b0e48029bad3e838dffe1ec3d034cecaa5,https://github.com/apache/apex-malhar/commit/968ff3c2f52e4f1325d4db918559d8a9574d49fc
"""apex-malhar""",270,https://github.com/apache/apex-malhar/commit/161e59569f25d25557b0a9b15e0607abdc4b64d8,https://github.com/apache/apex-malhar/commit/9c11400a21fe78c1709933293dea9cad1490f887
"""apex-malhar""",269,https://github.com/apache/apex-malhar/commit/330391528093b702658e7d1c3538bcdac2eabef1,https://github.com/apache/apex-malhar/commit/138a9f59e441c989b6a6e5252479d248facf5bfb
"""apex-malhar""",268,https://github.com/apache/apex-malhar/commit/d1c1090317b0b3aaa89cda59f830478cdf220de4,https://github.com/apache/apex-malhar/commit/0edaf580336707fceddaa4d392962f182578e44d
"""apex-malhar""",267,https://github.com/apache/apex-malhar/commit/1e59d2b1bbceedb507838619cab5b00308b4e459,https://github.com/apache/apex-malhar/commit/b037ae20e2da914d41e8bca4cefa151f82871721
"""apex-malhar""",266,,
"""apex-malhar""",265,,
"""apex-malhar""",264,https://github.com/apache/apex-malhar/commit/3003831f716ad228da8cc3d0c86d2fa3da0f6ec0,https://github.com/apache/apex-malhar/commit/c9766553c57d06475f3a21d885a8ffed78836dd1
"""apex-malhar""",263,https://github.com/apache/apex-malhar/commit/aa2d476113901b99779ccc6d4a2b21dfebbbb646,https://github.com/apache/apex-malhar/commit/5de26e4a0d65652e81007445991f88075089fb0c
"""apex-malhar""",262,https://github.com/apache/apex-malhar/commit/ba5549c79757e7f04710653d826b2f44d367e4eb,https://github.com/apache/apex-malhar/commit/9319ee7c3d80d57a8f925bc180b8400186da0c1a
"""apex-malhar""",261,https://github.com/apache/apex-malhar/commit/fd0a5247bb514fe403453c0d370bdc16dd266e7b,https://github.com/apache/apex-malhar/commit/ab76dacd3c63a9d1b6b335ca19918cffff1eb728
"""apex-malhar""",259,,
"""apex-malhar""",258,https://github.com/apache/apex-malhar/commit/ea7c277860a9ade9a75fd753942467f16fad0958,https://github.com/apache/apex-malhar/commit/e38e144f2b3d25289c1aef128eb0c24b63362647
"""apex-malhar""",257,,
"""apex-malhar""",254,,
"""apex-malhar""",251,,
"""apex-malhar""",250,,
"""apex-malhar""",249,https://github.com/apache/apex-malhar/commit/cc391c24ec26fd9378514e3b1938180dc69bf0ac,https://github.com/apache/apex-malhar/commit/46f85efa9efbc41eb43257927adab46281003f86
"""apex-malhar""",248,,
"""apex-malhar""",247,https://github.com/apache/apex-malhar/commit/8b850e54b54539ad49adc642f41495b91a2d7c03,https://github.com/apache/apex-malhar/commit/4c3e00e9a647720dbd3882fdea08ca9f90b84c20
"""apex-malhar""",246,,
"""apex-malhar""",245,,
"""apex-malhar""",243,https://github.com/apache/apex-malhar/commit/deba63f8a60cda2e2c9cb4f9aa2bd1ea0477283e,https://github.com/apache/apex-malhar/commit/10a7257b7bdf7b2ae45bc69d9103bc23b3815e4d
"""apex-malhar""",242,https://github.com/apache/apex-malhar/commit/9bc3220dd364102795e56e12396ec034fc9aa269,https://github.com/apache/apex-malhar/commit/dad9f56fd7d2460e76b7c0d1adb3331079798941
"""apex-malhar""",241,,
"""apex-malhar""",240,https://github.com/apache/apex-malhar/commit/6f60564a2759c567818c911a7a1f2800da2afc67,https://github.com/apache/apex-malhar/commit/5bd1a99e2d8591782404c6477cb5d5d90aa6bc59
"""apex-malhar""",239,,
"""apex-malhar""",238,,
"""apex-malhar""",237,https://github.com/apache/apex-malhar/commit/7532d11fd1a49fb7b0f64c3de8c8ee455a62bdef,https://github.com/apache/apex-malhar/commit/1d3d8763d4a7552396991b391f8a23ab214fb65b
"""apex-malhar""",236,,
"""apex-malhar""",235,https://github.com/apache/apex-malhar/commit/b2ba47efba4e2ff2ec344324a951ee4030421e27,https://github.com/apache/apex-malhar/commit/9600eddd8ee4fa010cbb4799da74e89d184daa40
"""apex-malhar""",233,https://github.com/apache/apex-malhar/commit/fd60ebe4b6061bdd794cefe4d40ecdd38f63ec9f,https://github.com/apache/apex-malhar/commit/3419d86c073147cd04ef5e49e37983f3313146d0
"""apex-malhar""",232,https://github.com/apache/apex-malhar/commit/c6c5438dd7f8a46a0943afe8086690747e440570,https://github.com/apache/apex-malhar/commit/f29c10928a686079ccbab9ef529f8fdb889be82a
"""apex-malhar""",231,,
"""apex-malhar""",230,https://github.com/apache/apex-malhar/commit/f29057106f6b443f452907d162aa740d62b221a5,https://github.com/apache/apex-malhar/commit/430c0781931263d8727016693e96444ef000e248
"""apex-malhar""",229,,
"""apex-malhar""",228,,
"""apex-malhar""",226,https://github.com/apache/apex-malhar/commit/828f00bb2e6f7cfb8194ac04451d12d60400079e,https://github.com/apache/apex-malhar/commit/df22b468d670d655bfb9b40eafaf07ee2223c0af
"""apex-malhar""",224,,
"""apex-malhar""",222,https://github.com/apache/apex-malhar/commit/bfe1e2f33105eb86dd95417c06d3b295ad489de7,https://github.com/apache/apex-malhar/commit/dec419fc2ddbd4a82598a255c25cdf774d0c0efc
"""apex-malhar""",220,https://github.com/apache/apex-malhar/commit/4e995a04efbf76eed80db87e2786505757c27dc3,https://github.com/apache/apex-malhar/commit/1e979927a72fdd2707b68f8fe732c9bb93afd50b
"""apex-malhar""",217,https://github.com/apache/apex-malhar/commit/0418358e29b83a7e376aa1ebb4883eedd0b9185d,https://github.com/apache/apex-malhar/commit/19029582be0725319597aa6f680a8a61ab7b015e
"""apex-malhar""",216,https://github.com/apache/apex-malhar/commit/2639daa806a6aceccd13924bd28d0f1ac20ac755,https://github.com/apache/apex-malhar/commit/51176dd76d09094a924dd2ba89bf1a0ed5fc0bcb
"""apex-malhar""",214,https://github.com/apache/apex-malhar/commit/ca67f12ad61f416678cd6801e44cb27ec5056c6a,https://github.com/apache/apex-malhar/commit/31cf63770e8cb78380f942254e41a006bcba7cd6
"""apex-malhar""",211,https://github.com/apache/apex-malhar/commit/0c850429a9652854cf937e6f86b5e2871a7e80d9,https://github.com/apache/apex-malhar/commit/5075ce0ef75afccdff2edf4c044465340176a148
"""apex-malhar""",210,,
"""apex-malhar""",209,https://github.com/apache/apex-malhar/commit/d174bb7b964f254a984c4192eae23261c0510a9f,https://github.com/apache/apex-malhar/commit/47df5ebc676b8f3b49c34cf80bf5c064fb7dad6a
"""apex-malhar""",207,https://github.com/apache/apex-malhar/commit/ddbf88d8105aba6b610a2050ca62e9b00d57c1ee,https://github.com/apache/apex-malhar/commit/f9fe3d5e9e5ef06ebba313a9a09fa268ec9ead7c
"""apex-malhar""",205,https://github.com/apache/apex-malhar/commit/1871c29413d14b10d6e466d38b042f1449ebd36b,https://github.com/apache/apex-malhar/commit/37f8130920f0d7214bec00b7ac36448e58977f49
"""apex-malhar""",203,https://github.com/apache/apex-malhar/commit/82edf12b8dd967b71c5f61bda84a64f026501c53,https://github.com/apache/apex-malhar/commit/327a3999c6c443894bc1e085d91a1f030a848bdd
"""apex-malhar""",201,,
"""apex-malhar""",199,,
"""apex-malhar""",197,,
"""apex-malhar""",193,,
"""apex-malhar""",191,https://github.com/apache/apex-malhar/commit/258d74cc0ba965e57c3ac431c325f2d14563be4c,https://github.com/apache/apex-malhar/commit/b2a43e395b612cc39775d6f37c0d224fa4517892
"""apex-malhar""",190,https://github.com/apache/apex-malhar/commit/2b80bb87281dec5a86a3e07558abf5b2f855351d,https://github.com/apache/apex-malhar/commit/2df7000ed19b54ac913de263e661fbe57fdd1679
"""apex-malhar""",189,,
"""apex-malhar""",188,https://github.com/apache/apex-malhar/commit/1f5a440cea1fbcb69ba7d3ea2a14011233319181,https://github.com/apache/apex-malhar/commit/84131850c4bea86d5d08ddbaa1254027ccba2492
"""apex-malhar""",186,https://github.com/apache/apex-malhar/commit/8a7156778d29951dcdfd911cdb574b3658489711,https://github.com/apache/apex-malhar/commit/b047b82540b0526247e8a8bd925b66d1f38bffbe
"""apex-malhar""",185,,
"""apex-malhar""",184,https://github.com/apache/apex-malhar/commit/79325d5ef26880ec93391b70b5912653885f0901,https://github.com/apache/apex-malhar/commit/c39f56555831249ce144b29c2835bc68952c1689
"""apex-malhar""",183,,
"""apex-malhar""",180,https://github.com/apache/apex-malhar/commit/791a078f9eb318d9616832877ccc576233174774,https://github.com/apache/apex-malhar/commit/fcdd74de7b4c0b1601e1935f5ba36a534594d0c9
"""apex-malhar""",178,https://github.com/apache/apex-malhar/commit/a62b7faba6c4706ca4295783ac1b83ef813cc0f4,https://github.com/apache/apex-malhar/commit/4841873715a9d84f16ee3165b42dd1f43aab61dc
"""apex-malhar""",177,https://github.com/apache/apex-malhar/commit/3b2011bc44b2dbe05412ca6cb3101e10bef3930f,https://github.com/apache/apex-malhar/commit/d13c6f77c5c1ec1dfc4387bb7b6d6ecb220831d5
"""apex-malhar""",176,https://github.com/apache/apex-malhar/commit/d5fe6678a54fa95d59d31233c862f052d0d0ba42,https://github.com/apache/apex-malhar/commit/0627199c8d3d299dfaf51e21d31859ff6322cde6
"""apex-malhar""",175,,
"""apex-malhar""",172,https://github.com/apache/apex-malhar/commit/51a6a147a6350eae906868c55edab711cd8e8c31,https://github.com/apache/apex-malhar/commit/6ac59b6dc4d5aa6fec7d0d47d519e9bbb04f14e0
"""apex-malhar""",171,,
"""apex-malhar""",168,https://github.com/apache/apex-malhar/commit/6becfaa17c12c9e480c81f284855b459092f8b2e,https://github.com/apache/apex-malhar/commit/2670d595bd58dfe5b641c4c0ff2baed10e0285fd
"""apex-malhar""",167,,
"""apex-malhar""",166,,
"""apex-malhar""",165,https://github.com/apache/apex-malhar/commit/2dd0b84935d03a62df3cbe3736043b2516436bbf,https://github.com/apache/apex-malhar/commit/d570b8d6f178a8c00da3819407bda3aa466b9821
"""apex-malhar""",164,,
"""apex-malhar""",163,https://github.com/apache/apex-malhar/commit/1f2b0e112e3c7913f740023644ae8e00725ae049,https://github.com/apache/apex-malhar/commit/0a3e00ce0b804ddcb9a2f7bb45dc8698dfd05d84
"""apex-malhar""",161,https://github.com/apache/apex-malhar/commit/5649fcde0c95ef999bcecd6b7704765812c76ecd,https://github.com/apache/apex-malhar/commit/b89603a1464bd903e3b8d1e2e520638bbc97ea71
"""apex-malhar""",160,,
"""apex-malhar""",158,,
"""apex-malhar""",152,https://github.com/apache/apex-malhar/commit/099746e2967a3f46ba8becffe80fa4e12fc86cc3,https://github.com/apache/apex-malhar/commit/32b1c67eeca155ba17b84a3d61827764babc605a
"""apex-malhar""",150,,
"""apex-malhar""",149,https://github.com/apache/apex-malhar/commit/9f9d65698a3e006da498128fbb02d39451cc3da4,https://github.com/apache/apex-malhar/commit/ccb712afe89caffc0b980379ab66e9bda3a3fd53
"""apex-malhar""",148,https://github.com/apache/apex-malhar/commit/d91ca30deba85bc599f1489ac80210938fb6602c,https://github.com/apache/apex-malhar/commit/24fdbdfcfe37ef211563173952a676a73110dcd6
"""apex-malhar""",145,https://github.com/apache/apex-malhar/commit/4e8bac00988f34c30dcbe816193576cdabc23666,https://github.com/apache/apex-malhar/commit/a8fbcac6236e4130cef1e83830e944c4788bbca4
"""apex-malhar""",141,https://github.com/apache/apex-malhar/commit/379c0c3f4bc0ccd8fa25cb6f70152430b5c8d6b3,https://github.com/apache/apex-malhar/commit/d88132ae5109aaeaa11ba5364d63618c93872215
"""apex-malhar""",140,,
"""apex-malhar""",139,https://github.com/apache/apex-malhar/commit/84400b555a80611c083aece82a381f43bcea8442,https://github.com/apache/apex-malhar/commit/b067525de65ad889880ef3fcaa43ddef57e43f22
"""apex-malhar""",138,,
"""apex-malhar""",137,https://github.com/apache/apex-malhar/commit/8e9014b281adae86eba86c2372a3e82acbf685e4,https://github.com/apache/apex-malhar/commit/7a1d08718a4e689503948c0d4a79065bee1910d1
"""apex-malhar""",135,https://github.com/apache/apex-malhar/commit/8e5fd87124d6c0b7f7edda08dea9d5f7077c6087,https://github.com/apache/apex-malhar/commit/a4718f02434736bf6d9e5f98d01e923e950503f5
"""apex-malhar""",134,https://github.com/apache/apex-malhar/commit/3a62d725fe1791dc810455e29baf5aebe69cafd2,https://github.com/apache/apex-malhar/commit/7ee2c7e3697663a5fad3112c9a780a5ffd4c3b11
"""apex-malhar""",133,https://github.com/apache/apex-malhar/commit/3c327a3ec1d72d169503f38bd465a1be5f4ec485,https://github.com/apache/apex-malhar/commit/2cb849422560e53973decc1e72285ac3bda357f9
"""apex-malhar""",132,https://github.com/apache/apex-malhar/commit/45c855045db9840b76613cabbf44a845b661afc5,https://github.com/apache/apex-malhar/commit/326db94aba2665dafed2ec2b2d7a464c12e78147
"""apex-malhar""",131,https://github.com/apache/apex-malhar/commit/c39d7128ee1e2ecc32a76d1e1010227e92116683,https://github.com/apache/apex-malhar/commit/cec33da888a33e60bd62221c3c34e0dc4523d9f1
"""apex-malhar""",129,https://github.com/apache/apex-malhar/commit/60d9fd49029ca700155bb98018bf29838f2a69af,https://github.com/apache/apex-malhar/commit/691ee6fadf4b98b81a6032b742507ac238292370
"""apex-malhar""",128,,
"""apex-malhar""",125,https://github.com/apache/apex-malhar/commit/df0eae415fdb10de8a0d94b782dc18f5754f5e83,https://github.com/apache/apex-malhar/commit/377190a7d948930fb483b6f034c0784745e0d364
"""apex-malhar""",124,https://github.com/apache/apex-malhar/commit/f71659d8e1e4ccf0f697e0d4eafe5c63a6573cfc,https://github.com/apache/apex-malhar/commit/2bf83a8406d14f271a75920d6013492795b70ba7
"""apex-malhar""",123,,
"""apex-malhar""",121,https://github.com/apache/apex-malhar/commit/dd73ffd59ba18c5812314935a62a6121c49056ac,https://github.com/apache/apex-malhar/commit/5fba6294d09e33fada8a9dc17fe6dc906252b936
"""apex-malhar""",120,https://github.com/apache/apex-malhar/commit/d719429c486f685aa6f8964de89b9fe4fd0ab379,https://github.com/apache/apex-malhar/commit/41caa952e4a6b2f534fbac5230e68ea0607421a8
"""apex-malhar""",117,,
"""apex-malhar""",116,,
"""apex-malhar""",115,,
"""apex-malhar""",114,,
"""apex-malhar""",113,https://github.com/apache/apex-malhar/commit/ce7bf27836cb8f3e0e80b8c12c7fa5d1098991a0,https://github.com/apache/apex-malhar/commit/fc547d871da868c73ed5554f6a26708916202bae
"""apex-malhar""",112,https://github.com/apache/apex-malhar/commit/7f4208004280d976530b89c45752cc6d7b715c74,https://github.com/apache/apex-malhar/commit/183d3c2cb75c496c11d18177b26e2b5b44527444
"""apex-malhar""",111,,
"""apex-malhar""",110,https://github.com/apache/apex-malhar/commit/5f246b6eb196a8addfac12d5e673d2ce5dfe48d3,https://github.com/apache/apex-malhar/commit/7d2f47491498c6b1c550f70e626dd76ba1db393e
"""apex-malhar""",108,,
"""apex-malhar""",107,https://github.com/apache/apex-malhar/commit/35ecffba4ffafecd13d12ba6d6601f77236904cd,https://github.com/apache/apex-malhar/commit/b9aa203d7c411181665362dc0cee7420c7d61291
"""apex-malhar""",106,,
"""apex-malhar""",105,,
"""apex-malhar""",104,,
"""apex-malhar""",103,https://github.com/apache/apex-malhar/commit/f9cfb104a7ac29b45070cec55c17837d3ba59352,https://github.com/apache/apex-malhar/commit/65742586b116c7faa14f75e58745c1cc437ebb4e
"""apex-malhar""",102,https://github.com/apache/apex-malhar/commit/3c7606bb4d56050613dd86a58beeea189927fc18,https://github.com/apache/apex-malhar/commit/17d05763ddd48ccd9c3b58d44fff153952fdb537
"""apex-malhar""",101,,
"""apex-malhar""",100,https://github.com/apache/apex-malhar/commit/2cf4de6f4b54cf26f72f46cb5373b2082e3753e1,https://github.com/apache/apex-malhar/commit/3738eccbad5a7734ca98496c632a65dea40112e5
"""apex-malhar""",99,,
"""apex-malhar""",98,,
"""apex-malhar""",97,https://github.com/apache/apex-malhar/commit/d6ed2446eee23f8473e6b85d73c9a9be7be4bced,https://github.com/apache/apex-malhar/commit/d9957541a6f0521b4d16a011f02f35a863c9a10b
"""apex-malhar""",95,,
"""apex-malhar""",94,https://github.com/apache/apex-malhar/commit/740b1b2832c6ae2aefecffcdc2d80be160b3056e,https://github.com/apache/apex-malhar/commit/75dc74fe33740cd6d2e3432a4248d95333412648
"""apex-malhar""",93,https://github.com/apache/apex-malhar/commit/fd1087f979a62873861a4534e23772da2e679954,https://github.com/apache/apex-malhar/commit/f9875f6dff2b3efbdddf099029952fc03806ac9c
"""apex-malhar""",92,,
"""apex-malhar""",91,https://github.com/apache/apex-malhar/commit/7b023de2c85afc6e75e780f51a69074921f962a6,https://github.com/apache/apex-malhar/commit/51efafe82745bda7e681cd4a186ed9eacb9bbb7d
"""apex-malhar""",90,,
"""apex-malhar""",89,,
"""apex-malhar""",87,,
"""apex-malhar""",86,,
"""apex-malhar""",85,,
"""apex-malhar""",84,,
"""apex-malhar""",83,,
"""apex-malhar""",81,https://github.com/apache/apex-malhar/commit/3a364d797f522ae5bc64a79529cc94355cd3cd57,https://github.com/apache/apex-malhar/commit/29de8905abf9cdec9eae65e17ccbd884f2780eca
"""apex-malhar""",80,https://github.com/apache/apex-malhar/commit/00c1bf9f4a5a99e033577b5ca36f3626e3e12ac8,https://github.com/apache/apex-malhar/commit/921990bb20338dafcd094a67faef87582cc4638a
"""apex-malhar""",79,,
"""apex-malhar""",78,,
"""apex-malhar""",77,,
"""apex-malhar""",76,,
"""apex-malhar""",75,,
"""apex-malhar""",73,,
"""apex-malhar""",72,,
"""apex-malhar""",71,,
"""apex-malhar""",70,,
"""apex-malhar""",68,,
"""apex-malhar""",67,,
"""apex-malhar""",66,https://github.com/apache/apex-malhar/commit/fa1f4a851c0de734071f4c8d683d553418e437c8,https://github.com/apache/apex-malhar/commit/79e7eadf27879e4866ac399e31a41eb1a669eb0c
"""apex-malhar""",65,https://github.com/apache/apex-malhar/commit/458cae4180c4e4b406f3beda2282589b16d2dd22,https://github.com/apache/apex-malhar/commit/d05966203fe644a858ebf3e83776f92265100eca
"""apex-malhar""",64,,
"""apex-malhar""",63,,
"""apex-malhar""",62,,
"""apex-malhar""",61,,
"""apex-malhar""",60,https://github.com/apache/apex-malhar/commit/b717e064170acfaf271684eaac4fce17baac88ef,https://github.com/apache/apex-malhar/commit/dbdc9cadce46e5a8d5ec420e6c8695349fc0ada0
"""apex-malhar""",59,https://github.com/apache/apex-malhar/commit/b974b3f46b9f4103e56b23cad2111a83a1d1ab51,https://github.com/apache/apex-malhar/commit/38c895292e4ecbbd2d763c96ed6f83665496d042
"""apex-malhar""",58,https://github.com/apache/apex-malhar/commit/f1a876c94e466db876f07b225b4d7a2a72768ff2,https://github.com/apache/apex-malhar/commit/4a86ad0bd8c7618ceca1591ead2f97a2d36092bd
"""apex-malhar""",56,,
"""apex-malhar""",55,,
"""apex-malhar""",54,https://github.com/apache/apex-malhar/commit/25ccc3059fefa3a93226a0b9478221c336b4a487,https://github.com/apache/apex-malhar/commit/e1a45507b257c3b514d0f4a13794195909dcb8fd
"""apex-malhar""",53,https://github.com/apache/apex-malhar/commit/ed4c153a89d217ef613e14e8a8109985702df420,https://github.com/apache/apex-malhar/commit/affcc5e54b50cc51a3bbdf6a1b77ceb8f6e8ceeb
"""apex-malhar""",52,,
"""apex-malhar""",51,,
"""apex-malhar""",50,,
"""apex-malhar""",49,,
"""apex-malhar""",47,,
"""apex-malhar""",46,https://github.com/apache/apex-malhar/commit/b3c3c0a0c6bca55d2d574a6f75ec3669be6ae078,https://github.com/apache/apex-malhar/commit/5e4b5eff92b3e184266a4fa376ed7644d1b081da
"""apex-malhar""",45,https://github.com/apache/apex-malhar/commit/88b24859df33bcdc3ca5fd902a6e3eb243bdf54d,https://github.com/apache/apex-malhar/commit/fd670e6d400d816d26d0de1ca08a3c12f8278ae5
"""apex-malhar""",43,https://github.com/apache/apex-malhar/commit/24248f77cab0b7239238b6d2ab953b6be330a545,https://github.com/apache/apex-malhar/commit/28094b7c49abee63e7aacaa58af3f59512fcd2dd
"""apex-malhar""",41,https://github.com/apache/apex-malhar/commit/13a1c2081bc7822f51610b0b0e611996ff47e60d,https://github.com/apache/apex-malhar/commit/9f1a1bb9d32784e7d9db827fce8d9ed17ce19457
"""apex-malhar""",39,,
"""apex-malhar""",38,,
"""apex-malhar""",37,https://github.com/apache/apex-malhar/commit/60e1dff9e2c229852ad7b2654b969c206312f5ac,https://github.com/apache/apex-malhar/commit/0a5914ce8066159fc71633e8dc4db12abd23d143
"""apex-malhar""",36,,
"""apex-malhar""",34,https://github.com/apache/apex-malhar/commit/e747fd414e6f4fdfae7d130f7fda95e48b0ef670,https://github.com/apache/apex-malhar/commit/d30583814e7ad844aa07eb0cd1f7094176db2766
"""apex-malhar""",33,,
"""apex-malhar""",32,,
"""apex-malhar""",29,,
"""apex-malhar""",25,,
"""apex-malhar""",24,https://github.com/apache/apex-malhar/commit/e8f31d2f03e05921a38edf122d094169fe540af8,https://github.com/apache/apex-malhar/commit/2b333d759e9a2062331ed3100e22960a144c282e
"""apex-malhar""",22,https://github.com/apache/apex-malhar/commit/2a78e613e41bef79f511ac46811bdab59cb438ad,https://github.com/apache/apex-malhar/commit/3f4fe18665c59dadb8ad289f696df983bdc451ce
"""apex-malhar""",21,https://github.com/apache/apex-malhar/commit/f2e9d5d5ef2e1aa2f729476ed320a3e4405948b4,https://github.com/apache/apex-malhar/commit/f99696aff2e46cd50d3060480d4d3018ac65e3e1
"""apex-malhar""",18,,
"""apex-malhar""",17,,
"""apex-malhar""",16,,
"""apex-malhar""",15,,
"""apex-malhar""",14,,
"""apex-malhar""",13,,
"""apex-malhar""",12,,
"""apex-malhar""",11,https://github.com/apache/apex-malhar/commit/bbebe990add64ec96c043f3b5043ddb420e160fe,https://github.com/apache/apex-malhar/commit/37438dea31e45b4cf0b7c17986334efb9220891f
"""apex-malhar""",9,,
"""apex-malhar""",6,https://github.com/apache/apex-malhar/commit/12b353ea0ac3d09b92436572cf5bedb665e72a71,https://github.com/apache/apex-malhar/commit/c6da4a05e3df215a39eb06752e31760bb206528b
"""apex-malhar""",4,,
"""apex-malhar""",3,,
"""apex-malhar""",1,,
