repo,pr_number,before_commit,after_commit
"""jclouds""",42,,
"""jclouds""",41,https://github.com/apache/jclouds/commit/a56cd8f7601e5e5f4bdb36ebe49d85ce5adb0cb6,https://github.com/apache/jclouds/commit/7cda0986915bd4c4813daa1c7a16c0acabc15f48
"""jclouds""",40,,
"""jclouds""",39,,
"""jclouds""",38,,
"""jclouds""",37,,
"""jclouds""",36,,
"""jclouds""",35,,
"""jclouds""",34,,
"""jclouds""",33,https://github.com/apache/jclouds/commit/465ad752f0e961ee1c2d76d833333729642b5532,https://github.com/apache/jclouds/commit/3ca32d52435d79423b8483b8492ee7da209331b8
"""jclouds""",32,,
"""jclouds""",31,https://github.com/apache/jclouds/commit/5c13df16ec6f1feb1d8a0fa8051153eb541449e0,https://github.com/apache/jclouds/commit/41fce1a16a714eaa03f84e05903ddb988962d3af
"""jclouds""",30,,
"""jclouds""",29,https://github.com/apache/jclouds/commit/dfde0b5e28940089a38803956ff65335ad11177f,https://github.com/apache/jclouds/commit/3193bd977eb4e85f0b27e36080e6d0a0325b8b9a
"""jclouds""",28,,
"""jclouds""",27,,
"""jclouds""",26,,
"""jclouds""",25,https://github.com/apache/jclouds/commit/6ad6e26589ef464081035bcb2f304486e448e917,https://github.com/apache/jclouds/commit/f3bf68a10c94ab7fb5c1243f2af529a4318b2570
"""jclouds""",24,,
"""jclouds""",21,https://github.com/apache/jclouds/commit/e77a5821778f456b391fc219a95f45517976b0db,https://github.com/apache/jclouds/commit/183efa565a419e9e7bc57ceafea3bf1c1c300309
"""jclouds""",20,,
"""jclouds""",19,,
"""jclouds""",18,,
"""jclouds""",17,,
"""jclouds""",1,,
