repo,pr_number,before_commit,after_commit
"""lucene-solr""",851,,
"""lucene-solr""",849,,
"""lucene-solr""",848,,
"""lucene-solr""",847,,
"""lucene-solr""",846,,
"""lucene-solr""",845,,
"""lucene-solr""",842,,
"""lucene-solr""",841,,
"""lucene-solr""",839,,
"""lucene-solr""",837,,
"""lucene-solr""",836,,
"""lucene-solr""",834,,
"""lucene-solr""",832,,
"""lucene-solr""",830,,
"""lucene-solr""",827,,
"""lucene-solr""",823,https://github.com/apache/lucene-solr/commit/befd723fb7f9749633f419d6a52447cf6e9fdae2,https://github.com/apache/lucene-solr/commit/8ba4b006a6ca6aa219974bedc0695d55222e82e1
"""lucene-solr""",819,https://github.com/apache/lucene-solr/commit/94cf071dde83e09f394f30dd0af6fc1a158a3b91,https://github.com/apache/lucene-solr/commit/b055b0368a84deecf1cebbd9a1f083b055341232
"""lucene-solr""",818,,
"""lucene-solr""",817,https://github.com/apache/lucene-solr/commit/f76e50f221566a9635f9e36efe6584c7417130e4,https://github.com/apache/lucene-solr/commit/f15b1e84e2e63f700805bbed0374b1d5454d9728
"""lucene-solr""",816,,
"""lucene-solr""",813,,
"""lucene-solr""",811,,
"""lucene-solr""",810,,
"""lucene-solr""",809,,
"""lucene-solr""",808,,
"""lucene-solr""",806,,
"""lucene-solr""",805,https://github.com/apache/lucene-solr/commit/84d6b12e78d408fa283e34fc464457fe526c5074,https://github.com/apache/lucene-solr/commit/5f72ea7c209696546488aff731b7b7720f3923ae
"""lucene-solr""",801,,
"""lucene-solr""",796,,
"""lucene-solr""",794,https://github.com/apache/lucene-solr/commit/628112bb791e61d95903612cbc963c35a92d5dcb,https://github.com/apache/lucene-solr/commit/95d9950a577ce9e6d9ed5a9ccb82216294a3c72f
"""lucene-solr""",791,,
"""lucene-solr""",789,,
"""lucene-solr""",787,,
"""lucene-solr""",783,,
"""lucene-solr""",782,,
"""lucene-solr""",781,,
"""lucene-solr""",776,,
"""lucene-solr""",775,,
"""lucene-solr""",774,,
"""lucene-solr""",767,,
"""lucene-solr""",766,,
"""lucene-solr""",765,,
"""lucene-solr""",764,,
"""lucene-solr""",760,,
"""lucene-solr""",759,https://github.com/apache/lucene-solr/commit/bd8b13931120275dc157ded60160594a9f1daaf7,https://github.com/apache/lucene-solr/commit/0250b8855922c0c60ad6ff24a83f2d9f546ce9d8
"""lucene-solr""",757,https://github.com/apache/lucene-solr/commit/70158fbf338e8753818f8c4b3fd28574b18e52e1,https://github.com/apache/lucene-solr/commit/f09905bde96bb4d5936503d86c1f92fe68e52647
"""lucene-solr""",756,,
"""lucene-solr""",754,https://github.com/apache/lucene-solr/commit/193d9c13e0a1e308b10d692c238b860276812d91,https://github.com/apache/lucene-solr/commit/7e24e2f0cec1cfd45838f6be6b3d14911e6539ec
"""lucene-solr""",748,,
"""lucene-solr""",747,,
"""lucene-solr""",746,,
"""lucene-solr""",743,,
"""lucene-solr""",741,,
"""lucene-solr""",739,,
"""lucene-solr""",734,https://github.com/apache/lucene-solr/commit/2465089468614946096a137364d0df919081978a,https://github.com/apache/lucene-solr/commit/2c2dc6dc430707ef05dc915dea6c35c35e82f899
"""lucene-solr""",732,,
"""lucene-solr""",731,,
"""lucene-solr""",730,,
"""lucene-solr""",729,https://github.com/apache/lucene-solr/commit/d75cce2b74998b1993dbf339f82d89928d17f0d8,https://github.com/apache/lucene-solr/commit/12e2700f9a34b1f48d6a5e4c67bcb98a143d0d05
"""lucene-solr""",725,,
"""lucene-solr""",720,https://github.com/apache/lucene-solr/commit/4a446fdb58370c3f04911560e64afd5b18d755cb,https://github.com/apache/lucene-solr/commit/f166c602d44eb9de5853d625df46e1edc7d8d0d9
"""lucene-solr""",719,,
"""lucene-solr""",717,https://github.com/apache/lucene-solr/commit/d8c0885d0332ef1e42fe1e647f9123873c7deb83,https://github.com/apache/lucene-solr/commit/e2a285b6df5bbe1ccb4f12d562b72574ebf31a13
"""lucene-solr""",716,,
"""lucene-solr""",714,,
"""lucene-solr""",712,,
"""lucene-solr""",710,,
"""lucene-solr""",708,,
"""lucene-solr""",707,https://github.com/apache/lucene-solr/commit/a222a12749b7a64d1f5c29da812692013be7a04a,https://github.com/apache/lucene-solr/commit/e544dc27be1e0741805cc36de62fc2cd854e4bcd
"""lucene-solr""",706,,
"""lucene-solr""",705,,
"""lucene-solr""",704,,
"""lucene-solr""",703,,
"""lucene-solr""",702,,
"""lucene-solr""",700,,
"""lucene-solr""",699,,
"""lucene-solr""",698,https://github.com/apache/lucene-solr/commit/a476d74b553e7cded08d57dee7f8450abbb6f355,https://github.com/apache/lucene-solr/commit/ad3b1b0705f48519d4925de03557ea268b899fc4
"""lucene-solr""",696,,
"""lucene-solr""",694,,
"""lucene-solr""",693,,
"""lucene-solr""",691,,
"""lucene-solr""",688,,
"""lucene-solr""",687,https://github.com/apache/lucene-solr/commit/d9ee74944c7b4be3114885d8f0cd38eaab2786cf,https://github.com/apache/lucene-solr/commit/17efa514c8cd5bc0f4d1bb2c903e61d05e47ab8d
"""lucene-solr""",686,,
"""lucene-solr""",685,,
"""lucene-solr""",683,,
"""lucene-solr""",682,,
"""lucene-solr""",681,https://github.com/apache/lucene-solr/commit/7fa588e724235af18e8a6afe484b36c6b4c918bd,https://github.com/apache/lucene-solr/commit/cec984b73a55e56b57980ce1bd230830984f0575
"""lucene-solr""",680,,
"""lucene-solr""",679,,
"""lucene-solr""",678,,
"""lucene-solr""",671,,
"""lucene-solr""",668,,
"""lucene-solr""",667,https://github.com/apache/lucene-solr/commit/2a0bdfb9e3d32cc84b5e15b4ac8dc12e52f3bd4b,https://github.com/apache/lucene-solr/commit/9b5764842a68a011d71cb8b4140f53c8589c7dc8
"""lucene-solr""",666,,
"""lucene-solr""",664,,
"""lucene-solr""",662,,
"""lucene-solr""",655,https://github.com/apache/lucene-solr/commit/d9b51f6c70ec3b33f5d9eb8961a9b79e89a9cf7c,https://github.com/apache/lucene-solr/commit/35aeb7f6231dd58a89d2af9bb1105229bdb56258
"""lucene-solr""",653,,
"""lucene-solr""",652,,
"""lucene-solr""",649,,
"""lucene-solr""",642,,
"""lucene-solr""",640,,
"""lucene-solr""",637,,
"""lucene-solr""",635,,
"""lucene-solr""",626,,
"""lucene-solr""",623,,
"""lucene-solr""",621,https://github.com/apache/lucene-solr/commit/2dd42c06088a4079f422a461a7bd57a93fe86541,https://github.com/apache/lucene-solr/commit/361d1e84ce927c2cdc3d732da65cfd755800ad0a
"""lucene-solr""",620,,
"""lucene-solr""",619,,
"""lucene-solr""",617,https://github.com/apache/lucene-solr/commit/9c149dc940e9b3181c3f4ed01bfe93691a0ff10e,https://github.com/apache/lucene-solr/commit/0231c1ecb6c8c1909b555f4975d522c746ea86be
"""lucene-solr""",613,,
"""lucene-solr""",612,https://github.com/apache/lucene-solr/commit/b3aec76616b0de17980a1697a46f18b3733d8f5a,https://github.com/apache/lucene-solr/commit/4e230388ba239ca732aee7f61bc182644c5f0c3f
"""lucene-solr""",610,,
"""lucene-solr""",609,,
"""lucene-solr""",607,,
"""lucene-solr""",600,,
"""lucene-solr""",599,https://github.com/apache/lucene-solr/commit/cf5ee10fb52167be84a2c2fa2178dfc2b829106b,https://github.com/apache/lucene-solr/commit/6777af074f43c331cbbd75becfa8cd13c962138a
"""lucene-solr""",598,,
"""lucene-solr""",595,https://github.com/apache/lucene-solr/commit/fc62d245a0d09ac8fc185158eca359f2db59f081,https://github.com/apache/lucene-solr/commit/ad1c94338db72096de9525fe64825d8aa4fb0afa
"""lucene-solr""",594,,
"""lucene-solr""",590,,
"""lucene-solr""",583,,
"""lucene-solr""",581,https://github.com/apache/lucene-solr/commit/ae3953045c9a4c786dcc7c2ade61b4d8e2f2a68b,https://github.com/apache/lucene-solr/commit/8433c992c3fb9f53e768c012387abff34ef21746
"""lucene-solr""",574,,
"""lucene-solr""",568,https://github.com/apache/lucene-solr/commit/50bb7ac290a33bd5d6b81df55261af80ead6e04e,https://github.com/apache/lucene-solr/commit/0037135721d9cbed50f9a42b73252db534d3daf4
"""lucene-solr""",567,https://github.com/apache/lucene-solr/commit/9e6ddc476858ada9b6716cf9581e90c97d9bce72,https://github.com/apache/lucene-solr/commit/1ea824438bd85877f709858ee5f98c9e104a1d52
"""lucene-solr""",566,,
"""lucene-solr""",557,,
"""lucene-solr""",555,,
"""lucene-solr""",553,https://github.com/apache/lucene-solr/commit/ed35ea0935c6ff7a3355faa8e304589eecf9d8ec,https://github.com/apache/lucene-solr/commit/4a3ddc94d8880f7c1f76dedbe7d892b0542bb6ee
"""lucene-solr""",552,,
"""lucene-solr""",551,https://github.com/apache/lucene-solr/commit/eabefc5883bbcdf72e989a6f6b862baa041566c2,https://github.com/apache/lucene-solr/commit/76db12b3f3fae42381c0682b65f9e890c0bd9445
"""lucene-solr""",548,,
"""lucene-solr""",544,,
"""lucene-solr""",541,,
"""lucene-solr""",535,https://github.com/apache/lucene-solr/commit/43603e71b5564e749c1c7fb9e4b0fdf86669ab90,https://github.com/apache/lucene-solr/commit/c538fa5056e46998c21e1ef0554dfdd9afbfb050
"""lucene-solr""",527,https://github.com/apache/lucene-solr/commit/7aa23c09eef32c187624e0454bcae717240d6001,https://github.com/apache/lucene-solr/commit/5c5c42cc37887236bf76b9e5f1cceaa25ee66886
"""lucene-solr""",526,https://github.com/apache/lucene-solr/commit/5f82c8a23740bfe0f8d313d09b9239e32df14337,https://github.com/apache/lucene-solr/commit/4272c631ca18ab4194fd443dfe2f64b3a81a9a04
"""lucene-solr""",523,https://github.com/apache/lucene-solr/commit/cdd3558fab42013a1c6445f05a834b3b7819e5c1,https://github.com/apache/lucene-solr/commit/d08e2d49d3000805d4bc67db453fde12d1e0810d
"""lucene-solr""",522,https://github.com/apache/lucene-solr/commit/36ad246059ff9fc2f221903bbd747b09dc1eef87,https://github.com/apache/lucene-solr/commit/ef61b547b175f9fbb63dd9fca78f7984f4f72be2
"""lucene-solr""",521,https://github.com/apache/lucene-solr/commit/d5c62e76df0bb483d8a6fbf95b8736f0ce981acc,https://github.com/apache/lucene-solr/commit/0650f995f9fd70a4ff711a7baaabc2add9ec39ea
"""lucene-solr""",517,https://github.com/apache/lucene-solr/commit/cd8e0051f2a9cd0c316dba726fbc1928e02e6421,https://github.com/apache/lucene-solr/commit/f0db05b37ec5bda5edd35fcb0fb94c4b4a0d9089
"""lucene-solr""",516,https://github.com/apache/lucene-solr/commit/7cb255df165f85fd94500c4fde8479892f66f7aa,https://github.com/apache/lucene-solr/commit/aaa64d7015998f28aaffac031c4032abf73bebd6
"""lucene-solr""",515,https://github.com/apache/lucene-solr/commit/705011ac98161b924b642792359499de9187d217,https://github.com/apache/lucene-solr/commit/b4e1fe4393b5b23a0de3658c15fbcaf29255b082
"""lucene-solr""",513,https://github.com/apache/lucene-solr/commit/c8386e554b3760af9a7b193ea1d258faa1f9b66f,https://github.com/apache/lucene-solr/commit/b0e6a92ede321dc6932348978bed1a4c04a70d8c
"""lucene-solr""",502,https://github.com/apache/lucene-solr/commit/c16bcee54e0beb3e3f4cd1149a873d182b503af6,https://github.com/apache/lucene-solr/commit/56cb42d200dd999342c4cd5c92fbfa271ba91153
"""lucene-solr""",485,,
"""lucene-solr""",480,https://github.com/apache/lucene-solr/commit/bb1a5e77d160a0fb9888b2e8eecc88832f80412b,https://github.com/apache/lucene-solr/commit/5a4fd86cce57586dd14fb8f11f9b170b121eebc4
"""lucene-solr""",470,,
"""lucene-solr""",454,https://github.com/apache/lucene-solr/commit/3952360c524140528dbface6f3a98efa0091752d,https://github.com/apache/lucene-solr/commit/44dbfaab19b5845f27d6174071bd3808756ff552
"""lucene-solr""",453,https://github.com/apache/lucene-solr/commit/2977a11683f80278bb22cbf891b1d8e88db2d9a2,https://github.com/apache/lucene-solr/commit/6fac57d9ad4e2251118b400215b08901781c9696
"""lucene-solr""",446,,
"""lucene-solr""",445,https://github.com/apache/lucene-solr/commit/79ce6fd5bcdcf5e5b42be6b2645566ec6359970f,https://github.com/apache/lucene-solr/commit/7223a8bf7a8a112756364ba15c534c85436c8586
"""lucene-solr""",434,,
"""lucene-solr""",427,,
"""lucene-solr""",392,,
"""lucene-solr""",391,,
"""lucene-solr""",388,,
"""lucene-solr""",299,,
"""lucene-solr""",268,https://github.com/apache/lucene-solr/commit/f549cb00e88b62ce30e3c73a7341f9ad95940314,https://github.com/apache/lucene-solr/commit/ef055a987eb1de26881b929653b1b09c76b63cbb
"""lucene-solr""",262,,
"""lucene-solr""",259,,
"""lucene-solr""",254,https://github.com/apache/lucene-solr/commit/7b6c10da999c323106b26fceac8c67e7efd4a624,https://github.com/apache/lucene-solr/commit/e148574997d56e0db03d68de4f3525be41a8afed
"""lucene-solr""",238,,
"""lucene-solr""",216,,
"""lucene-solr""",138,,
"""lucene-solr""",130,https://github.com/apache/lucene-solr/commit/7ab1638a3da002113e939b316d04ef9e58e38a0b,https://github.com/apache/lucene-solr/commit/0a5300af6cf15e5781c311b97f551d6d7410dc73
"""lucene-solr""",104,,
"""lucene-solr""",74,https://github.com/apache/lucene-solr/commit/0acb659eacd7a7e6b76a2796bc9e75d5a815b439,https://github.com/apache/lucene-solr/commit/e138462a82800be3811017062868051c14e560e6
"""lucene-solr""",44,,
"""lucene-solr""",43,,
"""lucene-solr""",41,https://github.com/apache/lucene-solr/commit/8465ed2119dd0634b2acf72f3dedca5914bac845,https://github.com/apache/lucene-solr/commit/ed2621de8402154440e3e1e1979eb620bd23b926
"""lucene-solr""",15,,
"""lucene-solr""",9,,
