repo,pr_number,before_commit,after_commit
"""maven-archiver""",5,https://github.com/apache/maven-archiver/commit/465c6f6fdcafa60192384d921eeb91b615b29406,https://github.com/apache/maven-archiver/commit/44966b9487667adb4bd061c1549fcd9f27ea0522
"""maven-archiver""",4,https://github.com/apache/maven-archiver/commit/199445f810b06810cdca08c41b536c280410b870,https://github.com/apache/maven-archiver/commit/7041fcace9210112f6745d880133769f954ef442
"""maven-archiver""",3,https://github.com/apache/maven-archiver/commit/2d575325e83ad11c11f145b260152378c4edcea8,https://github.com/apache/maven-archiver/commit/93f5ba12836b7b5bb0f9de27ede8bcbd6e46551a
"""maven-archiver""",2,,
"""maven-archiver""",1,https://github.com/apache/maven-archiver/commit/99b4c6bd33bec39364da90530f2070b1629f8c4b,https://github.com/apache/maven-archiver/commit/4c83bf8d6900232fe700f7cf2c3e287e4b014a90
