repo,pr_number,before_commit,after_commit
"""incubator-datasketches-characterization""",17,,
"""incubator-datasketches-characterization""",16,,
"""incubator-datasketches-characterization""",15,,
"""incubator-datasketches-characterization""",14,https://github.com/apache/incubator-datasketches-characterization/commit/3b8f89b8a7d12b83b80a94cfdec937d91a504716,https://github.com/apache/incubator-datasketches-characterization/commit/5d55cafaceeadae7edef7e24e2b91b1d3266db0e
"""incubator-datasketches-characterization""",12,,
"""incubator-datasketches-characterization""",11,,
"""incubator-datasketches-characterization""",10,,
"""incubator-datasketches-characterization""",9,,
"""incubator-datasketches-characterization""",8,,
"""incubator-datasketches-characterization""",7,,
"""incubator-datasketches-characterization""",6,,
"""incubator-datasketches-characterization""",5,,
"""incubator-datasketches-characterization""",4,,
"""incubator-datasketches-characterization""",3,,
"""incubator-datasketches-characterization""",2,,
"""incubator-datasketches-characterization""",1,,
