repo,pr_number,before_commit,after_commit
"""brooklyn-library""",173,,
"""brooklyn-library""",172,https://github.com/apache/brooklyn-library/commit/a216946ddc3f594e6f868e4bd81a257542b71396,https://github.com/apache/brooklyn-library/commit/7de5ad1d2858a4ad9aef924f96d4d51887fc381c
"""brooklyn-library""",170,,
"""brooklyn-library""",169,https://github.com/apache/brooklyn-library/commit/e981aa3920fba38eff2ab4e65be75a32b7a21fce,https://github.com/apache/brooklyn-library/commit/1cfa11d7e1264f00e3dbe04ab19f78d0236dcce9
"""brooklyn-library""",163,,
"""brooklyn-library""",161,,
"""brooklyn-library""",160,https://github.com/apache/brooklyn-library/commit/83417d46821a1f5dcfc25b5da9dba05b29eafb79,https://github.com/apache/brooklyn-library/commit/893ca1b0f0e9b55961116a5c53cee4af18a46897
"""brooklyn-library""",159,,
"""brooklyn-library""",158,,
"""brooklyn-library""",157,,
"""brooklyn-library""",156,,
"""brooklyn-library""",155,,
"""brooklyn-library""",153,https://github.com/apache/brooklyn-library/commit/bf0bbf2f66587c763f10793f4657578d328456ca,https://github.com/apache/brooklyn-library/commit/a85a625ada7c806c680dae47ed27843e2e338871
"""brooklyn-library""",150,https://github.com/apache/brooklyn-library/commit/c70e627526df5afefab9f5ac73d58effa522199b,https://github.com/apache/brooklyn-library/commit/8b0da414de7159e0cceafb940afb8e40db4501c5
"""brooklyn-library""",149,https://github.com/apache/brooklyn-library/commit/127e46dc1d15892b5d320a67e77ba81de408e31e,https://github.com/apache/brooklyn-library/commit/497f0a477812e80803015755258ad2ad64eeb9db
"""brooklyn-library""",148,,
"""brooklyn-library""",147,https://github.com/apache/brooklyn-library/commit/622ec2b3be0be28dfdad7853026ce7b492669af1,https://github.com/apache/brooklyn-library/commit/afc333985825c6fd370267997a86c8da6a5099d5
"""brooklyn-library""",146,,
"""brooklyn-library""",145,,
"""brooklyn-library""",144,,
"""brooklyn-library""",143,,
"""brooklyn-library""",142,,
"""brooklyn-library""",141,https://github.com/apache/brooklyn-library/commit/e2e3c2230cc0241e77fa7df3ea9af7bb559ed8d5,https://github.com/apache/brooklyn-library/commit/2347c0a510d733a97f7ffd84d5d2e575dd91b2c1
"""brooklyn-library""",140,,
"""brooklyn-library""",139,,
"""brooklyn-library""",137,https://github.com/apache/brooklyn-library/commit/95bbe0411357572d2eeffad8b3149e050058d88f,https://github.com/apache/brooklyn-library/commit/25a94ae3fd21124ac891e45c3f22281ac6825cc9
"""brooklyn-library""",136,,
"""brooklyn-library""",135,,
"""brooklyn-library""",133,,
"""brooklyn-library""",132,,
"""brooklyn-library""",131,,
"""brooklyn-library""",130,https://github.com/apache/brooklyn-library/commit/86a02c6016329852cdb63f9a95e7601babdbc7f8,https://github.com/apache/brooklyn-library/commit/2f90c0d847bab49416530ab983fc0e4206fdf7b7
"""brooklyn-library""",129,https://github.com/apache/brooklyn-library/commit/d555c4d530a684118232a336121e8e30b12908bf,https://github.com/apache/brooklyn-library/commit/74e2c31296b83db0d09bd5e26c3e31bff4d65194
"""brooklyn-library""",128,,
"""brooklyn-library""",127,,
"""brooklyn-library""",126,,
"""brooklyn-library""",125,,
"""brooklyn-library""",124,,
"""brooklyn-library""",123,,
"""brooklyn-library""",122,,
"""brooklyn-library""",121,,
"""brooklyn-library""",120,,
"""brooklyn-library""",119,,
"""brooklyn-library""",118,,
"""brooklyn-library""",117,,
"""brooklyn-library""",115,,
"""brooklyn-library""",114,,
"""brooklyn-library""",113,,
"""brooklyn-library""",112,,
"""brooklyn-library""",111,,
"""brooklyn-library""",110,,
"""brooklyn-library""",109,,
"""brooklyn-library""",108,,
"""brooklyn-library""",107,,
"""brooklyn-library""",106,,
"""brooklyn-library""",105,,
"""brooklyn-library""",104,,
"""brooklyn-library""",103,,
"""brooklyn-library""",102,,
"""brooklyn-library""",101,,
"""brooklyn-library""",100,,
"""brooklyn-library""",99,,
"""brooklyn-library""",98,,
"""brooklyn-library""",96,,
"""brooklyn-library""",95,,
"""brooklyn-library""",94,https://github.com/apache/brooklyn-library/commit/2994b30bae7f60beeff5a63a3ded9d65397d18fa,https://github.com/apache/brooklyn-library/commit/4a31ea74f15cd191359d326e1440b5f3b55349ca
"""brooklyn-library""",93,,
"""brooklyn-library""",92,,
"""brooklyn-library""",91,,
"""brooklyn-library""",90,,
"""brooklyn-library""",89,,
"""brooklyn-library""",88,https://github.com/apache/brooklyn-library/commit/fa0e12d3fc257f3387ff2764082f202b49a0ff8e,https://github.com/apache/brooklyn-library/commit/9c66fa14a12e167da27eac8f32da65175aa232bc
"""brooklyn-library""",87,https://github.com/apache/brooklyn-library/commit/c0e7d2286e575be28a010f5188148fa455a25f80,https://github.com/apache/brooklyn-library/commit/b7cfae7509235fbc63c54eb71742d5111ce6a094
"""brooklyn-library""",86,,
"""brooklyn-library""",85,,
"""brooklyn-library""",84,https://github.com/apache/brooklyn-library/commit/1aa2fd0c776aa29cc3cac354e7867703e801878e,https://github.com/apache/brooklyn-library/commit/0fdd5a32a305cd2b23331a1301da62253b98a114
"""brooklyn-library""",83,,
"""brooklyn-library""",82,,
"""brooklyn-library""",81,,
"""brooklyn-library""",80,,
"""brooklyn-library""",79,,
"""brooklyn-library""",78,,
"""brooklyn-library""",77,,
"""brooklyn-library""",75,https://github.com/apache/brooklyn-library/commit/70360774466aaf3d6bc3dde42eac6e11b77ca658,https://github.com/apache/brooklyn-library/commit/23bc577c13a7c303c5414b9980df5e89ec6ab287
"""brooklyn-library""",74,https://github.com/apache/brooklyn-library/commit/75bb956771b6e5e70a17d4e839715b3d6812a994,https://github.com/apache/brooklyn-library/commit/a6513c6783706820e84e3d2ecf9b9d6e9b13e387
"""brooklyn-library""",73,,
"""brooklyn-library""",72,,
"""brooklyn-library""",71,,
"""brooklyn-library""",70,,
"""brooklyn-library""",69,,
"""brooklyn-library""",68,,
"""brooklyn-library""",67,,
"""brooklyn-library""",66,https://github.com/apache/brooklyn-library/commit/f5883fc7c8966a013432caee02dbea31dd108cd3,https://github.com/apache/brooklyn-library/commit/313203f0b45d2178fa142167d2b42238544b8dce
"""brooklyn-library""",64,https://github.com/apache/brooklyn-library/commit/4b9a93a016bc802f8944406cf63f5a80060e6398,https://github.com/apache/brooklyn-library/commit/3e2eeb95e8728f0d90a9808c7625e46b18450997
"""brooklyn-library""",63,,
"""brooklyn-library""",62,,
"""brooklyn-library""",61,,
"""brooklyn-library""",60,https://github.com/apache/brooklyn-library/commit/29f81821aefde01706ffd35d8277d77b2082cb35,https://github.com/apache/brooklyn-library/commit/a6a776ce168dd2d0c200e79002c0bcecf6df3a38
"""brooklyn-library""",59,,
"""brooklyn-library""",58,,
"""brooklyn-library""",57,https://github.com/apache/brooklyn-library/commit/d4d57fb0ff0be5bf0136b774063d483aae159cb0,https://github.com/apache/brooklyn-library/commit/437819c879541cc04995533d9a5e7daa7f6a9d04
"""brooklyn-library""",54,,
"""brooklyn-library""",53,https://github.com/apache/brooklyn-library/commit/1d019419554f772091097a027ef23ff9f74e5a48,https://github.com/apache/brooklyn-library/commit/e08d25ea3521fda4cf316fa32e2c17125893f3ba
"""brooklyn-library""",52,,
"""brooklyn-library""",51,https://github.com/apache/brooklyn-library/commit/6e4b6ef77e66f9edeb27a00b2dd8008be4f8c36b,https://github.com/apache/brooklyn-library/commit/835ba7e92e277524ed8f6e566b4bfa8774fe8e58
"""brooklyn-library""",50,https://github.com/apache/brooklyn-library/commit/0c2ff843c05d5f37cc6a814ad7811317adf49d2e,https://github.com/apache/brooklyn-library/commit/5e2179a1debd2d27ea76e9dfe00cfcd16e42db7a
"""brooklyn-library""",49,https://github.com/apache/brooklyn-library/commit/2bf0e970a8142b06b7b3750421d3f226fe5265c8,https://github.com/apache/brooklyn-library/commit/a3b05161c93b3d2ea555d57909bbf68102d8118e
"""brooklyn-library""",48,https://github.com/apache/brooklyn-library/commit/e49177db1069be0df5bfc4f2ee005e9ec85fde7e,https://github.com/apache/brooklyn-library/commit/47fa774a7f8bb76efe2c2e1226234d7406a1aca5
"""brooklyn-library""",47,https://github.com/apache/brooklyn-library/commit/2bff4396c8527737878c62b4352549474dbe2857,https://github.com/apache/brooklyn-library/commit/cbbe15abdb678f9cd95596c1dd3fb2cf2bc537c5
"""brooklyn-library""",46,,
"""brooklyn-library""",44,https://github.com/apache/brooklyn-library/commit/e5897aa1bd4bf6b7a6dcf2167a483ada795f1de6,https://github.com/apache/brooklyn-library/commit/87b62f733ecaf2469ab906b295366f498a471fb9
"""brooklyn-library""",43,https://github.com/apache/brooklyn-library/commit/fe1130d86f6a808f419a58fe425c7d45338d059c,https://github.com/apache/brooklyn-library/commit/d748ec9ed5957e8197e4e54f03c9d831a83c1be9
"""brooklyn-library""",42,,
"""brooklyn-library""",41,,
"""brooklyn-library""",40,https://github.com/apache/brooklyn-library/commit/84f993e562e291ee7c6462eeda3c922983d40ec4,https://github.com/apache/brooklyn-library/commit/376b24b66510e83f094dda82b94e612e86943852
"""brooklyn-library""",39,https://github.com/apache/brooklyn-library/commit/6c56ec88a993d174973c7c035125153afe0e2e77,https://github.com/apache/brooklyn-library/commit/6c11e461de4322c4403d60e4edb8198c53b37dff
"""brooklyn-library""",38,,
"""brooklyn-library""",37,,
"""brooklyn-library""",36,https://github.com/apache/brooklyn-library/commit/1987d7e5fee5e42be9f936f14776535d3163dea0,https://github.com/apache/brooklyn-library/commit/2fa22b369399eb0566d704d891914b2d67b6a908
"""brooklyn-library""",33,https://github.com/apache/brooklyn-library/commit/2f24577f68c2a78f263f2a513734b5f1113a04e9,https://github.com/apache/brooklyn-library/commit/91e881076f095c88f88311d97639de549fe8146b
"""brooklyn-library""",32,https://github.com/apache/brooklyn-library/commit/e8674a92b6a65270b51a9a33a0ff10885e0d857b,https://github.com/apache/brooklyn-library/commit/5dc0af7ca6ea9123d2051277b4cc718b62191bdb
"""brooklyn-library""",30,,
"""brooklyn-library""",29,,
"""brooklyn-library""",28,,
"""brooklyn-library""",27,,
"""brooklyn-library""",26,,
"""brooklyn-library""",25,https://github.com/apache/brooklyn-library/commit/69eabfe2abfce36ac265324a3cb326924144a60b,https://github.com/apache/brooklyn-library/commit/7486b7fc287cbb66f932b712ce9dcce14584ab5d
"""brooklyn-library""",24,,
"""brooklyn-library""",23,https://github.com/apache/brooklyn-library/commit/48800cb14b6f29e4453f5aaa6bf53884390c287a,https://github.com/apache/brooklyn-library/commit/3299958a18b5754ac969f9ac38433a436452fd5f
"""brooklyn-library""",22,,
"""brooklyn-library""",21,,
"""brooklyn-library""",20,,
"""brooklyn-library""",19,,
"""brooklyn-library""",17,,
"""brooklyn-library""",16,https://github.com/apache/brooklyn-library/commit/b3a540ed7ccc54ea1f430339fd1ad638397ae852,https://github.com/apache/brooklyn-library/commit/39ed6e4c6ebb4ef035737311b26abb9bb7eaf85b
"""brooklyn-library""",15,,
"""brooklyn-library""",14,https://github.com/apache/brooklyn-library/commit/a54c228ffe970fa0275e0eeb75581e0107ef8a30,https://github.com/apache/brooklyn-library/commit/3352bfab0787e4ec4f6fcb27a2f4f4cc124df768
"""brooklyn-library""",13,https://github.com/apache/brooklyn-library/commit/7291c939bfbc706a383711455420663ed58369d5,https://github.com/apache/brooklyn-library/commit/b5ae3421b861130b89fe3c2d5bf82a2f493dac41
"""brooklyn-library""",12,,
"""brooklyn-library""",11,,
"""brooklyn-library""",10,https://github.com/apache/brooklyn-library/commit/1ffab75047f8530c6f5ed01ccc3e58a4b77e940a,https://github.com/apache/brooklyn-library/commit/7e695d19ef599d2d67ab81822106781db6bbfe33
"""brooklyn-library""",7,https://github.com/apache/brooklyn-library/commit/c0b1bb32400be89c9ca4b71ed96eb853b63fd636,https://github.com/apache/brooklyn-library/commit/4a189f41462a101ce12254841f033a0f69cb46d1
"""brooklyn-library""",6,https://github.com/apache/brooklyn-library/commit/2678f7613f66d8e171ade7b7600ba8cc2648f637,https://github.com/apache/brooklyn-library/commit/1bc5db092d1cd637850fe33d08ed970f1473515e
"""brooklyn-library""",5,https://github.com/apache/brooklyn-library/commit/749fef49ac90b07987a213b8e70f25a6ab2916eb,https://github.com/apache/brooklyn-library/commit/a01cba0cabb8b3b980c51cd8b90bf9b2b715fe32
"""brooklyn-library""",3,,
"""brooklyn-library""",2,,
"""brooklyn-library""",1,,
