repo,pr_number,before_commit,after_commit
"""ant""",99,,
"""ant""",98,,
"""ant""",95,https://github.com/apache/ant/commit/90e1709417f2890e07f21d751fa1195ecabfab1e,https://github.com/apache/ant/commit/15958559a83f424efe99430677a88f67792d8172
"""ant""",86,,
"""ant""",85,https://github.com/apache/ant/commit/ae9e1ecadf1fce12add284dc9ac3b0f23bc2b964,https://github.com/apache/ant/commit/9e1bd1445d4269320e861ed05845e48e57f6f762
"""ant""",83,https://github.com/apache/ant/commit/52b1c4fdf382ffa9f1917ad0fc7549ad81a31377,https://github.com/apache/ant/commit/99bb33d67b1df68adaa1e6d31dde7ce3e722c3f9
"""ant""",82,,
"""ant""",68,,
"""ant""",51,https://github.com/apache/ant/commit/759a9c1263e8bb0a710c638960756af2e0971bc4,https://github.com/apache/ant/commit/17f06a9f0f728f8346500bbea9f7fea33c3334fb
"""ant""",37,https://github.com/apache/ant/commit/ba523838f5529a6a319bfa17fcecb68ddebcf9e0,https://github.com/apache/ant/commit/07c54f0bb1ee4a273798552f4df9148e96313c21
"""ant""",31,,
"""ant""",14,https://github.com/apache/ant/commit/bef95932e0f65a24f99cdb069e77b7640bba8791,https://github.com/apache/ant/commit/568c3eeb96badf1e47380fd3e641cfc9a9ee935e
"""ant""",9,,
"""ant""",8,,
"""ant""",6,,
"""ant""",3,,
