repo,pr_number,before_commit,after_commit
"""fineract-cn-deposit-account-management""",13,,
"""fineract-cn-deposit-account-management""",12,,
"""fineract-cn-deposit-account-management""",11,,
"""fineract-cn-deposit-account-management""",10,,
"""fineract-cn-deposit-account-management""",9,,
"""fineract-cn-deposit-account-management""",8,,
"""fineract-cn-deposit-account-management""",7,,
"""fineract-cn-deposit-account-management""",6,,
"""fineract-cn-deposit-account-management""",5,,
"""fineract-cn-deposit-account-management""",4,,
"""fineract-cn-deposit-account-management""",3,,
"""fineract-cn-deposit-account-management""",2,,
"""fineract-cn-deposit-account-management""",1,,
