repo,pr_number,before_commit,after_commit
"""dubbo-samples""",116,,
"""dubbo-samples""",111,,
"""dubbo-samples""",109,,
"""dubbo-samples""",107,,
"""dubbo-samples""",106,,
"""dubbo-samples""",104,,
"""dubbo-samples""",100,,
"""dubbo-samples""",97,,
"""dubbo-samples""",94,,
"""dubbo-samples""",92,,
"""dubbo-samples""",91,,
"""dubbo-samples""",90,,
"""dubbo-samples""",88,,
"""dubbo-samples""",87,,
"""dubbo-samples""",86,,
"""dubbo-samples""",78,,
"""dubbo-samples""",76,https://github.com/apache/dubbo-samples/commit/a5e0521e913f71a564d643371dc99fc425131fbb,https://github.com/apache/dubbo-samples/commit/6909bd7bc5ee3b02dee5ea5da4efb65e061ea976
"""dubbo-samples""",74,https://github.com/apache/dubbo-samples/commit/cb96ab4bfbfd641b67589f3e8cde40f33d0974d2,https://github.com/apache/dubbo-samples/commit/7959fe56ee87a6d08aaf0394625621ac3f510e5f
"""dubbo-samples""",68,,
"""dubbo-samples""",60,,
"""dubbo-samples""",59,,
"""dubbo-samples""",58,,
"""dubbo-samples""",56,,
"""dubbo-samples""",55,,
"""dubbo-samples""",54,,
"""dubbo-samples""",49,,
"""dubbo-samples""",47,,
"""dubbo-samples""",39,,
"""dubbo-samples""",35,,
"""dubbo-samples""",34,,
"""dubbo-samples""",33,,
"""dubbo-samples""",32,,
"""dubbo-samples""",28,,
"""dubbo-samples""",27,,
"""dubbo-samples""",24,,
"""dubbo-samples""",23,,
"""dubbo-samples""",22,,
"""dubbo-samples""",20,,
"""dubbo-samples""",19,,
"""dubbo-samples""",17,,
"""dubbo-samples""",16,,
"""dubbo-samples""",15,,
"""dubbo-samples""",13,,
"""dubbo-samples""",7,,
"""dubbo-samples""",6,,
"""dubbo-samples""",2,,
"""dubbo-samples""",1,,
