repo,pr_number,before_commit,after_commit
"""brooklyn-docs""",291,https://github.com/apache/brooklyn-docs/commit/150e3f27de3d814c7eef9b8d2f21ed31344f7355,https://github.com/apache/brooklyn-docs/commit/faf1ac9be629caae6aa1fe98c64059c12f8cf32e
"""brooklyn-docs""",290,,
"""brooklyn-docs""",289,,
"""brooklyn-docs""",288,,
"""brooklyn-docs""",286,,
"""brooklyn-docs""",285,,
"""brooklyn-docs""",284,https://github.com/apache/brooklyn-docs/commit/48e3547cf8767dcfc1bf3d60190de4a116eaec66,https://github.com/apache/brooklyn-docs/commit/13273a7292889ce720a822460fa286d837a5a228
"""brooklyn-docs""",283,,
"""brooklyn-docs""",282,,
"""brooklyn-docs""",281,,
"""brooklyn-docs""",280,,
"""brooklyn-docs""",279,https://github.com/apache/brooklyn-docs/commit/d0361ee6a3916d6ffc2ce41fa206f6ba8aabf420,https://github.com/apache/brooklyn-docs/commit/7197fb27d5d7cdcc1628e96d1ef84b19bad61bb9
"""brooklyn-docs""",278,,
"""brooklyn-docs""",277,,
"""brooklyn-docs""",276,,
"""brooklyn-docs""",275,,
"""brooklyn-docs""",268,,
"""brooklyn-docs""",267,,
"""brooklyn-docs""",266,,
"""brooklyn-docs""",265,,
"""brooklyn-docs""",264,https://github.com/apache/brooklyn-docs/commit/c30d1fa129a478656ab3741622d37d90be981ecc,https://github.com/apache/brooklyn-docs/commit/ae53c49b4903ecda6b6657e2761e85e9e185b426
"""brooklyn-docs""",263,,
"""brooklyn-docs""",262,,
"""brooklyn-docs""",261,,
"""brooklyn-docs""",260,,
"""brooklyn-docs""",259,,
"""brooklyn-docs""",258,,
"""brooklyn-docs""",257,,
"""brooklyn-docs""",256,,
"""brooklyn-docs""",255,,
"""brooklyn-docs""",254,,
"""brooklyn-docs""",253,,
"""brooklyn-docs""",252,,
"""brooklyn-docs""",251,,
"""brooklyn-docs""",250,,
"""brooklyn-docs""",249,,
"""brooklyn-docs""",248,,
"""brooklyn-docs""",247,,
"""brooklyn-docs""",246,https://github.com/apache/brooklyn-docs/commit/704a89b431bc74ecfc2df13b863aa7b090993ae9,https://github.com/apache/brooklyn-docs/commit/269b4ea14b2ffd48a8666be5926086c207782fa3
"""brooklyn-docs""",244,,
"""brooklyn-docs""",243,,
"""brooklyn-docs""",242,,
"""brooklyn-docs""",241,,
"""brooklyn-docs""",240,,
"""brooklyn-docs""",239,,
"""brooklyn-docs""",238,https://github.com/apache/brooklyn-docs/commit/4f10a1c4883f66da1af33463cc7d5cf25ee72859,https://github.com/apache/brooklyn-docs/commit/23007cc9e4dfa8532aeee7ff923d74f0d476aa09
"""brooklyn-docs""",237,,
"""brooklyn-docs""",236,,
"""brooklyn-docs""",235,,
"""brooklyn-docs""",234,,
"""brooklyn-docs""",233,,
"""brooklyn-docs""",232,,
"""brooklyn-docs""",231,,
"""brooklyn-docs""",230,,
"""brooklyn-docs""",228,,
"""brooklyn-docs""",227,,
"""brooklyn-docs""",224,,
"""brooklyn-docs""",223,,
"""brooklyn-docs""",222,,
"""brooklyn-docs""",221,,
"""brooklyn-docs""",220,,
"""brooklyn-docs""",219,,
"""brooklyn-docs""",218,,
"""brooklyn-docs""",217,,
"""brooklyn-docs""",216,,
"""brooklyn-docs""",215,,
"""brooklyn-docs""",214,https://github.com/apache/brooklyn-docs/commit/dfac0ad65f73bf8a6ad27264583da87637219d89,https://github.com/apache/brooklyn-docs/commit/646da104470f21091ecbef9b4333d925b11c1352
"""brooklyn-docs""",213,https://github.com/apache/brooklyn-docs/commit/2398ab39df2e94d585acfe00e3c243d39b2012d3,https://github.com/apache/brooklyn-docs/commit/91484a67e416242797b604e01b6d1c6da48ba8bd
"""brooklyn-docs""",212,,
"""brooklyn-docs""",211,,
"""brooklyn-docs""",210,https://github.com/apache/brooklyn-docs/commit/457e45548378552d4436ae6dd0d9dd5310a986b8,https://github.com/apache/brooklyn-docs/commit/0a7a4ef6b1e743bcbd2f06c432321e35a881c88f
"""brooklyn-docs""",209,,
"""brooklyn-docs""",207,,
"""brooklyn-docs""",206,,
"""brooklyn-docs""",205,https://github.com/apache/brooklyn-docs/commit/6c10b6f749b683429df526b1b163793155a8b579,https://github.com/apache/brooklyn-docs/commit/08dea18b10ec2c40ba8ba917660bf828c2b2a328
"""brooklyn-docs""",204,,
"""brooklyn-docs""",203,,
"""brooklyn-docs""",202,,
"""brooklyn-docs""",201,,
"""brooklyn-docs""",200,,
"""brooklyn-docs""",199,,
"""brooklyn-docs""",198,https://github.com/apache/brooklyn-docs/commit/9e0027f04410a6df00ded86a78a5e43a160592e9,https://github.com/apache/brooklyn-docs/commit/939e2d4dfdbcd88685168c3ae6c781e595f40212
"""brooklyn-docs""",197,,
"""brooklyn-docs""",196,,
"""brooklyn-docs""",195,https://github.com/apache/brooklyn-docs/commit/b8db4004e37f47cb30637b035c6db2f21ed76d39,https://github.com/apache/brooklyn-docs/commit/d3e339d7c5fcb3ef52bbd4096bb994a3c2aeb4d9
"""brooklyn-docs""",194,,
"""brooklyn-docs""",193,,
"""brooklyn-docs""",192,,
"""brooklyn-docs""",191,,
"""brooklyn-docs""",190,,
"""brooklyn-docs""",189,,
"""brooklyn-docs""",188,,
"""brooklyn-docs""",187,,
"""brooklyn-docs""",184,,
"""brooklyn-docs""",182,,
"""brooklyn-docs""",181,,
"""brooklyn-docs""",180,,
"""brooklyn-docs""",179,https://github.com/apache/brooklyn-docs/commit/8a510803792fd062dc1fde1849103d14fb310050,https://github.com/apache/brooklyn-docs/commit/f9e0ffb68f7d9644e0717598f2386184e21d428c
"""brooklyn-docs""",178,https://github.com/apache/brooklyn-docs/commit/6c9309a267d2ad36348beef572c4e66d765e18c6,https://github.com/apache/brooklyn-docs/commit/54caed76924688ffca78831fa8bcd40907cfa8d5
"""brooklyn-docs""",177,,
"""brooklyn-docs""",175,https://github.com/apache/brooklyn-docs/commit/1051d1a78ea8abc044293fa87ad4997cfae9618b,https://github.com/apache/brooklyn-docs/commit/49608190d5f919b41aac5a643db9e879733a4cd2
"""brooklyn-docs""",174,https://github.com/apache/brooklyn-docs/commit/31e913397756f2834dcb526399377caef5edb7e2,https://github.com/apache/brooklyn-docs/commit/63e3296b02bcef51e1cafa1471b690daee98c5e9
"""brooklyn-docs""",173,,
"""brooklyn-docs""",172,https://github.com/apache/brooklyn-docs/commit/1bdfa621a2c7476b5dd45a97a852987494b35905,https://github.com/apache/brooklyn-docs/commit/683a3ee1a792e9e80eb8359328cb388056cd85a0
"""brooklyn-docs""",170,,
"""brooklyn-docs""",169,https://github.com/apache/brooklyn-docs/commit/8a4cca53f7a9489e6690834e63d2e9355f3dc488,https://github.com/apache/brooklyn-docs/commit/255ba96d7d9e089d1695bdb273a1852697279e4d
"""brooklyn-docs""",168,,
"""brooklyn-docs""",167,,
"""brooklyn-docs""",166,,
"""brooklyn-docs""",165,https://github.com/apache/brooklyn-docs/commit/ce1d8675db74d6adfedf499cd2175d44ecffa1b7,https://github.com/apache/brooklyn-docs/commit/62a86ce178bfc14fc6a4c6df19134c252b743115
"""brooklyn-docs""",163,,
"""brooklyn-docs""",162,https://github.com/apache/brooklyn-docs/commit/b0d53268ff3b552d90c330c4df639b26e7fb302d,https://github.com/apache/brooklyn-docs/commit/733dcb5bd606ea335f91b69c8da17bcda6bf8e14
"""brooklyn-docs""",161,,
"""brooklyn-docs""",160,https://github.com/apache/brooklyn-docs/commit/c34dd0c2648c579594ed90476367547f14ffa7a3,https://github.com/apache/brooklyn-docs/commit/b26efb33fdfc58c724b836a2299336e31f3fa0a2
"""brooklyn-docs""",159,https://github.com/apache/brooklyn-docs/commit/30f4bc14330a77499056319b33b3e9eb1a5840cc,https://github.com/apache/brooklyn-docs/commit/77a7a06f1df9841960619cdca940b66dcb5d39b1
"""brooklyn-docs""",157,https://github.com/apache/brooklyn-docs/commit/bd824fd52e59fbc40c1f4b102d5ce996dff7dcd4,https://github.com/apache/brooklyn-docs/commit/feedceaf6cd5beef2adf5a1e4404c19fe8ebe0a0
"""brooklyn-docs""",155,https://github.com/apache/brooklyn-docs/commit/150977de06590c732de4c5d1a9b39a147ec3b0c8,https://github.com/apache/brooklyn-docs/commit/65bc77b6a97bd036706476483f1d6b67b6064439
"""brooklyn-docs""",154,https://github.com/apache/brooklyn-docs/commit/2e3be4938c0d8e84c08bc9294c535d07201b67f8,https://github.com/apache/brooklyn-docs/commit/b3b3b9fb9edcd8aa2e5ccce5bbdb0afeb0d4c6f6
"""brooklyn-docs""",153,,
"""brooklyn-docs""",152,https://github.com/apache/brooklyn-docs/commit/b92f0c47c7f7ce220ac4252ba7aa248ad4362e15,https://github.com/apache/brooklyn-docs/commit/f3eac3ae996467ae55962d96c3ad3cee1754a7b6
"""brooklyn-docs""",151,,
"""brooklyn-docs""",150,,
"""brooklyn-docs""",149,https://github.com/apache/brooklyn-docs/commit/40bab8fb1c7e40124b6e5b01ada691411cc85228,https://github.com/apache/brooklyn-docs/commit/27b7e358a5ed86d9bbaaaccb02990a4a3c177068
"""brooklyn-docs""",148,https://github.com/apache/brooklyn-docs/commit/5b8a55c148ae2a477a30bbebd1c7f008c419d9cf,https://github.com/apache/brooklyn-docs/commit/31382c8d420aee34fa56fc7b8edf034b5f4292bf
"""brooklyn-docs""",147,,
"""brooklyn-docs""",146,,
"""brooklyn-docs""",145,,
"""brooklyn-docs""",144,https://github.com/apache/brooklyn-docs/commit/365d63a9c94fa2df70cb20cb301c5a87a21fe52d,https://github.com/apache/brooklyn-docs/commit/6e59fe1597a23eca9b5e8141ae6d432c6f14bd91
"""brooklyn-docs""",143,https://github.com/apache/brooklyn-docs/commit/756ed30836789c52df2c0bfefd2fab268a78415e,https://github.com/apache/brooklyn-docs/commit/85294406a0f01ab8e7a38ca89ef959810bf99ffe
"""brooklyn-docs""",142,https://github.com/apache/brooklyn-docs/commit/c0fcdaac46ae568ac08963afca93133d15997e5e,https://github.com/apache/brooklyn-docs/commit/e8ae2d1282619e95041c9a9dfd8f913bdeda684c
"""brooklyn-docs""",141,,
"""brooklyn-docs""",140,,
"""brooklyn-docs""",139,,
"""brooklyn-docs""",138,https://github.com/apache/brooklyn-docs/commit/ba139a84eaf7e3cf925fb2783f545272e834d82a,https://github.com/apache/brooklyn-docs/commit/2c9663aba5b945a6e4e6f647b83652b0d6698671
"""brooklyn-docs""",137,https://github.com/apache/brooklyn-docs/commit/3ff7614ae96170183aa0fd5254e7d720337af506,https://github.com/apache/brooklyn-docs/commit/4393850e3ae161df4e64b0278738d086032921b6
"""brooklyn-docs""",136,https://github.com/apache/brooklyn-docs/commit/424c9b9e7f81c009dc904f6d4f16e7e9e6ec0177,https://github.com/apache/brooklyn-docs/commit/9f9710526a0029295e0e4b7849c14f21ee3aeb5b
"""brooklyn-docs""",135,,
"""brooklyn-docs""",134,,
"""brooklyn-docs""",133,,
"""brooklyn-docs""",131,https://github.com/apache/brooklyn-docs/commit/8051c0420c763a8f8d601319dba950e298325d0b,https://github.com/apache/brooklyn-docs/commit/6dab0b0c204a0209efbb57899f4e5c186d55c2d3
"""brooklyn-docs""",130,https://github.com/apache/brooklyn-docs/commit/4dee5068d46ee53f1288ff898bbe11158f77b6ba,https://github.com/apache/brooklyn-docs/commit/68098d17de93e2091e7ef08f9a0453ba5e59e10c
"""brooklyn-docs""",129,https://github.com/apache/brooklyn-docs/commit/d9b7ff5781d1105d2add2a9b2e2e08c0fa531ebd,https://github.com/apache/brooklyn-docs/commit/55d21a509d8fc521867fc4226d8153424c879813
"""brooklyn-docs""",127,,
"""brooklyn-docs""",126,,
"""brooklyn-docs""",125,https://github.com/apache/brooklyn-docs/commit/40ec79f6e1de22c93f7e52f2eee819ad8ba8d8ee,https://github.com/apache/brooklyn-docs/commit/b700c8ec3610e8af2df580dafa107359c8435603
"""brooklyn-docs""",124,,
"""brooklyn-docs""",123,,
"""brooklyn-docs""",122,,
"""brooklyn-docs""",121,,
"""brooklyn-docs""",120,,
"""brooklyn-docs""",119,https://github.com/apache/brooklyn-docs/commit/c42a8ca81a8ccca214c73e9cdd59b5e87c115493,https://github.com/apache/brooklyn-docs/commit/6631963caff3df41880daebc75b9b440e380c397
"""brooklyn-docs""",118,,
"""brooklyn-docs""",117,https://github.com/apache/brooklyn-docs/commit/7dbb4b20e624131d1ab8c335363055bb6ff2fdf7,https://github.com/apache/brooklyn-docs/commit/6d88209a3b408b88d43b081ea8d6e495507c953b
"""brooklyn-docs""",116,,
"""brooklyn-docs""",115,,
"""brooklyn-docs""",114,,
"""brooklyn-docs""",113,https://github.com/apache/brooklyn-docs/commit/11ba3bc539966c15f20076892c5b2d21a10c2d0e,https://github.com/apache/brooklyn-docs/commit/5c5b0e253efafe49981c8ec43a52885fe6e850a7
"""brooklyn-docs""",112,https://github.com/apache/brooklyn-docs/commit/d12e619252dc087cf5e8b3c7c4ee53d5f246f7a1,https://github.com/apache/brooklyn-docs/commit/a12ebc83c58493004b0dc4a206eed43c44bcb778
"""brooklyn-docs""",111,,
"""brooklyn-docs""",110,,
"""brooklyn-docs""",109,,
"""brooklyn-docs""",108,,
"""brooklyn-docs""",107,,
"""brooklyn-docs""",106,https://github.com/apache/brooklyn-docs/commit/0547cfd67c300d0387fcc4e0b2992495d53f7844,https://github.com/apache/brooklyn-docs/commit/e466288e9b082aaede6d8dcb4c2b67023e125099
"""brooklyn-docs""",105,,
"""brooklyn-docs""",104,,
"""brooklyn-docs""",103,,
"""brooklyn-docs""",102,,
"""brooklyn-docs""",101,https://github.com/apache/brooklyn-docs/commit/f989e4a8d36cb3149a2a4b166c976f209178dcc1,https://github.com/apache/brooklyn-docs/commit/0060d25a8994f7d76c955f57cd080b01a1da5e4e
"""brooklyn-docs""",100,,
"""brooklyn-docs""",99,https://github.com/apache/brooklyn-docs/commit/899537a98066e0ae3b25b99f1ca17f4a2c6d18a7,https://github.com/apache/brooklyn-docs/commit/f88acb695663c0a3f06bbb5afc082133b4b249ce
"""brooklyn-docs""",98,https://github.com/apache/brooklyn-docs/commit/183dfcd4ce7e93fe4f576dab8fb38cc156cb154e,https://github.com/apache/brooklyn-docs/commit/5f5fe0d3143cdde579d7e3a7c69d2969ad0d49f0
"""brooklyn-docs""",96,,
"""brooklyn-docs""",95,,
"""brooklyn-docs""",94,,
"""brooklyn-docs""",93,https://github.com/apache/brooklyn-docs/commit/3771e0ffc319235711def1829649959eb2fef9fc,https://github.com/apache/brooklyn-docs/commit/cf24d4a0b61da5138b3ee10ed1a29407a75195ef
"""brooklyn-docs""",91,,
"""brooklyn-docs""",90,https://github.com/apache/brooklyn-docs/commit/236b48438577475f4bb9ee45973bfb3938c1ed55,https://github.com/apache/brooklyn-docs/commit/d0da6389ab9a932a02dd6c7ec68f36d940f20091
"""brooklyn-docs""",89,https://github.com/apache/brooklyn-docs/commit/db76a6bebaf45707d3de2d2acc875fe18e056759,https://github.com/apache/brooklyn-docs/commit/3930fc3314190c6c57bb0d1def2ba6d2c73c8698
"""brooklyn-docs""",88,https://github.com/apache/brooklyn-docs/commit/c53de2486b5909cdcba5ab3a0ce78ab1236759a5,https://github.com/apache/brooklyn-docs/commit/044f2a8305cf4507b38596193f6e6c711d4253cb
"""brooklyn-docs""",87,,
"""brooklyn-docs""",86,,
"""brooklyn-docs""",85,,
"""brooklyn-docs""",84,,
"""brooklyn-docs""",83,,
"""brooklyn-docs""",82,,
"""brooklyn-docs""",81,,
"""brooklyn-docs""",80,https://github.com/apache/brooklyn-docs/commit/b903ab595facf8599c82dc8711acda5f7fe020d9,https://github.com/apache/brooklyn-docs/commit/3b33f177f8a04f4f638cbef2a13780573a4ecaf4
"""brooklyn-docs""",79,,
"""brooklyn-docs""",78,https://github.com/apache/brooklyn-docs/commit/ee797d0c51e047ccfec47b23fe6c58f591bd661b,https://github.com/apache/brooklyn-docs/commit/3a8cd9dacd91dcabf172565344e66ccde9edf01a
"""brooklyn-docs""",77,,
"""brooklyn-docs""",76,,
"""brooklyn-docs""",75,https://github.com/apache/brooklyn-docs/commit/ac98367b94366a494f2204a199817f098e1a459c,https://github.com/apache/brooklyn-docs/commit/c422a10fb3867783b1b98cf9d1e59af949e6e723
"""brooklyn-docs""",74,,
"""brooklyn-docs""",73,https://github.com/apache/brooklyn-docs/commit/e4dd243d399cb8883586e6d5d5b05f90d322df11,https://github.com/apache/brooklyn-docs/commit/669b2e94ee46446de7b1f0947e79e97c7f23d78a
"""brooklyn-docs""",71,,
"""brooklyn-docs""",70,,
"""brooklyn-docs""",69,,
"""brooklyn-docs""",67,,
"""brooklyn-docs""",66,https://github.com/apache/brooklyn-docs/commit/5a7d1829717510a74c102b17965d68f283dab893,https://github.com/apache/brooklyn-docs/commit/473d2e8c640976c133fd8c82eec0675baf087676
"""brooklyn-docs""",65,,
"""brooklyn-docs""",64,,
"""brooklyn-docs""",63,,
"""brooklyn-docs""",62,,
"""brooklyn-docs""",61,,
"""brooklyn-docs""",60,,
"""brooklyn-docs""",59,,
"""brooklyn-docs""",57,,
"""brooklyn-docs""",56,,
"""brooklyn-docs""",55,,
"""brooklyn-docs""",54,,
"""brooklyn-docs""",53,https://github.com/apache/brooklyn-docs/commit/cabd7f86eadf06c276f3e852d4d09184e705af2f,https://github.com/apache/brooklyn-docs/commit/e71ba38cd2b65359bff6ac404260eb5ccb43be4e
"""brooklyn-docs""",52,,
"""brooklyn-docs""",51,,
"""brooklyn-docs""",50,,
"""brooklyn-docs""",49,,
"""brooklyn-docs""",48,,
"""brooklyn-docs""",47,,
"""brooklyn-docs""",45,https://github.com/apache/brooklyn-docs/commit/ea75d6f803022576ed8691a7a3d13a65e7069818,https://github.com/apache/brooklyn-docs/commit/c3bb5d3923ad93a7daaab109b026000993cdc547
"""brooklyn-docs""",44,https://github.com/apache/brooklyn-docs/commit/861c4275c9e9e39815b26c379da056ccbdbafdf7,https://github.com/apache/brooklyn-docs/commit/9e1f1c14611e61acd3504b904ea18009a1f840d0
"""brooklyn-docs""",43,,
"""brooklyn-docs""",42,,
"""brooklyn-docs""",41,,
"""brooklyn-docs""",40,,
"""brooklyn-docs""",39,https://github.com/apache/brooklyn-docs/commit/34a6684465265a21dea64e2b7781111e46a7eabe,https://github.com/apache/brooklyn-docs/commit/687c07ee8050ccd9c4d730af35540173e70ae76b
"""brooklyn-docs""",38,,
"""brooklyn-docs""",37,,
"""brooklyn-docs""",36,https://github.com/apache/brooklyn-docs/commit/9214ca9c69e3badfb629caacd2c58b6631006941,https://github.com/apache/brooklyn-docs/commit/6db8984184128ad0aa7252045883f9599d421509
"""brooklyn-docs""",35,,
"""brooklyn-docs""",34,,
"""brooklyn-docs""",33,https://github.com/apache/brooklyn-docs/commit/a8e58fbdd803d484aa448037105b5d51664e766a,https://github.com/apache/brooklyn-docs/commit/6bdb1b96c65786ad9d2d0b1bd38de35cef9e9897
"""brooklyn-docs""",32,,
"""brooklyn-docs""",31,https://github.com/apache/brooklyn-docs/commit/0a77d7ee7a83d414fa37fc920aa45c18699d08a6,https://github.com/apache/brooklyn-docs/commit/fbfa12d669b4f5cd39305cc6300c0709c9c2c058
"""brooklyn-docs""",30,https://github.com/apache/brooklyn-docs/commit/6f654082143b9aae801542e2a5c325a33455b882,https://github.com/apache/brooklyn-docs/commit/26c6bca65b40ecc48ca8809f5192b5612e75a984
"""brooklyn-docs""",29,https://github.com/apache/brooklyn-docs/commit/8a5fcc34410d86d9c8431651d6c42d09375449a9,https://github.com/apache/brooklyn-docs/commit/c38e9544323b7df6decb7eb679cd7dbaa7c22d6f
"""brooklyn-docs""",28,,
"""brooklyn-docs""",27,,
"""brooklyn-docs""",26,,
"""brooklyn-docs""",25,,
"""brooklyn-docs""",24,,
"""brooklyn-docs""",23,,
"""brooklyn-docs""",22,,
"""brooklyn-docs""",21,https://github.com/apache/brooklyn-docs/commit/8ab29c4056dc6cc4e3b2cb0c294e6ca5c0b27f48,https://github.com/apache/brooklyn-docs/commit/5d9ea1b57fd725611d1732ab581add8c140986a9
"""brooklyn-docs""",20,,
"""brooklyn-docs""",19,,
"""brooklyn-docs""",18,,
"""brooklyn-docs""",17,,
"""brooklyn-docs""",16,,
"""brooklyn-docs""",15,,
"""brooklyn-docs""",14,,
"""brooklyn-docs""",13,,
"""brooklyn-docs""",11,https://github.com/apache/brooklyn-docs/commit/3ed07137e2e8b6dcd33126f45b0ab262f1473239,https://github.com/apache/brooklyn-docs/commit/6a4559bf7d30b6535a4f20881d31eff3ea98189e
"""brooklyn-docs""",10,,
"""brooklyn-docs""",9,,
"""brooklyn-docs""",7,,
"""brooklyn-docs""",6,https://github.com/apache/brooklyn-docs/commit/fe3cc4a103306b7849e6891dd1bc73cd71f37484,https://github.com/apache/brooklyn-docs/commit/25bf3bb9e4059cff850040d50dd33ed0ae33d465
"""brooklyn-docs""",5,https://github.com/apache/brooklyn-docs/commit/0be1b47cc75e92d58a9f7ca944655952f449db79,https://github.com/apache/brooklyn-docs/commit/54b00bf8a1f7c1b0df345b991c68b451ceec8900
"""brooklyn-docs""",4,,
"""brooklyn-docs""",3,,
"""brooklyn-docs""",2,,
"""brooklyn-docs""",1,,
