repo,pr_number,before_commit,after_commit
"""commons-vfs""",71,https://github.com/apache/commons-vfs/commit/67aef2a02eae2f38d61a8ed15701f2d501ddcdc4,https://github.com/apache/commons-vfs/commit/ef071a09a5b883f290a951a2d09bf86419c71699
"""commons-vfs""",70,,
"""commons-vfs""",69,,
"""commons-vfs""",67,,
"""commons-vfs""",66,https://github.com/apache/commons-vfs/commit/8ab89d3de59fbe155dff33e77b7b47806b4500d7,https://github.com/apache/commons-vfs/commit/5ebdd4ad13aa6353e9cfceb6df75dce917bf5097
"""commons-vfs""",65,,
"""commons-vfs""",64,https://github.com/apache/commons-vfs/commit/00ce4138436e7cdbd689a54955365c50f8db2bfd,https://github.com/apache/commons-vfs/commit/770281f4ff56dd37a9674d93b61f822c7758c1c8
"""commons-vfs""",59,https://github.com/apache/commons-vfs/commit/e686d289a70da09a2f39c3136f00c341e2765b34,https://github.com/apache/commons-vfs/commit/d613d99de58e70213a4d05f219721009f0ca9d14
"""commons-vfs""",58,,
"""commons-vfs""",57,,
"""commons-vfs""",56,,
"""commons-vfs""",55,,
"""commons-vfs""",44,,
"""commons-vfs""",35,https://github.com/apache/commons-vfs/commit/d6a44e9a24fa5ff51ea21962746b2d0884d890d2,https://github.com/apache/commons-vfs/commit/1f7b680bfdf048abe681d6f6e6a9e0f72676b2c5
