repo,pr_number,before_commit,after_commit
"""fineract-cn-notifications""",17,https://github.com/apache/fineract-cn-notifications/commit/bc03e8fde40c359cc544554229c7daf44702cceb,https://github.com/apache/fineract-cn-notifications/commit/fb20e5d066565cb29bff644113f59d4e46449c38
"""fineract-cn-notifications""",16,,
"""fineract-cn-notifications""",15,,
"""fineract-cn-notifications""",14,https://github.com/apache/fineract-cn-notifications/commit/2d47cab6377c1bc533fea51bc68491706362f094,https://github.com/apache/fineract-cn-notifications/commit/4530fc017d399cdd0747f235e16fb62d4386678e
"""fineract-cn-notifications""",13,https://github.com/apache/fineract-cn-notifications/commit/b10c675ed47590479609ae6bd83c7b26d2a89969,https://github.com/apache/fineract-cn-notifications/commit/5a04ac377cb2fdd6cdb90838b4050ea61f901c1b
"""fineract-cn-notifications""",12,,
"""fineract-cn-notifications""",11,https://github.com/apache/fineract-cn-notifications/commit/2c4b9f53a6e14989ca4345fb978ab2a58bd73da3,https://github.com/apache/fineract-cn-notifications/commit/6b0cd7aacdfe4776ec5df59ccef17b7259c0d978
"""fineract-cn-notifications""",10,https://github.com/apache/fineract-cn-notifications/commit/8ea76e41b120f6354c16082b9f9c817ce2c6eca1,https://github.com/apache/fineract-cn-notifications/commit/f3deeaab97b23be491a4cf012397a369d5aa1ce6
"""fineract-cn-notifications""",7,,
"""fineract-cn-notifications""",6,https://github.com/apache/fineract-cn-notifications/commit/a86a3e089e9d525cee3c8c706612223f0ad2003b,https://github.com/apache/fineract-cn-notifications/commit/6b1b5f7c568c5c874d2dfff854d148b9d7284308
