repo,pr_number,before_commit,after_commit
"""commons-imaging""",51,,
"""commons-imaging""",48,,
"""commons-imaging""",47,,
"""commons-imaging""",46,https://github.com/apache/commons-imaging/commit/43ae36dc67ccc512db0051801d055f3ac1232eee,https://github.com/apache/commons-imaging/commit/d328b7f1c3c7e597f4d0c5fa9adb01f8a5a1193a
"""commons-imaging""",45,https://github.com/apache/commons-imaging/commit/1122d06cbb56b6bfd77901f63d036e0c0e509200,https://github.com/apache/commons-imaging/commit/56da5a3d59c0740be15501f41a30ffb61c965b4b
"""commons-imaging""",44,https://github.com/apache/commons-imaging/commit/912cab02c5a094d31a09a2872794127d020761c4,https://github.com/apache/commons-imaging/commit/08ffc103c8fc401c446ecd91176869bc66e46a0e
"""commons-imaging""",42,,
"""commons-imaging""",41,,
"""commons-imaging""",39,https://github.com/apache/commons-imaging/commit/5da5d61a4002b73a2ad617457ac44b613602eb28,https://github.com/apache/commons-imaging/commit/f5574bfe285edd79207fe8c30f53cb0af06e26bb
"""commons-imaging""",35,https://github.com/apache/commons-imaging/commit/96b0a18e3c0ac435da85a3cf361975e2e77aa7f0,https://github.com/apache/commons-imaging/commit/8f8655bb5bb50213227aeafcb2887975119577df
