repo,pr_number,before_commit,after_commit
"""jmeter""",487,,
"""jmeter""",478,,
"""jmeter""",477,,
"""jmeter""",476,,
"""jmeter""",475,,
"""jmeter""",474,https://github.com/apache/jmeter/commit/5b8eaefb2358cfe565a6ae0936c4a37cb71807c0,https://github.com/apache/jmeter/commit/4fa9dd698e31d3d4c2c37b99d0d6c484e7b2d723
"""jmeter""",472,https://github.com/apache/jmeter/commit/6b8abf9539675770a3b204d9c3986da664a863fc,https://github.com/apache/jmeter/commit/e88ca48815c19904ac0de97a8021d9efad1fe96c
"""jmeter""",470,,
"""jmeter""",469,https://github.com/apache/jmeter/commit/4dd6da347dac6dbd03347df6c321ea718fa063ae,https://github.com/apache/jmeter/commit/2be94e85daf5307f02cae89b1f0b603066123f59
"""jmeter""",468,,
