repo,pr_number,before_commit,after_commit
"""incubator-weex-playground""",17,,
"""incubator-weex-playground""",16,,
"""incubator-weex-playground""",15,,
"""incubator-weex-playground""",14,,
"""incubator-weex-playground""",13,,
"""incubator-weex-playground""",11,,
"""incubator-weex-playground""",10,,
"""incubator-weex-playground""",9,,
"""incubator-weex-playground""",8,https://github.com/apache/incubator-weex-playground/commit/62a25c403d3c5b9fc16ba8c555a40e86fd2dc0e4,https://github.com/apache/incubator-weex-playground/commit/22f4f7bece5418ebb08d9f991b0bbf8e98abe66d
"""incubator-weex-playground""",7,,
"""incubator-weex-playground""",6,,
"""incubator-weex-playground""",5,,
"""incubator-weex-playground""",4,,
"""incubator-weex-playground""",3,,
"""incubator-weex-playground""",2,,
"""incubator-weex-playground""",1,,
