repo,pr_number,before_commit,after_commit
"""incubator-heron""",3336,,
"""incubator-heron""",3335,,
"""incubator-heron""",3331,,
"""incubator-heron""",3327,,
"""incubator-heron""",3326,,
"""incubator-heron""",3325,,
"""incubator-heron""",3324,,
"""incubator-heron""",3323,,
"""incubator-heron""",3322,,
"""incubator-heron""",3321,,
"""incubator-heron""",3320,,
"""incubator-heron""",3317,,
"""incubator-heron""",3316,,
"""incubator-heron""",3315,,
"""incubator-heron""",3314,,
"""incubator-heron""",3313,,
"""incubator-heron""",3312,,
"""incubator-heron""",3311,,
"""incubator-heron""",3310,,
"""incubator-heron""",3309,,
"""incubator-heron""",3307,,
"""incubator-heron""",3306,,
"""incubator-heron""",3302,,
"""incubator-heron""",3301,,
"""incubator-heron""",3300,,
"""incubator-heron""",3299,https://github.com/apache/incubator-heron/commit/4934fb23410464836c9c50703efba5bca7fe1a40,https://github.com/apache/incubator-heron/commit/176eefcdf93b07402e4f15e5788929be1650e9c8
"""incubator-heron""",3298,,
"""incubator-heron""",3297,,
"""incubator-heron""",3296,,
"""incubator-heron""",3295,,
"""incubator-heron""",3293,,
"""incubator-heron""",3292,,
"""incubator-heron""",3291,,
"""incubator-heron""",3290,,
"""incubator-heron""",3289,,
"""incubator-heron""",3286,,
"""incubator-heron""",3285,,
"""incubator-heron""",3284,,
"""incubator-heron""",3283,,
"""incubator-heron""",3282,https://github.com/apache/incubator-heron/commit/6eb1b74519ac92ca09affed83046072a7e12608e,https://github.com/apache/incubator-heron/commit/261e9af18f3c240b833c2a52d254b2b0b51e79cf
"""incubator-heron""",3280,,
"""incubator-heron""",3279,,
"""incubator-heron""",3277,,
"""incubator-heron""",3276,,
"""incubator-heron""",3275,,
"""incubator-heron""",3273,,
"""incubator-heron""",3272,,
"""incubator-heron""",3271,,
"""incubator-heron""",3269,,
"""incubator-heron""",3261,,
"""incubator-heron""",3258,,
"""incubator-heron""",3257,,
"""incubator-heron""",3256,,
"""incubator-heron""",3254,,
"""incubator-heron""",3253,,
"""incubator-heron""",3252,,
"""incubator-heron""",3251,https://github.com/apache/incubator-heron/commit/d2b8d62336c45ddf7d81f61feb3169d73d6150f8,https://github.com/apache/incubator-heron/commit/11ff6d325aa21dde3811da1f91506860a996b0b4
"""incubator-heron""",3250,,
"""incubator-heron""",3248,https://github.com/apache/incubator-heron/commit/16313f529e6f647f126797f9d4c3db23b2d73acd,https://github.com/apache/incubator-heron/commit/e26cddfbf2c15a7ccab68b090f07f6db9f126773
"""incubator-heron""",3245,,
"""incubator-heron""",3244,,
"""incubator-heron""",3240,,
"""incubator-heron""",3237,,
"""incubator-heron""",3236,,
"""incubator-heron""",3235,,
"""incubator-heron""",3233,,
"""incubator-heron""",3230,,
"""incubator-heron""",3229,,
"""incubator-heron""",3228,,
"""incubator-heron""",3226,,
"""incubator-heron""",3225,,
"""incubator-heron""",3224,,
"""incubator-heron""",3223,,
"""incubator-heron""",3221,,
"""incubator-heron""",3220,,
"""incubator-heron""",3219,,
"""incubator-heron""",3218,,
"""incubator-heron""",3216,,
"""incubator-heron""",3215,,
"""incubator-heron""",3214,,
"""incubator-heron""",3212,,
"""incubator-heron""",3209,https://github.com/apache/incubator-heron/commit/13fa1cc5546f73956f3e483e3058c211747d7330,https://github.com/apache/incubator-heron/commit/0b2c5f8b4f9113d8ccd1528f9600ad4e8937e07e
"""incubator-heron""",3208,,
"""incubator-heron""",3206,,
"""incubator-heron""",3205,,
"""incubator-heron""",3203,,
"""incubator-heron""",3201,https://github.com/apache/incubator-heron/commit/1d081e942540afbc5c79a285c9a6f1b96af886a3,https://github.com/apache/incubator-heron/commit/50d8352841a5191745ba521f9d7d207215484a93
"""incubator-heron""",3200,,
"""incubator-heron""",3199,,
"""incubator-heron""",3198,,
"""incubator-heron""",3197,,
"""incubator-heron""",3195,https://github.com/apache/incubator-heron/commit/eb8b3458655784e5fedf464c847980eed9fbeffd,https://github.com/apache/incubator-heron/commit/7b9b5b35f64a5b419a45cc18244ce642868131f8
"""incubator-heron""",3194,,
"""incubator-heron""",3193,,
"""incubator-heron""",3192,,
"""incubator-heron""",3191,,
"""incubator-heron""",3190,,
"""incubator-heron""",3188,,
"""incubator-heron""",3187,https://github.com/apache/incubator-heron/commit/e0ae1a3e1949c5e5df84ea5023b08370e99f9bb3,https://github.com/apache/incubator-heron/commit/565eaea624b9ff3c062c46937a5cfb57c29037a7
"""incubator-heron""",3186,,
"""incubator-heron""",3185,,
"""incubator-heron""",3182,,
"""incubator-heron""",3181,,
"""incubator-heron""",3180,https://github.com/apache/incubator-heron/commit/e04b9be32a868c00810fc1d761594f9bc65dc994,https://github.com/apache/incubator-heron/commit/4a6f94e0003a1cc02dd04189ef1f9514f1b665d0
"""incubator-heron""",3178,,
"""incubator-heron""",3177,,
"""incubator-heron""",3176,,
"""incubator-heron""",3175,,
"""incubator-heron""",3174,,
"""incubator-heron""",3171,,
"""incubator-heron""",3169,,
"""incubator-heron""",3168,,
"""incubator-heron""",3167,https://github.com/apache/incubator-heron/commit/35a994077ac078490278262fb3fbddf4df7cf0b4,https://github.com/apache/incubator-heron/commit/c793ca5de044592bda104ca0af080f4e1e845fc3
"""incubator-heron""",3164,,
"""incubator-heron""",3163,,
"""incubator-heron""",3162,,
"""incubator-heron""",3161,,
"""incubator-heron""",3160,,
"""incubator-heron""",3157,,
"""incubator-heron""",3156,,
"""incubator-heron""",3155,,
"""incubator-heron""",3153,,
"""incubator-heron""",3152,,
"""incubator-heron""",3151,,
"""incubator-heron""",3150,,
"""incubator-heron""",3149,,
"""incubator-heron""",3148,,
"""incubator-heron""",3147,,
"""incubator-heron""",3146,,
"""incubator-heron""",3145,,
"""incubator-heron""",3144,,
"""incubator-heron""",3143,,
"""incubator-heron""",3142,https://github.com/apache/incubator-heron/commit/dc78dbb5b27fb3eaf35aae33ce7f2652de3837d8,https://github.com/apache/incubator-heron/commit/5bd71c04e99ec2f9ac91dd2ec34ec84c53dad2bd
"""incubator-heron""",3141,,
"""incubator-heron""",3140,https://github.com/apache/incubator-heron/commit/4b2aa05593e136c516e99e5fef203aa5860c0564,https://github.com/apache/incubator-heron/commit/1fc4d1b7b1c68f2f4e870360e2871f64bdc83c32
"""incubator-heron""",3139,,
"""incubator-heron""",3138,,
"""incubator-heron""",3136,,
"""incubator-heron""",3135,,
"""incubator-heron""",3134,,
"""incubator-heron""",3132,,
"""incubator-heron""",3131,,
"""incubator-heron""",3130,,
"""incubator-heron""",3129,,
"""incubator-heron""",3128,,
"""incubator-heron""",3127,https://github.com/apache/incubator-heron/commit/6d0edc15fb8dcfc1e024c055649e2f9430894611,https://github.com/apache/incubator-heron/commit/77af217a61df5ff01fbda6c6f74088cd8aaf5521
"""incubator-heron""",3126,,
"""incubator-heron""",3125,https://github.com/apache/incubator-heron/commit/9e2c132d49b6177a8d3dee62189d53b12fe9ec18,https://github.com/apache/incubator-heron/commit/84024369c049df775aa801b51eff0c7a83aa3f27
"""incubator-heron""",3124,https://github.com/apache/incubator-heron/commit/5dd35a2620a1065c3e856424b023c147fb12a500,https://github.com/apache/incubator-heron/commit/ad83e4e4b73170d245e13022f43a2ad1cfb9f160
"""incubator-heron""",3123,https://github.com/apache/incubator-heron/commit/7316e748741be949f1749492fb0bdeef769f1112,https://github.com/apache/incubator-heron/commit/1fd73227a02c902302ecbdd50bb45be85b13172f
"""incubator-heron""",3121,,
"""incubator-heron""",3118,,
"""incubator-heron""",3116,,
"""incubator-heron""",3115,,
"""incubator-heron""",3114,,
"""incubator-heron""",3112,https://github.com/apache/incubator-heron/commit/c026ca486d9bf3947f39aeeeb73974044c3396fb,https://github.com/apache/incubator-heron/commit/4ff93860ee9dee8b3aaa15268598fd4466357bd2
"""incubator-heron""",3111,,
"""incubator-heron""",3110,,
"""incubator-heron""",3109,https://github.com/apache/incubator-heron/commit/f72adf21c648faee5614ff45e41ccc98741a2bec,https://github.com/apache/incubator-heron/commit/c8d92ae0ae1681a34c56ff0c3ca1141559469a69
"""incubator-heron""",3108,,
"""incubator-heron""",3105,,
"""incubator-heron""",3102,,
"""incubator-heron""",3100,,
"""incubator-heron""",3099,https://github.com/apache/incubator-heron/commit/a2a3da8541c8128db9ee0e37b548819f59f896f1,https://github.com/apache/incubator-heron/commit/3103981f3ec11e4edd1e380b6908f7ffc7116369
"""incubator-heron""",3098,,
"""incubator-heron""",3097,,
"""incubator-heron""",3095,https://github.com/apache/incubator-heron/commit/1b81e8701e5b7236cdb2feaaf7809bf291799481,https://github.com/apache/incubator-heron/commit/4d91ba64a38a8626210f229d08c7b49b42922468
"""incubator-heron""",3094,,
"""incubator-heron""",3056,,
"""incubator-heron""",3053,,
"""incubator-heron""",3052,,
"""incubator-heron""",3051,,
"""incubator-heron""",3043,,
"""incubator-heron""",3042,,
"""incubator-heron""",3041,https://github.com/apache/incubator-heron/commit/3090ebbc108d1d005baa3d01080dddbe1f3c02cf,https://github.com/apache/incubator-heron/commit/61970b3365443a325260f2c9ece719aee35f3b69
"""incubator-heron""",3040,,
"""incubator-heron""",3039,,
"""incubator-heron""",3038,,
"""incubator-heron""",3037,,
"""incubator-heron""",3036,,
"""incubator-heron""",3034,,
"""incubator-heron""",3032,https://github.com/apache/incubator-heron/commit/350eb8e71fedc714bba1132c4e96883245be39f4,https://github.com/apache/incubator-heron/commit/7b0ebdb31482f47bd7b12d9019a28b4d69e76a89
"""incubator-heron""",3031,,
"""incubator-heron""",3030,,
"""incubator-heron""",3026,,
"""incubator-heron""",3025,,
"""incubator-heron""",3024,,
"""incubator-heron""",3023,,
"""incubator-heron""",3022,,
"""incubator-heron""",3020,,
"""incubator-heron""",3018,,
"""incubator-heron""",3017,,
"""incubator-heron""",3014,,
"""incubator-heron""",3012,,
"""incubator-heron""",3011,,
"""incubator-heron""",3010,,
"""incubator-heron""",3008,,
"""incubator-heron""",3007,,
"""incubator-heron""",3006,,
"""incubator-heron""",3005,,
"""incubator-heron""",3004,,
"""incubator-heron""",3003,,
"""incubator-heron""",3002,,
"""incubator-heron""",3001,,
"""incubator-heron""",3000,,
"""incubator-heron""",2999,,
"""incubator-heron""",2997,,
"""incubator-heron""",2996,,
"""incubator-heron""",2995,,
"""incubator-heron""",2993,,
"""incubator-heron""",2992,,
"""incubator-heron""",2991,,
"""incubator-heron""",2990,,
"""incubator-heron""",2989,,
"""incubator-heron""",2988,,
"""incubator-heron""",2987,,
"""incubator-heron""",2986,,
"""incubator-heron""",2984,,
"""incubator-heron""",2983,,
"""incubator-heron""",2982,,
"""incubator-heron""",2981,,
"""incubator-heron""",2980,,
"""incubator-heron""",2979,,
"""incubator-heron""",2977,,
"""incubator-heron""",2976,https://github.com/apache/incubator-heron/commit/8dddf118092774ff18721babc53a01fdd5a0cc6e,https://github.com/apache/incubator-heron/commit/e1e98a8881dd67fe7f4786485ab6f0a697530c49
"""incubator-heron""",2975,,
"""incubator-heron""",2974,,
"""incubator-heron""",2971,,
"""incubator-heron""",2970,,
"""incubator-heron""",2969,,
"""incubator-heron""",2968,,
"""incubator-heron""",2967,,
"""incubator-heron""",2966,,
"""incubator-heron""",2963,,
"""incubator-heron""",2961,,
"""incubator-heron""",2960,,
"""incubator-heron""",2959,,
"""incubator-heron""",2958,,
"""incubator-heron""",2956,,
"""incubator-heron""",2954,,
"""incubator-heron""",2953,,
"""incubator-heron""",2951,https://github.com/apache/incubator-heron/commit/e6ec51c09477475ed466f4eca6c28e574ef169bd,https://github.com/apache/incubator-heron/commit/7942416a1a31c401b0f3403f428b718dd9b14a71
"""incubator-heron""",2948,,
"""incubator-heron""",2945,,
"""incubator-heron""",2943,,
"""incubator-heron""",2941,,
"""incubator-heron""",2940,,
"""incubator-heron""",2939,,
"""incubator-heron""",2938,,
"""incubator-heron""",2935,,
"""incubator-heron""",2934,,
"""incubator-heron""",2933,,
"""incubator-heron""",2932,,
"""incubator-heron""",2930,,
"""incubator-heron""",2929,https://github.com/apache/incubator-heron/commit/ee55dad774ee7e88b12de9af87ff2297113bb684,https://github.com/apache/incubator-heron/commit/2dda3f53273599df29acf61c4c41e0ec7051af7f
"""incubator-heron""",2928,https://github.com/apache/incubator-heron/commit/da782dd8ea5c90c3d72e49163e70b31235209962,https://github.com/apache/incubator-heron/commit/c0b80bee70b19435273302ef8b7661b87b06fb00
"""incubator-heron""",2926,,
"""incubator-heron""",2923,,
"""incubator-heron""",2922,https://github.com/apache/incubator-heron/commit/6c03e4360cb385ddb8eda9b85de8389f87172650,https://github.com/apache/incubator-heron/commit/f63f97b5c8bfb9de32e4b81ba6d644aecfe862db
"""incubator-heron""",2921,,
"""incubator-heron""",2920,,
"""incubator-heron""",2916,,
"""incubator-heron""",2914,https://github.com/apache/incubator-heron/commit/a117e77f35df9ad2ab664f900ed05cf073aada9b,https://github.com/apache/incubator-heron/commit/a084f59c5cc65d71a47508ee784269734a7f6167
"""incubator-heron""",2912,,
"""incubator-heron""",2911,,
"""incubator-heron""",2910,,
"""incubator-heron""",2908,,
"""incubator-heron""",2905,,
"""incubator-heron""",2903,,
"""incubator-heron""",2902,,
"""incubator-heron""",2901,,
"""incubator-heron""",2899,,
"""incubator-heron""",2898,,
"""incubator-heron""",2895,,
"""incubator-heron""",2894,,
"""incubator-heron""",2893,,
"""incubator-heron""",2891,,
"""incubator-heron""",2889,,
"""incubator-heron""",2888,,
"""incubator-heron""",2887,,
"""incubator-heron""",2886,,
"""incubator-heron""",2885,,
"""incubator-heron""",2884,,
"""incubator-heron""",2883,,
"""incubator-heron""",2882,,
"""incubator-heron""",2881,,
"""incubator-heron""",2879,,
"""incubator-heron""",2878,,
"""incubator-heron""",2876,,
"""incubator-heron""",2872,,
"""incubator-heron""",2871,,
"""incubator-heron""",2870,,
"""incubator-heron""",2869,,
"""incubator-heron""",2868,,
"""incubator-heron""",2867,,
"""incubator-heron""",2863,,
"""incubator-heron""",2862,,
"""incubator-heron""",2861,https://github.com/apache/incubator-heron/commit/489e02a27d54f1174d272882ebc1bc20b847df19,https://github.com/apache/incubator-heron/commit/4bfca0fd07fb7ed722d28d86135017e40ee04612
"""incubator-heron""",2860,,
"""incubator-heron""",2859,,
"""incubator-heron""",2857,,
"""incubator-heron""",2856,,
"""incubator-heron""",2853,,
"""incubator-heron""",2851,,
"""incubator-heron""",2849,,
"""incubator-heron""",2848,,
"""incubator-heron""",2846,,
"""incubator-heron""",2845,,
"""incubator-heron""",2844,,
"""incubator-heron""",2842,,
"""incubator-heron""",2839,,
"""incubator-heron""",2838,,
"""incubator-heron""",2835,,
"""incubator-heron""",2833,,
"""incubator-heron""",2831,https://github.com/apache/incubator-heron/commit/c35536d1ad832ee1f251203920420d615e8f4509,https://github.com/apache/incubator-heron/commit/efb05f42e00eb38aa019bf36c61b625d82324a42
"""incubator-heron""",2830,,
"""incubator-heron""",2826,https://github.com/apache/incubator-heron/commit/63241dd3d293094d1e745cb220a395901dab6136,https://github.com/apache/incubator-heron/commit/749bdf18231abee2c62b5b456351a8b28a107009
"""incubator-heron""",2825,,
"""incubator-heron""",2824,,
"""incubator-heron""",2823,,
"""incubator-heron""",2822,,
"""incubator-heron""",2821,https://github.com/apache/incubator-heron/commit/1b4807946b90e0e45b79949419476fa15c6ff76e,https://github.com/apache/incubator-heron/commit/65bdfc9997637ae7540b63aca972a09d92d91de6
"""incubator-heron""",2820,,
"""incubator-heron""",2819,,
"""incubator-heron""",2818,,
"""incubator-heron""",2816,,
"""incubator-heron""",2813,,
"""incubator-heron""",2812,,
"""incubator-heron""",2811,,
"""incubator-heron""",2810,,
"""incubator-heron""",2809,,
"""incubator-heron""",2808,,
"""incubator-heron""",2805,,
"""incubator-heron""",2804,https://github.com/apache/incubator-heron/commit/612c819de0ec4b3e58f8f8d1e090fc8b792d7bed,https://github.com/apache/incubator-heron/commit/cc33e32b0f96d01796677b4f80f833e3c56b350b
"""incubator-heron""",2802,,
"""incubator-heron""",2801,,
"""incubator-heron""",2800,,
"""incubator-heron""",2798,,
"""incubator-heron""",2797,,
"""incubator-heron""",2796,,
"""incubator-heron""",2791,https://github.com/apache/incubator-heron/commit/b17d2464e205dd9b741886bdd14d8f451f5c5940,https://github.com/apache/incubator-heron/commit/03a32096c7c965162d66042be102af928ae14de2
"""incubator-heron""",2790,https://github.com/apache/incubator-heron/commit/17a807eea5561aef2919de9f37863414cefd4857,https://github.com/apache/incubator-heron/commit/3d89f356f65d5c42fb8be739b926a1299d035b52
"""incubator-heron""",2789,,
"""incubator-heron""",2785,,
"""incubator-heron""",2784,,
"""incubator-heron""",2783,,
"""incubator-heron""",2782,,
"""incubator-heron""",2781,,
"""incubator-heron""",2780,,
"""incubator-heron""",2775,,
"""incubator-heron""",2771,,
"""incubator-heron""",2770,,
"""incubator-heron""",2769,,
"""incubator-heron""",2768,,
"""incubator-heron""",2767,https://github.com/apache/incubator-heron/commit/bd0f4a1b64d7ab1c769d81b54ffd577eb1b94c42,https://github.com/apache/incubator-heron/commit/105a71df2c0d47fd16e95f5f22ea33d48eea0d34
"""incubator-heron""",2764,https://github.com/apache/incubator-heron/commit/0f79b9c2b8b60831429eb640544b11e38238ecc6,https://github.com/apache/incubator-heron/commit/9ed61480456f614b3847b7b7f96a3b1a43104e18
"""incubator-heron""",2762,,
"""incubator-heron""",2761,https://github.com/apache/incubator-heron/commit/98a6f9061247e24b4ab64fd9d084cc41ac09ba66,https://github.com/apache/incubator-heron/commit/bf29b3f878c0f58561c3c59d3e56e0d086162883
"""incubator-heron""",2760,,
"""incubator-heron""",2756,,
"""incubator-heron""",2755,,
"""incubator-heron""",2754,,
"""incubator-heron""",2753,https://github.com/apache/incubator-heron/commit/f05f5cc4d1f90d3fb57ffdf7b2a9f3f72ceec698,https://github.com/apache/incubator-heron/commit/0acd78ec9f4e0100c09d58b80a102b7d47bd9665
"""incubator-heron""",2752,,
"""incubator-heron""",2751,,
"""incubator-heron""",2750,https://github.com/apache/incubator-heron/commit/47ccb7ff968cbf397de526126ae42418fb09b17f,https://github.com/apache/incubator-heron/commit/4f47ac199464c9f06a45e4116430cf9269ec9727
"""incubator-heron""",2749,https://github.com/apache/incubator-heron/commit/c66530322a2cfe7c288b3414f49d8e1fae79e110,https://github.com/apache/incubator-heron/commit/cba68187a1d48b2202e099393b835a36fc30aab1
"""incubator-heron""",2748,,
"""incubator-heron""",2747,,
"""incubator-heron""",2746,https://github.com/apache/incubator-heron/commit/a0002f8bc703a926020cf4d5bee72d6c4ba0ecc6,https://github.com/apache/incubator-heron/commit/aa8877bda4fbc1348c6d8b3c135546cb863387d2
"""incubator-heron""",2744,,
"""incubator-heron""",2742,,
"""incubator-heron""",2741,,
"""incubator-heron""",2740,,
"""incubator-heron""",2739,,
"""incubator-heron""",2738,,
"""incubator-heron""",2736,,
"""incubator-heron""",2735,,
"""incubator-heron""",2734,,
"""incubator-heron""",2732,,
"""incubator-heron""",2731,,
"""incubator-heron""",2730,,
"""incubator-heron""",2727,,
"""incubator-heron""",2726,,
"""incubator-heron""",2725,,
"""incubator-heron""",2724,,
"""incubator-heron""",2723,,
"""incubator-heron""",2722,,
"""incubator-heron""",2721,,
"""incubator-heron""",2720,,
"""incubator-heron""",2719,,
"""incubator-heron""",2718,,
"""incubator-heron""",2717,,
"""incubator-heron""",2716,,
"""incubator-heron""",2714,,
"""incubator-heron""",2713,,
"""incubator-heron""",2711,,
"""incubator-heron""",2710,,
"""incubator-heron""",2709,,
"""incubator-heron""",2708,,
"""incubator-heron""",2707,,
"""incubator-heron""",2706,,
"""incubator-heron""",2705,,
"""incubator-heron""",2704,,
"""incubator-heron""",2703,,
"""incubator-heron""",2702,,
"""incubator-heron""",2701,,
"""incubator-heron""",2696,,
"""incubator-heron""",2695,https://github.com/apache/incubator-heron/commit/18820f6442b891854384db1779506e3f5b4b2547,https://github.com/apache/incubator-heron/commit/30cea1ea9e14292b79e0325f9dadb9b22242c5d3
"""incubator-heron""",2692,https://github.com/apache/incubator-heron/commit/131f42bee630776fe49a6e1c659173b2cd490aea,https://github.com/apache/incubator-heron/commit/cd651da2c067523c788ec1ba780ad6bddca9724a
"""incubator-heron""",2688,,
"""incubator-heron""",2687,,
"""incubator-heron""",2686,,
"""incubator-heron""",2684,,
"""incubator-heron""",2683,,
"""incubator-heron""",2682,,
"""incubator-heron""",2680,https://github.com/apache/incubator-heron/commit/f7d9c4dbd8bad112dd80bfdbce53be478fb04184,https://github.com/apache/incubator-heron/commit/2c1e78467613ab78a7ce65771326d89577ddbf91
"""incubator-heron""",2679,,
"""incubator-heron""",2677,,
"""incubator-heron""",2676,,
"""incubator-heron""",2675,,
"""incubator-heron""",2674,,
"""incubator-heron""",2672,,
"""incubator-heron""",2670,,
"""incubator-heron""",2669,,
"""incubator-heron""",2668,,
"""incubator-heron""",2666,,
"""incubator-heron""",2665,,
"""incubator-heron""",2661,https://github.com/apache/incubator-heron/commit/9d95b105c98fdfeb4909b853aa49dbe59bdaeb17,https://github.com/apache/incubator-heron/commit/e215eb21b45c2ac80430ded3c0991bd68c5fed25
"""incubator-heron""",2660,,
"""incubator-heron""",2659,,
"""incubator-heron""",2658,,
"""incubator-heron""",2657,,
"""incubator-heron""",2655,,
"""incubator-heron""",2654,,
"""incubator-heron""",2653,,
"""incubator-heron""",2652,,
"""incubator-heron""",2650,,
"""incubator-heron""",2649,,
"""incubator-heron""",2648,,
"""incubator-heron""",2646,,
"""incubator-heron""",2645,,
"""incubator-heron""",2644,,
"""incubator-heron""",2641,,
"""incubator-heron""",2640,,
"""incubator-heron""",2639,,
"""incubator-heron""",2637,,
"""incubator-heron""",2636,,
"""incubator-heron""",2635,,
"""incubator-heron""",2634,,
"""incubator-heron""",2633,https://github.com/apache/incubator-heron/commit/f1873c1b9222ab2ebfc6a69afaee51b5f3a97dd4,https://github.com/apache/incubator-heron/commit/b56405e3e8d86a4d39a44932f3aa1f9c51f2f4e0
"""incubator-heron""",2632,,
"""incubator-heron""",2631,,
"""incubator-heron""",2630,,
"""incubator-heron""",2629,,
"""incubator-heron""",2628,,
"""incubator-heron""",2627,https://github.com/apache/incubator-heron/commit/48b0fd0449ebfc22cb7a44ac107ca09aa3fcbbde,https://github.com/apache/incubator-heron/commit/78735280bcf55cf6b2c967df0cf0ca70e43b1b8c
"""incubator-heron""",2626,,
"""incubator-heron""",2625,,
"""incubator-heron""",2624,,
"""incubator-heron""",2623,,
"""incubator-heron""",2622,,
"""incubator-heron""",2621,,
"""incubator-heron""",2620,,
"""incubator-heron""",2619,,
"""incubator-heron""",2618,,
"""incubator-heron""",2617,,
"""incubator-heron""",2614,,
"""incubator-heron""",2613,,
"""incubator-heron""",2611,https://github.com/apache/incubator-heron/commit/144d15ea7af79090b294212f25eef02eb69f71b8,https://github.com/apache/incubator-heron/commit/3249544635b266daa0e7d07a7c04fb4efb504c37
"""incubator-heron""",2609,,
"""incubator-heron""",2608,,
"""incubator-heron""",2607,,
"""incubator-heron""",2606,,
"""incubator-heron""",2604,,
"""incubator-heron""",2603,,
"""incubator-heron""",2602,,
"""incubator-heron""",2601,https://github.com/apache/incubator-heron/commit/a2cab3f76590f392e67d2942d1b464f2e52329f3,https://github.com/apache/incubator-heron/commit/f340650fa56c558d6a052f5656600d4088fe4f15
"""incubator-heron""",2600,,
"""incubator-heron""",2599,,
"""incubator-heron""",2598,,
"""incubator-heron""",2597,,
"""incubator-heron""",2596,,
"""incubator-heron""",2594,,
"""incubator-heron""",2593,,
"""incubator-heron""",2592,,
"""incubator-heron""",2591,,
"""incubator-heron""",2590,,
"""incubator-heron""",2589,https://github.com/apache/incubator-heron/commit/4833b869144aabfaee4950a2db19adb30bd890cf,https://github.com/apache/incubator-heron/commit/947e866142fee3b0d9c1b73393d116e2e23ce507
"""incubator-heron""",2588,,
"""incubator-heron""",2583,,
"""incubator-heron""",2582,https://github.com/apache/incubator-heron/commit/830606f86987931dd6d9b521e531f81e2f63a131,https://github.com/apache/incubator-heron/commit/cd702b1b28f348e4b88df73d8085002a40c43d52
"""incubator-heron""",2580,,
"""incubator-heron""",2579,,
"""incubator-heron""",2578,,
"""incubator-heron""",2577,,
"""incubator-heron""",2574,,
"""incubator-heron""",2573,,
"""incubator-heron""",2572,,
"""incubator-heron""",2570,https://github.com/apache/incubator-heron/commit/c8374c7311ec3ad41c949cedbc88c837bb914147,https://github.com/apache/incubator-heron/commit/8db034141176cf46580bfb21a4a3f9953aeda7b4
"""incubator-heron""",2569,,
"""incubator-heron""",2568,,
"""incubator-heron""",2567,,
"""incubator-heron""",2566,,
"""incubator-heron""",2565,,
"""incubator-heron""",2564,,
"""incubator-heron""",2562,,
"""incubator-heron""",2561,,
"""incubator-heron""",2560,,
"""incubator-heron""",2559,https://github.com/apache/incubator-heron/commit/2a5cdb998a8fce68e4a916f34fa0cf826d633537,https://github.com/apache/incubator-heron/commit/ee7e7802703ba38a99de9043bd1585fb7c336926
"""incubator-heron""",2558,https://github.com/apache/incubator-heron/commit/6c01589fe5cf9158a65e8b73155745d7c4a8f1cd,https://github.com/apache/incubator-heron/commit/63b22a3fa84e6978790a48d267715336cbe03282
"""incubator-heron""",2557,,
"""incubator-heron""",2556,,
"""incubator-heron""",2555,,
"""incubator-heron""",2554,,
"""incubator-heron""",2553,,
"""incubator-heron""",2552,,
"""incubator-heron""",2551,,
"""incubator-heron""",2550,,
"""incubator-heron""",2549,,
"""incubator-heron""",2548,,
"""incubator-heron""",2547,https://github.com/apache/incubator-heron/commit/eb5603de3743e9b5e7839d41e006a105f2781792,https://github.com/apache/incubator-heron/commit/6464a098e2e8346721f4e0b444739fe44e1f6d28
"""incubator-heron""",2545,,
"""incubator-heron""",2544,,
"""incubator-heron""",2543,,
"""incubator-heron""",2542,,
"""incubator-heron""",2540,,
"""incubator-heron""",2539,,
"""incubator-heron""",2538,,
"""incubator-heron""",2537,,
"""incubator-heron""",2536,,
"""incubator-heron""",2535,,
"""incubator-heron""",2534,,
"""incubator-heron""",2532,,
"""incubator-heron""",2531,https://github.com/apache/incubator-heron/commit/10fd70bbd2a7ddcbe2ae50484c8b0861322008cf,https://github.com/apache/incubator-heron/commit/a9a20f1774b095a34de0e524ed06cbffd560ecda
"""incubator-heron""",2529,,
"""incubator-heron""",2527,,
"""incubator-heron""",2526,,
"""incubator-heron""",2525,,
"""incubator-heron""",2522,,
"""incubator-heron""",2521,,
"""incubator-heron""",2520,,
"""incubator-heron""",2519,,
"""incubator-heron""",2517,,
"""incubator-heron""",2516,,
"""incubator-heron""",2514,,
"""incubator-heron""",2513,,
"""incubator-heron""",2512,,
"""incubator-heron""",2511,,
"""incubator-heron""",2507,,
"""incubator-heron""",2506,,
"""incubator-heron""",2505,,
"""incubator-heron""",2504,,
"""incubator-heron""",2503,,
"""incubator-heron""",2502,,
"""incubator-heron""",2501,,
"""incubator-heron""",2498,,
"""incubator-heron""",2497,,
"""incubator-heron""",2496,,
"""incubator-heron""",2494,,
"""incubator-heron""",2493,,
"""incubator-heron""",2491,,
"""incubator-heron""",2490,,
"""incubator-heron""",2489,,
"""incubator-heron""",2488,,
"""incubator-heron""",2487,,
"""incubator-heron""",2486,,
"""incubator-heron""",2485,,
"""incubator-heron""",2484,https://github.com/apache/incubator-heron/commit/8c5100b503c047dd69475e0e16fbd22c96427442,https://github.com/apache/incubator-heron/commit/ed0450ba40d4314bacda66686f82e6d5bb2a11d0
"""incubator-heron""",2483,,
"""incubator-heron""",2480,,
"""incubator-heron""",2479,,
"""incubator-heron""",2478,,
"""incubator-heron""",2477,,
"""incubator-heron""",2476,,
"""incubator-heron""",2475,,
"""incubator-heron""",2474,,
"""incubator-heron""",2471,https://github.com/apache/incubator-heron/commit/fec79a8c8c4670f52e0660723e51f6fe3715a148,https://github.com/apache/incubator-heron/commit/b0d5f784832e2ded8fb3a56f2576cdf6eed60072
"""incubator-heron""",2470,,
"""incubator-heron""",2469,,
"""incubator-heron""",2467,,
"""incubator-heron""",2466,,
"""incubator-heron""",2465,,
"""incubator-heron""",2464,,
"""incubator-heron""",2463,https://github.com/apache/incubator-heron/commit/a88bae811ba4cc2875b14eea4b777f507dc3548b,https://github.com/apache/incubator-heron/commit/dc1237f63863177551531c212c9f1c0fb186e87e
"""incubator-heron""",2462,,
"""incubator-heron""",2461,,
"""incubator-heron""",2460,,
"""incubator-heron""",2459,,
"""incubator-heron""",2458,,
"""incubator-heron""",2457,,
"""incubator-heron""",2456,,
"""incubator-heron""",2453,,
"""incubator-heron""",2452,,
"""incubator-heron""",2449,,
"""incubator-heron""",2448,,
"""incubator-heron""",2447,,
"""incubator-heron""",2446,,
"""incubator-heron""",2445,,
"""incubator-heron""",2444,,
"""incubator-heron""",2442,,
"""incubator-heron""",2441,,
"""incubator-heron""",2440,,
"""incubator-heron""",2439,,
"""incubator-heron""",2437,,
"""incubator-heron""",2436,,
"""incubator-heron""",2435,https://github.com/apache/incubator-heron/commit/0ae7e4a8e16ba4238bb05ad94dbc53c5df56d78f,https://github.com/apache/incubator-heron/commit/fff8010ee58da1de222953f5e576d8496da35eb9
"""incubator-heron""",2434,https://github.com/apache/incubator-heron/commit/25d3e4d4fcdba03e951b292a6cb04229c3ca15e7,https://github.com/apache/incubator-heron/commit/95bce6228c6d685cc94dcd0feb2e707dcee01cb2
"""incubator-heron""",2433,,
"""incubator-heron""",2432,,
"""incubator-heron""",2430,,
"""incubator-heron""",2429,,
"""incubator-heron""",2426,,
"""incubator-heron""",2425,,
"""incubator-heron""",2424,https://github.com/apache/incubator-heron/commit/650383e32cc4157fc83e186e7d1f3ffc08bce66f,https://github.com/apache/incubator-heron/commit/78c3b579ce7c4f99a6a73904dc94c797bbced905
"""incubator-heron""",2423,,
"""incubator-heron""",2420,,
"""incubator-heron""",2419,,
"""incubator-heron""",2418,,
"""incubator-heron""",2417,,
"""incubator-heron""",2416,,
"""incubator-heron""",2415,,
"""incubator-heron""",2414,,
"""incubator-heron""",2413,,
"""incubator-heron""",2412,,
"""incubator-heron""",2411,,
"""incubator-heron""",2410,,
"""incubator-heron""",2408,,
"""incubator-heron""",2407,https://github.com/apache/incubator-heron/commit/5fc18a317e0c3a4f6175cb9eac2fb2c9179be545,https://github.com/apache/incubator-heron/commit/81833720027a4bf279f868817f376b0bfb58ad85
"""incubator-heron""",2406,,
"""incubator-heron""",2405,,
"""incubator-heron""",2404,,
"""incubator-heron""",2403,,
"""incubator-heron""",2402,,
"""incubator-heron""",2401,,
"""incubator-heron""",2399,,
"""incubator-heron""",2398,,
"""incubator-heron""",2397,,
"""incubator-heron""",2395,,
"""incubator-heron""",2393,,
"""incubator-heron""",2391,,
"""incubator-heron""",2390,,
"""incubator-heron""",2387,,
"""incubator-heron""",2385,,
"""incubator-heron""",2383,,
"""incubator-heron""",2381,,
"""incubator-heron""",2380,,
"""incubator-heron""",2379,,
"""incubator-heron""",2378,,
"""incubator-heron""",2377,,
"""incubator-heron""",2376,,
"""incubator-heron""",2375,,
"""incubator-heron""",2374,,
"""incubator-heron""",2373,,
"""incubator-heron""",2372,,
"""incubator-heron""",2370,,
"""incubator-heron""",2369,,
"""incubator-heron""",2367,,
"""incubator-heron""",2366,,
"""incubator-heron""",2365,,
"""incubator-heron""",2364,,
"""incubator-heron""",2363,,
"""incubator-heron""",2362,,
"""incubator-heron""",2361,,
"""incubator-heron""",2360,,
"""incubator-heron""",2359,https://github.com/apache/incubator-heron/commit/058da62239589d17272d82bda85bcfa5c0e0cbe2,https://github.com/apache/incubator-heron/commit/ea1fadbb9c9e51cd80750edc80d7e6d0f2100d2f
"""incubator-heron""",2358,,
"""incubator-heron""",2357,https://github.com/apache/incubator-heron/commit/de141c6fea1c66001aad76c58f3bc36feb2d5b4f,https://github.com/apache/incubator-heron/commit/c3d8d1b24eee799fcef11433bd486cb5e3d5af79
"""incubator-heron""",2356,,
"""incubator-heron""",2355,,
"""incubator-heron""",2354,,
"""incubator-heron""",2353,,
"""incubator-heron""",2352,,
"""incubator-heron""",2351,,
"""incubator-heron""",2350,,
"""incubator-heron""",2348,,
"""incubator-heron""",2347,,
"""incubator-heron""",2345,,
"""incubator-heron""",2344,,
"""incubator-heron""",2343,,
"""incubator-heron""",2342,,
"""incubator-heron""",2341,,
"""incubator-heron""",2340,,
"""incubator-heron""",2339,,
"""incubator-heron""",2338,,
"""incubator-heron""",2337,,
"""incubator-heron""",2336,,
"""incubator-heron""",2335,,
"""incubator-heron""",2334,,
"""incubator-heron""",2333,,
"""incubator-heron""",2332,,
"""incubator-heron""",2331,,
"""incubator-heron""",2329,,
"""incubator-heron""",2327,,
"""incubator-heron""",2326,,
"""incubator-heron""",2324,,
"""incubator-heron""",2322,,
"""incubator-heron""",2321,,
"""incubator-heron""",2319,,
"""incubator-heron""",2318,,
"""incubator-heron""",2316,,
"""incubator-heron""",2315,,
"""incubator-heron""",2314,,
"""incubator-heron""",2313,,
"""incubator-heron""",2312,,
"""incubator-heron""",2311,,
"""incubator-heron""",2306,,
"""incubator-heron""",2305,,
"""incubator-heron""",2304,https://github.com/apache/incubator-heron/commit/7af0edf9aed91bbcf7bae8723f851731facd770f,https://github.com/apache/incubator-heron/commit/8de3a7177f1e75b793a860ba827beaa18f073fff
"""incubator-heron""",2303,,
"""incubator-heron""",2302,,
"""incubator-heron""",2300,https://github.com/apache/incubator-heron/commit/893eecc7e9d4dfd23649aa262c71443e9aa6664a,https://github.com/apache/incubator-heron/commit/31f3d417ac5742d7fe9552bdbde8cf92fb870ee5
"""incubator-heron""",2298,,
"""incubator-heron""",2297,,
"""incubator-heron""",2296,,
"""incubator-heron""",2294,,
"""incubator-heron""",2293,https://github.com/apache/incubator-heron/commit/9620717c565e596252f3a1c38e7814e33299f6b8,https://github.com/apache/incubator-heron/commit/0ff45413f34f8dbe8c7d3cecf536e7e96ccbf1d6
"""incubator-heron""",2292,,
"""incubator-heron""",2291,,
"""incubator-heron""",2289,,
"""incubator-heron""",2288,,
"""incubator-heron""",2287,,
"""incubator-heron""",2285,,
"""incubator-heron""",2284,,
"""incubator-heron""",2283,,
"""incubator-heron""",2281,,
"""incubator-heron""",2280,,
"""incubator-heron""",2279,,
"""incubator-heron""",2277,,
"""incubator-heron""",2276,,
"""incubator-heron""",2273,,
"""incubator-heron""",2271,,
"""incubator-heron""",2270,,
"""incubator-heron""",2267,,
"""incubator-heron""",2266,,
"""incubator-heron""",2265,,
"""incubator-heron""",2264,,
"""incubator-heron""",2263,,
"""incubator-heron""",2262,,
"""incubator-heron""",2261,,
"""incubator-heron""",2260,,
"""incubator-heron""",2259,,
"""incubator-heron""",2258,,
"""incubator-heron""",2256,,
"""incubator-heron""",2254,,
"""incubator-heron""",2252,,
"""incubator-heron""",2251,,
"""incubator-heron""",2250,,
"""incubator-heron""",2249,,
"""incubator-heron""",2248,,
"""incubator-heron""",2247,,
"""incubator-heron""",2246,,
"""incubator-heron""",2245,,
"""incubator-heron""",2244,,
"""incubator-heron""",2243,,
"""incubator-heron""",2242,,
"""incubator-heron""",2241,https://github.com/apache/incubator-heron/commit/03e437de2113e715fff32e68cf81bcdff54e3e49,https://github.com/apache/incubator-heron/commit/269150d90574bee2ffd34eb9ab1e2accd50b3b2c
"""incubator-heron""",2240,,
"""incubator-heron""",2239,https://github.com/apache/incubator-heron/commit/f56fb15846690b58274d271c311a11b0bb199c82,https://github.com/apache/incubator-heron/commit/819e8b5ad3fa6881ba53e35574b523315e66a3d2
"""incubator-heron""",2237,,
"""incubator-heron""",2236,,
"""incubator-heron""",2233,https://github.com/apache/incubator-heron/commit/0dff7d8662d4fb79c6a3770ec9345a2cd50f2e82,https://github.com/apache/incubator-heron/commit/0bc4b0259d34f569150f0649d6e1a04f3447e930
"""incubator-heron""",2232,,
"""incubator-heron""",2230,,
"""incubator-heron""",2229,https://github.com/apache/incubator-heron/commit/d4a088bad8757f658ac77f08b0d0e7a439926f4c,https://github.com/apache/incubator-heron/commit/0b649bb9bcaa9275dc20f7817b5e683565002ff1
"""incubator-heron""",2228,,
"""incubator-heron""",2227,,
"""incubator-heron""",2226,,
"""incubator-heron""",2224,,
"""incubator-heron""",2223,,
"""incubator-heron""",2221,,
"""incubator-heron""",2220,,
"""incubator-heron""",2216,,
"""incubator-heron""",2215,,
"""incubator-heron""",2214,,
"""incubator-heron""",2213,,
"""incubator-heron""",2212,,
"""incubator-heron""",2211,,
"""incubator-heron""",2210,,
"""incubator-heron""",2209,,
"""incubator-heron""",2208,,
"""incubator-heron""",2207,,
"""incubator-heron""",2204,,
"""incubator-heron""",2203,https://github.com/apache/incubator-heron/commit/08c22f67901c3cdf26cb39e6e22a53af1773f9b7,https://github.com/apache/incubator-heron/commit/b458dadb9dd76fbcaf93a2bba0c2e5289be80db3
"""incubator-heron""",2202,,
"""incubator-heron""",2201,,
"""incubator-heron""",2199,,
"""incubator-heron""",2198,,
"""incubator-heron""",2197,,
"""incubator-heron""",2196,,
"""incubator-heron""",2195,,
"""incubator-heron""",2194,,
"""incubator-heron""",2193,,
"""incubator-heron""",2192,,
"""incubator-heron""",2191,,
"""incubator-heron""",2190,,
"""incubator-heron""",2189,,
"""incubator-heron""",2187,,
"""incubator-heron""",2186,,
"""incubator-heron""",2185,,
"""incubator-heron""",2184,,
"""incubator-heron""",2182,,
"""incubator-heron""",2181,,
"""incubator-heron""",2180,,
"""incubator-heron""",2179,,
"""incubator-heron""",2176,,
"""incubator-heron""",2173,,
"""incubator-heron""",2172,,
"""incubator-heron""",2171,,
"""incubator-heron""",2168,,
"""incubator-heron""",2167,,
"""incubator-heron""",2166,,
"""incubator-heron""",2165,,
"""incubator-heron""",2164,,
"""incubator-heron""",2163,,
"""incubator-heron""",2162,,
"""incubator-heron""",2161,,
"""incubator-heron""",2160,,
"""incubator-heron""",2159,,
"""incubator-heron""",2158,,
"""incubator-heron""",2157,,
"""incubator-heron""",2156,,
"""incubator-heron""",2155,,
"""incubator-heron""",2152,,
"""incubator-heron""",2151,,
"""incubator-heron""",2150,,
"""incubator-heron""",2148,,
"""incubator-heron""",2147,,
"""incubator-heron""",2145,,
"""incubator-heron""",2144,,
"""incubator-heron""",2143,,
"""incubator-heron""",2142,,
"""incubator-heron""",2141,,
"""incubator-heron""",2140,,
"""incubator-heron""",2139,,
"""incubator-heron""",2138,,
"""incubator-heron""",2137,,
"""incubator-heron""",2136,,
"""incubator-heron""",2135,,
"""incubator-heron""",2134,,
"""incubator-heron""",2132,,
"""incubator-heron""",2131,,
"""incubator-heron""",2130,,
"""incubator-heron""",2129,,
"""incubator-heron""",2127,,
"""incubator-heron""",2126,,
"""incubator-heron""",2125,,
"""incubator-heron""",2123,https://github.com/apache/incubator-heron/commit/fa3e0c7e12ed66501738ea30663390c6d3e431bf,https://github.com/apache/incubator-heron/commit/18a7f4304f04a991f940e474d4c49e88b17daf02
"""incubator-heron""",2122,,
"""incubator-heron""",2120,,
"""incubator-heron""",2119,,
"""incubator-heron""",2118,,
"""incubator-heron""",2117,,
"""incubator-heron""",2116,,
"""incubator-heron""",2115,,
"""incubator-heron""",2114,,
"""incubator-heron""",2113,,
"""incubator-heron""",2112,,
"""incubator-heron""",2111,,
"""incubator-heron""",2110,,
"""incubator-heron""",2108,,
"""incubator-heron""",2107,,
"""incubator-heron""",2106,,
"""incubator-heron""",2105,,
"""incubator-heron""",2103,,
"""incubator-heron""",2102,,
"""incubator-heron""",2101,https://github.com/apache/incubator-heron/commit/cedb808e7a46d13004f0410412585a9f7b4ed24c,https://github.com/apache/incubator-heron/commit/7800e0a52097fec9f687d2b87a6ddfa4b98dbaa6
"""incubator-heron""",2100,,
"""incubator-heron""",2098,,
"""incubator-heron""",2096,,
"""incubator-heron""",2094,,
"""incubator-heron""",2091,,
"""incubator-heron""",2089,,
"""incubator-heron""",2088,,
"""incubator-heron""",2086,,
"""incubator-heron""",2085,,
"""incubator-heron""",2084,,
"""incubator-heron""",2083,,
"""incubator-heron""",2081,,
"""incubator-heron""",2080,,
"""incubator-heron""",2078,,
"""incubator-heron""",2076,,
"""incubator-heron""",2075,,
"""incubator-heron""",2073,,
"""incubator-heron""",2072,,
"""incubator-heron""",2071,,
"""incubator-heron""",2070,,
"""incubator-heron""",2069,,
"""incubator-heron""",2068,,
"""incubator-heron""",2067,,
"""incubator-heron""",2065,,
"""incubator-heron""",2063,,
"""incubator-heron""",2061,,
"""incubator-heron""",2060,,
"""incubator-heron""",2058,,
"""incubator-heron""",2057,,
"""incubator-heron""",2056,,
"""incubator-heron""",2055,,
"""incubator-heron""",2054,,
"""incubator-heron""",2053,,
"""incubator-heron""",2050,,
"""incubator-heron""",2049,,
"""incubator-heron""",2048,,
"""incubator-heron""",2047,,
"""incubator-heron""",2046,,
"""incubator-heron""",2045,,
"""incubator-heron""",2044,,
"""incubator-heron""",2043,,
"""incubator-heron""",2041,,
"""incubator-heron""",2033,,
"""incubator-heron""",2032,,
"""incubator-heron""",2031,,
"""incubator-heron""",2030,,
"""incubator-heron""",2028,,
"""incubator-heron""",2027,,
"""incubator-heron""",2026,,
"""incubator-heron""",2025,,
"""incubator-heron""",2024,,
"""incubator-heron""",2023,,
"""incubator-heron""",2022,,
"""incubator-heron""",2021,,
"""incubator-heron""",2019,,
"""incubator-heron""",2018,,
"""incubator-heron""",2017,,
"""incubator-heron""",2016,,
"""incubator-heron""",2015,,
"""incubator-heron""",2014,,
"""incubator-heron""",2013,,
"""incubator-heron""",2012,,
"""incubator-heron""",2011,,
"""incubator-heron""",2010,,
"""incubator-heron""",2009,,
"""incubator-heron""",2008,,
"""incubator-heron""",2007,,
"""incubator-heron""",2006,,
"""incubator-heron""",2004,,
"""incubator-heron""",2003,,
"""incubator-heron""",2002,,
"""incubator-heron""",2001,,
"""incubator-heron""",1999,,
"""incubator-heron""",1998,,
"""incubator-heron""",1997,,
"""incubator-heron""",1996,,
"""incubator-heron""",1995,,
"""incubator-heron""",1994,,
"""incubator-heron""",1993,,
"""incubator-heron""",1992,,
"""incubator-heron""",1991,,
"""incubator-heron""",1990,,
"""incubator-heron""",1989,,
"""incubator-heron""",1988,,
"""incubator-heron""",1987,,
"""incubator-heron""",1986,,
"""incubator-heron""",1985,,
"""incubator-heron""",1984,,
"""incubator-heron""",1983,https://github.com/apache/incubator-heron/commit/8b26160fa35dae6be772f58cf91734c1e43e0819,https://github.com/apache/incubator-heron/commit/f89c29ca666f5f4862b8c0156705f8ef71fae9fa
"""incubator-heron""",1982,,
"""incubator-heron""",1980,https://github.com/apache/incubator-heron/commit/e9be35ee6fc968eb0af71b909b6007bc0fee014c,https://github.com/apache/incubator-heron/commit/22e6dd933082155c23227ad07e24c4ed11bb99ea
"""incubator-heron""",1979,,
"""incubator-heron""",1978,,
"""incubator-heron""",1977,,
"""incubator-heron""",1976,,
"""incubator-heron""",1975,,
"""incubator-heron""",1974,,
"""incubator-heron""",1973,,
"""incubator-heron""",1972,,
"""incubator-heron""",1970,,
"""incubator-heron""",1969,,
"""incubator-heron""",1968,,
"""incubator-heron""",1967,,
"""incubator-heron""",1966,,
"""incubator-heron""",1965,,
"""incubator-heron""",1962,,
"""incubator-heron""",1961,,
"""incubator-heron""",1959,,
"""incubator-heron""",1958,,
"""incubator-heron""",1955,,
"""incubator-heron""",1954,,
"""incubator-heron""",1953,,
"""incubator-heron""",1950,,
"""incubator-heron""",1949,,
"""incubator-heron""",1948,,
"""incubator-heron""",1945,,
"""incubator-heron""",1944,,
"""incubator-heron""",1941,,
"""incubator-heron""",1940,,
"""incubator-heron""",1939,,
"""incubator-heron""",1938,,
"""incubator-heron""",1937,,
"""incubator-heron""",1934,,
"""incubator-heron""",1931,,
"""incubator-heron""",1930,,
"""incubator-heron""",1929,,
"""incubator-heron""",1928,,
"""incubator-heron""",1927,,
"""incubator-heron""",1926,,
"""incubator-heron""",1925,,
"""incubator-heron""",1924,,
"""incubator-heron""",1923,,
"""incubator-heron""",1921,,
"""incubator-heron""",1920,,
"""incubator-heron""",1919,,
"""incubator-heron""",1917,,
"""incubator-heron""",1916,,
"""incubator-heron""",1914,,
"""incubator-heron""",1913,,
"""incubator-heron""",1912,,
"""incubator-heron""",1911,,
"""incubator-heron""",1910,,
"""incubator-heron""",1909,,
"""incubator-heron""",1906,,
"""incubator-heron""",1905,,
"""incubator-heron""",1903,,
"""incubator-heron""",1902,,
"""incubator-heron""",1901,,
"""incubator-heron""",1900,,
"""incubator-heron""",1899,,
"""incubator-heron""",1898,,
"""incubator-heron""",1897,,
"""incubator-heron""",1896,,
"""incubator-heron""",1895,,
"""incubator-heron""",1894,,
"""incubator-heron""",1893,,
"""incubator-heron""",1892,,
"""incubator-heron""",1890,,
"""incubator-heron""",1889,,
"""incubator-heron""",1887,,
"""incubator-heron""",1886,,
"""incubator-heron""",1885,,
"""incubator-heron""",1884,,
"""incubator-heron""",1883,,
"""incubator-heron""",1882,,
"""incubator-heron""",1881,,
"""incubator-heron""",1878,,
"""incubator-heron""",1877,,
"""incubator-heron""",1876,,
"""incubator-heron""",1875,,
"""incubator-heron""",1874,,
"""incubator-heron""",1873,,
"""incubator-heron""",1872,,
"""incubator-heron""",1871,,
"""incubator-heron""",1870,,
"""incubator-heron""",1867,,
"""incubator-heron""",1866,,
"""incubator-heron""",1865,,
"""incubator-heron""",1864,,
"""incubator-heron""",1863,,
"""incubator-heron""",1862,,
"""incubator-heron""",1861,,
"""incubator-heron""",1860,,
"""incubator-heron""",1858,,
"""incubator-heron""",1855,,
"""incubator-heron""",1852,,
"""incubator-heron""",1851,,
"""incubator-heron""",1850,,
"""incubator-heron""",1847,,
"""incubator-heron""",1842,,
"""incubator-heron""",1840,,
"""incubator-heron""",1839,,
"""incubator-heron""",1836,,
"""incubator-heron""",1834,,
"""incubator-heron""",1832,,
"""incubator-heron""",1831,,
"""incubator-heron""",1830,,
"""incubator-heron""",1829,,
"""incubator-heron""",1827,,
"""incubator-heron""",1824,,
"""incubator-heron""",1823,,
"""incubator-heron""",1822,,
"""incubator-heron""",1821,,
"""incubator-heron""",1820,,
"""incubator-heron""",1819,,
"""incubator-heron""",1818,,
"""incubator-heron""",1817,,
"""incubator-heron""",1816,,
"""incubator-heron""",1815,,
"""incubator-heron""",1814,,
"""incubator-heron""",1813,,
"""incubator-heron""",1812,,
"""incubator-heron""",1811,,
"""incubator-heron""",1808,,
"""incubator-heron""",1806,,
"""incubator-heron""",1805,,
"""incubator-heron""",1804,,
"""incubator-heron""",1803,,
"""incubator-heron""",1802,,
"""incubator-heron""",1801,,
"""incubator-heron""",1800,,
"""incubator-heron""",1796,,
"""incubator-heron""",1791,,
"""incubator-heron""",1789,,
"""incubator-heron""",1788,,
"""incubator-heron""",1786,,
"""incubator-heron""",1784,,
"""incubator-heron""",1782,,
"""incubator-heron""",1778,,
"""incubator-heron""",1774,,
"""incubator-heron""",1773,,
"""incubator-heron""",1772,,
"""incubator-heron""",1771,,
"""incubator-heron""",1768,,
"""incubator-heron""",1767,,
"""incubator-heron""",1765,,
"""incubator-heron""",1763,https://github.com/apache/incubator-heron/commit/bf1a2bdfbc2227cc688e86ca7420f80ff7466354,https://github.com/apache/incubator-heron/commit/6926906d5b22cb421adb37459ecede630e0b214d
"""incubator-heron""",1762,,
"""incubator-heron""",1761,,
"""incubator-heron""",1759,,
"""incubator-heron""",1756,,
"""incubator-heron""",1752,,
"""incubator-heron""",1751,,
"""incubator-heron""",1749,,
"""incubator-heron""",1748,,
"""incubator-heron""",1743,,
"""incubator-heron""",1739,,
"""incubator-heron""",1736,,
"""incubator-heron""",1734,,
"""incubator-heron""",1733,,
"""incubator-heron""",1726,,
"""incubator-heron""",1725,,
"""incubator-heron""",1720,,
"""incubator-heron""",1719,,
"""incubator-heron""",1717,,
"""incubator-heron""",1716,,
"""incubator-heron""",1715,,
"""incubator-heron""",1714,,
"""incubator-heron""",1713,,
"""incubator-heron""",1711,,
"""incubator-heron""",1710,,
"""incubator-heron""",1709,,
"""incubator-heron""",1708,,
"""incubator-heron""",1707,,
"""incubator-heron""",1706,,
"""incubator-heron""",1705,,
"""incubator-heron""",1704,,
"""incubator-heron""",1703,,
"""incubator-heron""",1702,,
"""incubator-heron""",1700,,
"""incubator-heron""",1697,,
"""incubator-heron""",1696,,
"""incubator-heron""",1695,,
"""incubator-heron""",1694,,
"""incubator-heron""",1693,,
"""incubator-heron""",1689,,
"""incubator-heron""",1688,,
"""incubator-heron""",1683,,
"""incubator-heron""",1682,,
"""incubator-heron""",1679,,
"""incubator-heron""",1678,,
"""incubator-heron""",1676,,
"""incubator-heron""",1675,,
"""incubator-heron""",1672,,
"""incubator-heron""",1665,,
"""incubator-heron""",1660,,
"""incubator-heron""",1658,,
"""incubator-heron""",1657,,
"""incubator-heron""",1655,,
"""incubator-heron""",1650,,
"""incubator-heron""",1648,,
"""incubator-heron""",1646,,
"""incubator-heron""",1644,,
"""incubator-heron""",1643,,
"""incubator-heron""",1642,,
"""incubator-heron""",1641,,
"""incubator-heron""",1639,,
"""incubator-heron""",1638,,
"""incubator-heron""",1637,,
"""incubator-heron""",1636,,
"""incubator-heron""",1635,,
"""incubator-heron""",1631,,
"""incubator-heron""",1630,,
"""incubator-heron""",1629,,
"""incubator-heron""",1625,,
"""incubator-heron""",1621,,
"""incubator-heron""",1620,,
"""incubator-heron""",1618,,
"""incubator-heron""",1617,,
"""incubator-heron""",1615,https://github.com/apache/incubator-heron/commit/dfed817d4d73b9bfbdec76506f3066458cdf5c13,https://github.com/apache/incubator-heron/commit/6931ae51f59cfe20cc77743f6fa37199193b32d4
"""incubator-heron""",1613,,
"""incubator-heron""",1611,,
"""incubator-heron""",1609,,
"""incubator-heron""",1607,,
"""incubator-heron""",1606,,
"""incubator-heron""",1605,,
"""incubator-heron""",1601,,
"""incubator-heron""",1599,,
"""incubator-heron""",1589,https://github.com/apache/incubator-heron/commit/bc2ab40138aaf20855ba3cdbe5cbee02baf34932,https://github.com/apache/incubator-heron/commit/451be19ffd292161aa96fb1fd00cee69db73e258
"""incubator-heron""",1586,,
"""incubator-heron""",1585,,
"""incubator-heron""",1584,,
"""incubator-heron""",1583,,
"""incubator-heron""",1582,,
"""incubator-heron""",1581,,
"""incubator-heron""",1580,,
"""incubator-heron""",1578,,
"""incubator-heron""",1575,,
"""incubator-heron""",1572,,
"""incubator-heron""",1571,https://github.com/apache/incubator-heron/commit/c43c5c613fe450874a130944a3509233e67f1ca3,https://github.com/apache/incubator-heron/commit/39d58c0e1423bd86d4cd29f968f2804412f75e3f
"""incubator-heron""",1570,,
"""incubator-heron""",1565,,
"""incubator-heron""",1564,,
"""incubator-heron""",1563,,
"""incubator-heron""",1562,,
"""incubator-heron""",1557,,
"""incubator-heron""",1554,,
"""incubator-heron""",1553,,
"""incubator-heron""",1551,,
"""incubator-heron""",1550,,
"""incubator-heron""",1549,,
"""incubator-heron""",1548,,
"""incubator-heron""",1547,,
"""incubator-heron""",1546,,
"""incubator-heron""",1543,,
"""incubator-heron""",1542,https://github.com/apache/incubator-heron/commit/a85f93c24841f914e1763a1f8ff3c62cd294ff79,https://github.com/apache/incubator-heron/commit/235342d1adca93d219037ac91a5145eb9cc5853b
"""incubator-heron""",1541,,
"""incubator-heron""",1540,,
"""incubator-heron""",1539,,
"""incubator-heron""",1532,,
"""incubator-heron""",1531,,
"""incubator-heron""",1530,,
"""incubator-heron""",1529,,
"""incubator-heron""",1528,,
"""incubator-heron""",1527,,
"""incubator-heron""",1526,,
"""incubator-heron""",1524,,
"""incubator-heron""",1522,https://github.com/apache/incubator-heron/commit/7086dff008101990f295a093951a857194deab62,https://github.com/apache/incubator-heron/commit/ee9521589694a787a5ac4f0d249306fdef83bc28
"""incubator-heron""",1521,,
"""incubator-heron""",1520,,
"""incubator-heron""",1519,,
"""incubator-heron""",1518,,
"""incubator-heron""",1517,,
"""incubator-heron""",1516,,
"""incubator-heron""",1510,,
"""incubator-heron""",1507,,
"""incubator-heron""",1506,,
"""incubator-heron""",1505,,
"""incubator-heron""",1503,,
"""incubator-heron""",1500,,
"""incubator-heron""",1498,,
"""incubator-heron""",1495,,
"""incubator-heron""",1494,,
"""incubator-heron""",1493,,
"""incubator-heron""",1492,,
"""incubator-heron""",1491,,
"""incubator-heron""",1490,,
"""incubator-heron""",1488,,
"""incubator-heron""",1487,,
"""incubator-heron""",1486,,
"""incubator-heron""",1483,,
"""incubator-heron""",1482,,
"""incubator-heron""",1481,,
"""incubator-heron""",1480,,
"""incubator-heron""",1478,,
"""incubator-heron""",1477,https://github.com/apache/incubator-heron/commit/b00b2e6653b8337501849e21efe83c17a6c80573,https://github.com/apache/incubator-heron/commit/0402e7970a9d27451048911873014a3e7cf6ee2e
"""incubator-heron""",1476,,
"""incubator-heron""",1473,,
"""incubator-heron""",1472,,
"""incubator-heron""",1471,https://github.com/apache/incubator-heron/commit/944901ff09edd9b2e7c83f054314557105ac94f0,https://github.com/apache/incubator-heron/commit/1c697d90e59901df33080e5ff5b4bc961ba4f0f3
"""incubator-heron""",1470,,
"""incubator-heron""",1469,,
"""incubator-heron""",1468,https://github.com/apache/incubator-heron/commit/ca77fa18d0216ff0484b002346885663a1ccec1e,https://github.com/apache/incubator-heron/commit/694abc65d3b6e91c5c6d8f3a61d291fa73921a26
"""incubator-heron""",1467,,
"""incubator-heron""",1464,,
"""incubator-heron""",1463,,
"""incubator-heron""",1461,,
"""incubator-heron""",1460,,
"""incubator-heron""",1459,,
"""incubator-heron""",1458,,
"""incubator-heron""",1456,,
"""incubator-heron""",1454,,
"""incubator-heron""",1445,,
"""incubator-heron""",1444,,
"""incubator-heron""",1441,,
"""incubator-heron""",1440,,
"""incubator-heron""",1436,,
"""incubator-heron""",1434,,
"""incubator-heron""",1433,,
"""incubator-heron""",1432,,
"""incubator-heron""",1431,,
"""incubator-heron""",1429,,
"""incubator-heron""",1428,https://github.com/apache/incubator-heron/commit/76d072baab0ea0c5a1d9d9eb80eaa891abd45960,https://github.com/apache/incubator-heron/commit/6eac1e69660786718d7f6b7fc57ad6128dfffeed
"""incubator-heron""",1426,https://github.com/apache/incubator-heron/commit/5ff3f232d3ef23a59af0498aacbe33cf4902072d,https://github.com/apache/incubator-heron/commit/1b9d8af46fe46392eec7b103d777b9d9c5bbab1a
"""incubator-heron""",1425,,
"""incubator-heron""",1421,,
"""incubator-heron""",1420,,
"""incubator-heron""",1415,,
"""incubator-heron""",1412,,
"""incubator-heron""",1409,,
"""incubator-heron""",1408,,
"""incubator-heron""",1407,,
"""incubator-heron""",1406,,
"""incubator-heron""",1404,,
"""incubator-heron""",1403,,
"""incubator-heron""",1402,,
"""incubator-heron""",1401,,
"""incubator-heron""",1398,,
"""incubator-heron""",1397,,
"""incubator-heron""",1395,,
"""incubator-heron""",1394,https://github.com/apache/incubator-heron/commit/5a4a87a954656841efabebf1677fc2aa93ab6a20,https://github.com/apache/incubator-heron/commit/aec9b01f52ecd582b7f3a893e6af26edecda3c63
"""incubator-heron""",1392,,
"""incubator-heron""",1391,,
"""incubator-heron""",1388,,
"""incubator-heron""",1387,,
"""incubator-heron""",1386,,
"""incubator-heron""",1382,,
"""incubator-heron""",1381,,
"""incubator-heron""",1380,,
"""incubator-heron""",1378,,
"""incubator-heron""",1377,,
"""incubator-heron""",1375,,
"""incubator-heron""",1374,https://github.com/apache/incubator-heron/commit/afb908b7ab4c309d97cd3c4a517efed80068344c,https://github.com/apache/incubator-heron/commit/831c4b747d8840fc9d1204554853f35b5ebf4d09
"""incubator-heron""",1373,,
"""incubator-heron""",1371,,
"""incubator-heron""",1370,,
"""incubator-heron""",1367,,
"""incubator-heron""",1366,,
"""incubator-heron""",1365,,
"""incubator-heron""",1364,,
"""incubator-heron""",1363,,
"""incubator-heron""",1361,,
"""incubator-heron""",1360,,
"""incubator-heron""",1359,,
"""incubator-heron""",1357,,
"""incubator-heron""",1356,,
"""incubator-heron""",1354,,
"""incubator-heron""",1352,,
"""incubator-heron""",1350,,
"""incubator-heron""",1346,,
"""incubator-heron""",1345,,
"""incubator-heron""",1344,,
"""incubator-heron""",1342,,
"""incubator-heron""",1341,,
"""incubator-heron""",1339,,
"""incubator-heron""",1336,,
"""incubator-heron""",1335,,
"""incubator-heron""",1334,,
"""incubator-heron""",1333,,
"""incubator-heron""",1332,,
"""incubator-heron""",1331,,
"""incubator-heron""",1329,https://github.com/apache/incubator-heron/commit/1bc9d71d9f3bb19b3d12f20f800b6b01714c471c,https://github.com/apache/incubator-heron/commit/1a4e00e39832f4ad24c1f7a8fa3e33a944f37759
"""incubator-heron""",1326,,
"""incubator-heron""",1325,,
"""incubator-heron""",1324,,
"""incubator-heron""",1321,,
"""incubator-heron""",1319,,
"""incubator-heron""",1318,,
"""incubator-heron""",1317,,
"""incubator-heron""",1316,,
"""incubator-heron""",1313,,
"""incubator-heron""",1312,,
"""incubator-heron""",1309,,
"""incubator-heron""",1307,,
"""incubator-heron""",1306,,
"""incubator-heron""",1305,,
"""incubator-heron""",1304,,
"""incubator-heron""",1302,,
"""incubator-heron""",1301,https://github.com/apache/incubator-heron/commit/159eb65af78c13a0747298e7af6eb6b115d4fb1b,https://github.com/apache/incubator-heron/commit/f2d07eaadf954ad471cb2d021a835f0079a123c7
"""incubator-heron""",1300,https://github.com/apache/incubator-heron/commit/6f40b27675683cd3a34f619a3f8d91848fea3c12,https://github.com/apache/incubator-heron/commit/2ca6226dd428dcdde20b549444b06ccf5846d165
"""incubator-heron""",1299,,
"""incubator-heron""",1298,,
"""incubator-heron""",1296,,
"""incubator-heron""",1290,,
"""incubator-heron""",1289,,
"""incubator-heron""",1288,,
"""incubator-heron""",1287,,
"""incubator-heron""",1285,https://github.com/apache/incubator-heron/commit/baf96520317b748a5361d292b5fb133193ff9cad,https://github.com/apache/incubator-heron/commit/b78d15c0a37ff59e43ebceb00837db96767a3470
"""incubator-heron""",1284,,
"""incubator-heron""",1282,,
"""incubator-heron""",1281,,
"""incubator-heron""",1278,,
"""incubator-heron""",1276,,
"""incubator-heron""",1275,,
"""incubator-heron""",1274,,
"""incubator-heron""",1273,,
"""incubator-heron""",1271,https://github.com/apache/incubator-heron/commit/613b1720f280bbf4b6df9571d1431386c8e4fa7f,https://github.com/apache/incubator-heron/commit/627320ddd8d39cc30e66db2d23213ab4473a01ef
"""incubator-heron""",1270,,
"""incubator-heron""",1268,,
"""incubator-heron""",1267,,
"""incubator-heron""",1266,,
"""incubator-heron""",1265,,
"""incubator-heron""",1263,,
"""incubator-heron""",1260,,
"""incubator-heron""",1257,,
"""incubator-heron""",1256,,
"""incubator-heron""",1252,,
"""incubator-heron""",1250,,
"""incubator-heron""",1249,,
"""incubator-heron""",1248,,
"""incubator-heron""",1247,,
"""incubator-heron""",1246,,
"""incubator-heron""",1245,,
"""incubator-heron""",1241,,
"""incubator-heron""",1240,,
"""incubator-heron""",1239,https://github.com/apache/incubator-heron/commit/d4b5c88d021f119ff2573ec8f9279250419804a8,https://github.com/apache/incubator-heron/commit/663a2e029ae9cf72b8e03395910910c8fab42837
"""incubator-heron""",1238,,
"""incubator-heron""",1237,,
"""incubator-heron""",1236,,
"""incubator-heron""",1235,,
"""incubator-heron""",1234,,
"""incubator-heron""",1233,,
"""incubator-heron""",1231,,
"""incubator-heron""",1229,,
"""incubator-heron""",1227,,
"""incubator-heron""",1226,,
"""incubator-heron""",1224,,
"""incubator-heron""",1221,,
"""incubator-heron""",1219,,
"""incubator-heron""",1214,,
"""incubator-heron""",1213,,
"""incubator-heron""",1212,,
"""incubator-heron""",1211,,
"""incubator-heron""",1208,,
"""incubator-heron""",1207,,
"""incubator-heron""",1204,,https://github.com/apache/incubator-heron/commit/f113cba4b1e6fee6dc3fbf596f55f5f795d9acae
"""incubator-heron""",1201,,
"""incubator-heron""",1199,,
"""incubator-heron""",1198,,
"""incubator-heron""",1197,,
"""incubator-heron""",1195,,https://github.com/apache/incubator-heron/commit/f110c9af5666384d17adf4aaa0ff95433fa55a58
"""incubator-heron""",1193,,
"""incubator-heron""",1191,,https://github.com/apache/incubator-heron/commit/9e180a7985e60df8871d21d4a5e25aaa6becde71
"""incubator-heron""",1187,,https://github.com/apache/incubator-heron/commit/005e1846ac83145f0e905701a67abedc0f518d07
"""incubator-heron""",1185,,https://github.com/apache/incubator-heron/commit/7b5d5b8f4383035e32120ea54a3e4ea5dffb79de
"""incubator-heron""",1184,,
"""incubator-heron""",1181,,
"""incubator-heron""",1180,,
"""incubator-heron""",1179,,
"""incubator-heron""",1178,,https://github.com/apache/incubator-heron/commit/00a2f0c89dcb5bb7ba5f847b034147bb72fe82ec
"""incubator-heron""",1176,,
"""incubator-heron""",1175,,
"""incubator-heron""",1174,,
"""incubator-heron""",1170,,
"""incubator-heron""",1169,,
"""incubator-heron""",1168,,
"""incubator-heron""",1167,,
"""incubator-heron""",1166,,
"""incubator-heron""",1164,,
"""incubator-heron""",1163,,
"""incubator-heron""",1162,,
"""incubator-heron""",1161,,
"""incubator-heron""",1160,,https://github.com/apache/incubator-heron/commit/b4f0ce9cc4a34b64562a0de438f6cfb4127d8f7b
"""incubator-heron""",1156,,
"""incubator-heron""",1152,,
"""incubator-heron""",1151,,
"""incubator-heron""",1150,,
"""incubator-heron""",1149,,
"""incubator-heron""",1144,,
"""incubator-heron""",1142,,
"""incubator-heron""",1141,,
"""incubator-heron""",1140,,
"""incubator-heron""",1138,,
"""incubator-heron""",1137,,
"""incubator-heron""",1136,,
"""incubator-heron""",1135,,
"""incubator-heron""",1134,,
"""incubator-heron""",1133,,
"""incubator-heron""",1132,,
"""incubator-heron""",1127,,
"""incubator-heron""",1123,,
"""incubator-heron""",1121,,https://github.com/apache/incubator-heron/commit/7f156ef6aac46db61f74b629c124558a61d9e659
"""incubator-heron""",1119,,
"""incubator-heron""",1118,,
"""incubator-heron""",1113,,
"""incubator-heron""",1109,,https://github.com/apache/incubator-heron/commit/90ea9088543afd255fa23454c7cf416717ecd088
"""incubator-heron""",1108,,
"""incubator-heron""",1106,,
"""incubator-heron""",1105,,https://github.com/apache/incubator-heron/commit/91ff7869b924979903ef9eefd144d4f30c40f92a
"""incubator-heron""",1100,,
"""incubator-heron""",1097,,
"""incubator-heron""",1096,,https://github.com/apache/incubator-heron/commit/26d4a2214f20cc8dd2b00844311d672df1cacc82
"""incubator-heron""",1095,,
"""incubator-heron""",1092,,
"""incubator-heron""",1090,,
"""incubator-heron""",1089,,
"""incubator-heron""",1088,,
"""incubator-heron""",1086,,
"""incubator-heron""",1085,,
"""incubator-heron""",1082,,
"""incubator-heron""",1081,,
"""incubator-heron""",1080,,
"""incubator-heron""",1079,,https://github.com/apache/incubator-heron/commit/87705c5b2169dab0732679fb928dcb515bd5d27c
"""incubator-heron""",1076,,
"""incubator-heron""",1075,,
"""incubator-heron""",1074,,
"""incubator-heron""",1071,,
"""incubator-heron""",1070,,
"""incubator-heron""",1068,,
"""incubator-heron""",1067,,
"""incubator-heron""",1066,,
"""incubator-heron""",1065,,
"""incubator-heron""",1064,,
"""incubator-heron""",1062,,
"""incubator-heron""",1061,,
"""incubator-heron""",1060,,
"""incubator-heron""",1059,,https://github.com/apache/incubator-heron/commit/64a86a508a7a4ab332cc07c83d9d36066a4f3252
"""incubator-heron""",1056,,
"""incubator-heron""",1055,,
"""incubator-heron""",1054,,https://github.com/apache/incubator-heron/commit/66e6b2499034d25b4acb181066e1d4c0cbddde00
"""incubator-heron""",1052,,
"""incubator-heron""",1049,,
"""incubator-heron""",1047,,
"""incubator-heron""",1046,,
"""incubator-heron""",1044,,
"""incubator-heron""",1042,,https://github.com/apache/incubator-heron/commit/3f575f40f2e8bfcc26d4a8e4bd07530fb011299c
"""incubator-heron""",1041,,
"""incubator-heron""",1040,,
"""incubator-heron""",1039,,
"""incubator-heron""",1038,,
"""incubator-heron""",1037,,
"""incubator-heron""",1034,,
"""incubator-heron""",1033,,
"""incubator-heron""",1030,,
"""incubator-heron""",1029,,
"""incubator-heron""",1025,,
"""incubator-heron""",1022,,
"""incubator-heron""",1021,,https://github.com/apache/incubator-heron/commit/e662defbcea096ee28d828b47b6c0e16d03c24b0
"""incubator-heron""",1020,,
"""incubator-heron""",1019,,https://github.com/apache/incubator-heron/commit/b5a277498439f9b0129ba486120d7868015aab85
"""incubator-heron""",1017,,https://github.com/apache/incubator-heron/commit/fe4052c83afbdea6a33554de59d62513b78c696c
"""incubator-heron""",1016,,
"""incubator-heron""",1014,,
"""incubator-heron""",1009,,
"""incubator-heron""",1008,,
"""incubator-heron""",1007,,
"""incubator-heron""",1006,,
"""incubator-heron""",1005,,
"""incubator-heron""",1000,,https://github.com/apache/incubator-heron/commit/6627586568aab5fb6f3e68560b87adfd18701942
"""incubator-heron""",999,,
"""incubator-heron""",998,,
"""incubator-heron""",997,,
"""incubator-heron""",996,,
"""incubator-heron""",995,,
"""incubator-heron""",992,,
"""incubator-heron""",991,,
"""incubator-heron""",990,,
"""incubator-heron""",989,https://github.com/apache/incubator-heron/commit/0d5896073f28f27a8336cdbe428d549aceb08c2f,https://github.com/apache/incubator-heron/commit/a5b8bbb9eac01f2189cfc3545a93fd44ce083fc4
"""incubator-heron""",985,,
"""incubator-heron""",982,,
"""incubator-heron""",980,,
"""incubator-heron""",979,,https://github.com/apache/incubator-heron/commit/757878ab582d3ed57eff02fa850939f006cbad81
"""incubator-heron""",977,,https://github.com/apache/incubator-heron/commit/530f4cbf321991d31d72c8c4ada6748fba8c723e
"""incubator-heron""",973,,
"""incubator-heron""",971,,
"""incubator-heron""",969,,
"""incubator-heron""",968,,
"""incubator-heron""",967,,
"""incubator-heron""",966,,
"""incubator-heron""",960,,
"""incubator-heron""",957,,https://github.com/apache/incubator-heron/commit/f14a40768a267081c7ef91f5c1975005305f6c58
"""incubator-heron""",956,,
"""incubator-heron""",955,,
"""incubator-heron""",943,,https://github.com/apache/incubator-heron/commit/ad1bfce5449613b2b28d5408e125d089a0d47305
"""incubator-heron""",942,,
"""incubator-heron""",940,,
"""incubator-heron""",939,,
"""incubator-heron""",938,,
"""incubator-heron""",937,,
"""incubator-heron""",929,,https://github.com/apache/incubator-heron/commit/606bed88cc71918e032aba8b1dc713d30a193eda
"""incubator-heron""",928,,
"""incubator-heron""",927,,
"""incubator-heron""",926,,
"""incubator-heron""",925,,
"""incubator-heron""",921,,
"""incubator-heron""",919,,
"""incubator-heron""",918,,
"""incubator-heron""",917,,
"""incubator-heron""",916,,
"""incubator-heron""",913,,
"""incubator-heron""",911,,
"""incubator-heron""",908,,
"""incubator-heron""",907,,
"""incubator-heron""",906,,
"""incubator-heron""",902,,
"""incubator-heron""",899,,
"""incubator-heron""",895,,
"""incubator-heron""",894,,
"""incubator-heron""",891,,
"""incubator-heron""",890,,
"""incubator-heron""",889,,
"""incubator-heron""",884,,
"""incubator-heron""",880,,
"""incubator-heron""",879,,
"""incubator-heron""",878,,
"""incubator-heron""",877,,https://github.com/apache/incubator-heron/commit/517d589ac2c411bfdffeaa8c96279f657d6a63ff
"""incubator-heron""",873,,
"""incubator-heron""",872,,
"""incubator-heron""",870,,https://github.com/apache/incubator-heron/commit/f37a0ff1bf4a32855828e555c5814d4c1cc6889f
"""incubator-heron""",869,,
"""incubator-heron""",868,,
"""incubator-heron""",865,,
"""incubator-heron""",863,,
"""incubator-heron""",862,,
"""incubator-heron""",861,,
"""incubator-heron""",854,,
"""incubator-heron""",850,,
"""incubator-heron""",849,,
"""incubator-heron""",847,,
"""incubator-heron""",846,,
"""incubator-heron""",842,,
"""incubator-heron""",839,,
"""incubator-heron""",835,,
"""incubator-heron""",828,,
"""incubator-heron""",826,,
"""incubator-heron""",823,,
"""incubator-heron""",817,,
"""incubator-heron""",815,,
"""incubator-heron""",814,,
"""incubator-heron""",806,,
"""incubator-heron""",805,,
"""incubator-heron""",802,,
"""incubator-heron""",801,,
"""incubator-heron""",796,,
"""incubator-heron""",795,,
"""incubator-heron""",794,,
"""incubator-heron""",793,,
"""incubator-heron""",790,,
"""incubator-heron""",786,,
"""incubator-heron""",784,,
"""incubator-heron""",783,,
"""incubator-heron""",782,,
"""incubator-heron""",781,,
"""incubator-heron""",777,,
"""incubator-heron""",776,,
"""incubator-heron""",765,,
"""incubator-heron""",764,,
"""incubator-heron""",763,,
"""incubator-heron""",762,,
"""incubator-heron""",760,,
"""incubator-heron""",759,,
"""incubator-heron""",758,,
"""incubator-heron""",757,,
"""incubator-heron""",756,,
"""incubator-heron""",755,,
"""incubator-heron""",754,,
"""incubator-heron""",753,,
"""incubator-heron""",750,,
"""incubator-heron""",749,,
"""incubator-heron""",748,,
"""incubator-heron""",747,,
"""incubator-heron""",745,,
"""incubator-heron""",744,,
"""incubator-heron""",743,,
"""incubator-heron""",741,,
"""incubator-heron""",739,,
"""incubator-heron""",738,,
"""incubator-heron""",734,,
"""incubator-heron""",733,,
"""incubator-heron""",732,,
"""incubator-heron""",731,,
"""incubator-heron""",730,,
"""incubator-heron""",727,,
"""incubator-heron""",726,,
"""incubator-heron""",722,,
"""incubator-heron""",720,,
"""incubator-heron""",718,,
"""incubator-heron""",717,,
"""incubator-heron""",716,,
"""incubator-heron""",715,,
"""incubator-heron""",713,,
"""incubator-heron""",712,,
"""incubator-heron""",711,,
"""incubator-heron""",710,,
"""incubator-heron""",709,,
"""incubator-heron""",708,,
"""incubator-heron""",707,,
"""incubator-heron""",706,,
"""incubator-heron""",705,,
"""incubator-heron""",701,,
"""incubator-heron""",700,,
"""incubator-heron""",694,,
"""incubator-heron""",693,,
"""incubator-heron""",691,,
"""incubator-heron""",688,,
"""incubator-heron""",687,,
"""incubator-heron""",686,,
"""incubator-heron""",685,,
"""incubator-heron""",684,,
"""incubator-heron""",683,,
"""incubator-heron""",682,,
"""incubator-heron""",681,,
"""incubator-heron""",680,,
"""incubator-heron""",678,,
"""incubator-heron""",677,,
"""incubator-heron""",675,,
"""incubator-heron""",673,,
"""incubator-heron""",672,,
"""incubator-heron""",670,,
"""incubator-heron""",669,,
"""incubator-heron""",667,,
"""incubator-heron""",666,,
"""incubator-heron""",665,,
"""incubator-heron""",664,,
"""incubator-heron""",663,,
"""incubator-heron""",662,,
"""incubator-heron""",660,,
"""incubator-heron""",659,,
"""incubator-heron""",657,,
"""incubator-heron""",656,,
"""incubator-heron""",654,,
"""incubator-heron""",653,,
"""incubator-heron""",652,,
"""incubator-heron""",651,,
"""incubator-heron""",650,,
"""incubator-heron""",649,,
"""incubator-heron""",648,,
"""incubator-heron""",644,,
"""incubator-heron""",643,,
"""incubator-heron""",642,,
"""incubator-heron""",641,,
"""incubator-heron""",640,,
"""incubator-heron""",635,,https://github.com/apache/incubator-heron/commit/692025cfc16c35c36a71c9dad74b9d6a2d73cd62
"""incubator-heron""",634,,
"""incubator-heron""",633,,
"""incubator-heron""",632,,
"""incubator-heron""",631,,
"""incubator-heron""",629,,
"""incubator-heron""",627,,
"""incubator-heron""",626,,
"""incubator-heron""",625,,
"""incubator-heron""",624,,
"""incubator-heron""",622,,
"""incubator-heron""",621,,
"""incubator-heron""",619,,
"""incubator-heron""",615,,
"""incubator-heron""",614,,
"""incubator-heron""",613,,
"""incubator-heron""",612,,
"""incubator-heron""",611,,
"""incubator-heron""",610,,
"""incubator-heron""",609,,
"""incubator-heron""",605,,
"""incubator-heron""",604,,
"""incubator-heron""",603,,
"""incubator-heron""",602,,
"""incubator-heron""",601,,
"""incubator-heron""",600,,
"""incubator-heron""",598,,
"""incubator-heron""",596,,
"""incubator-heron""",594,,
"""incubator-heron""",592,,
"""incubator-heron""",591,,
"""incubator-heron""",590,,
"""incubator-heron""",589,,
"""incubator-heron""",588,,
"""incubator-heron""",587,,
"""incubator-heron""",586,,
"""incubator-heron""",585,,
"""incubator-heron""",576,,
"""incubator-heron""",570,,
"""incubator-heron""",569,,
"""incubator-heron""",568,,
"""incubator-heron""",567,,
"""incubator-heron""",566,,
"""incubator-heron""",565,,
"""incubator-heron""",564,,
"""incubator-heron""",563,,
"""incubator-heron""",562,,
"""incubator-heron""",561,,
"""incubator-heron""",560,,
"""incubator-heron""",559,,
"""incubator-heron""",558,,
"""incubator-heron""",557,,
"""incubator-heron""",556,,
"""incubator-heron""",555,,
"""incubator-heron""",554,,
"""incubator-heron""",553,,
"""incubator-heron""",552,,
"""incubator-heron""",551,,
"""incubator-heron""",550,,
"""incubator-heron""",549,,
"""incubator-heron""",548,,
"""incubator-heron""",547,,
"""incubator-heron""",546,,
"""incubator-heron""",545,,
"""incubator-heron""",544,,
"""incubator-heron""",543,,
"""incubator-heron""",542,,
"""incubator-heron""",541,,
"""incubator-heron""",539,,
"""incubator-heron""",538,,
"""incubator-heron""",537,,
"""incubator-heron""",536,,
"""incubator-heron""",534,,
"""incubator-heron""",533,,
"""incubator-heron""",532,,
"""incubator-heron""",531,,
"""incubator-heron""",528,,
"""incubator-heron""",527,,
"""incubator-heron""",525,,
"""incubator-heron""",523,,
"""incubator-heron""",522,,
"""incubator-heron""",520,,
"""incubator-heron""",518,,
"""incubator-heron""",517,,
"""incubator-heron""",516,,
"""incubator-heron""",515,,
"""incubator-heron""",514,,
"""incubator-heron""",513,,
"""incubator-heron""",512,,
"""incubator-heron""",511,,
"""incubator-heron""",510,,
"""incubator-heron""",509,,
"""incubator-heron""",507,,
"""incubator-heron""",506,,
"""incubator-heron""",503,,
"""incubator-heron""",502,,
"""incubator-heron""",501,,
"""incubator-heron""",500,,
"""incubator-heron""",499,,
"""incubator-heron""",498,,
"""incubator-heron""",496,,
"""incubator-heron""",495,,
"""incubator-heron""",494,,
"""incubator-heron""",493,,
"""incubator-heron""",492,,
"""incubator-heron""",491,,
"""incubator-heron""",490,,
"""incubator-heron""",489,,
"""incubator-heron""",488,,
"""incubator-heron""",487,,
"""incubator-heron""",486,,
"""incubator-heron""",485,,
"""incubator-heron""",484,,
"""incubator-heron""",483,,
"""incubator-heron""",482,,
"""incubator-heron""",481,,
"""incubator-heron""",480,,
"""incubator-heron""",479,,
"""incubator-heron""",478,,
"""incubator-heron""",477,,
"""incubator-heron""",476,,
"""incubator-heron""",475,,
"""incubator-heron""",474,,
"""incubator-heron""",472,,
"""incubator-heron""",470,,
"""incubator-heron""",469,,
"""incubator-heron""",468,,
"""incubator-heron""",465,,
"""incubator-heron""",464,,
"""incubator-heron""",463,,
"""incubator-heron""",462,,
"""incubator-heron""",461,,
"""incubator-heron""",460,,
"""incubator-heron""",458,,
"""incubator-heron""",457,,
"""incubator-heron""",455,,
"""incubator-heron""",454,,
"""incubator-heron""",453,,
"""incubator-heron""",451,,
"""incubator-heron""",449,,
"""incubator-heron""",448,,
"""incubator-heron""",447,,
"""incubator-heron""",446,,
"""incubator-heron""",445,,
"""incubator-heron""",443,,
"""incubator-heron""",442,,https://github.com/apache/incubator-heron/commit/4383cae3f9b88dc6893c6dda5e1fdd98d841ed83
"""incubator-heron""",438,,
"""incubator-heron""",437,,
"""incubator-heron""",435,,
"""incubator-heron""",434,,
"""incubator-heron""",433,,
"""incubator-heron""",429,,
"""incubator-heron""",428,,
"""incubator-heron""",427,,
"""incubator-heron""",426,,
"""incubator-heron""",425,,
"""incubator-heron""",424,,
"""incubator-heron""",422,,
"""incubator-heron""",421,,
"""incubator-heron""",418,,
"""incubator-heron""",417,,
"""incubator-heron""",416,,
"""incubator-heron""",411,,
"""incubator-heron""",410,,
"""incubator-heron""",406,,
"""incubator-heron""",404,,
"""incubator-heron""",403,,
"""incubator-heron""",402,,
"""incubator-heron""",401,,
"""incubator-heron""",399,,
"""incubator-heron""",393,,
"""incubator-heron""",392,,
"""incubator-heron""",388,,
"""incubator-heron""",387,,
"""incubator-heron""",386,,
"""incubator-heron""",385,,
"""incubator-heron""",384,,
"""incubator-heron""",383,,
"""incubator-heron""",381,,
"""incubator-heron""",379,,
"""incubator-heron""",378,,
"""incubator-heron""",372,,
"""incubator-heron""",371,,
"""incubator-heron""",368,,
"""incubator-heron""",367,,
"""incubator-heron""",364,,
"""incubator-heron""",362,,
"""incubator-heron""",361,,
"""incubator-heron""",360,,
"""incubator-heron""",359,,
"""incubator-heron""",358,,
"""incubator-heron""",356,,
"""incubator-heron""",355,,
"""incubator-heron""",354,,
"""incubator-heron""",353,,
"""incubator-heron""",350,,
"""incubator-heron""",345,,
"""incubator-heron""",344,,
"""incubator-heron""",343,,
"""incubator-heron""",342,,
"""incubator-heron""",339,,
"""incubator-heron""",337,,
"""incubator-heron""",336,,
"""incubator-heron""",335,,
"""incubator-heron""",334,,
"""incubator-heron""",333,,https://github.com/apache/incubator-heron/commit/9eead96c713cdb82a1937fa36cea3c967e089185
"""incubator-heron""",332,,
"""incubator-heron""",331,,
"""incubator-heron""",330,,
"""incubator-heron""",329,,
"""incubator-heron""",328,,
"""incubator-heron""",327,,
"""incubator-heron""",326,,
"""incubator-heron""",325,,
"""incubator-heron""",323,,
"""incubator-heron""",322,,
"""incubator-heron""",320,,
"""incubator-heron""",319,,
"""incubator-heron""",318,,
"""incubator-heron""",317,,
"""incubator-heron""",312,,
"""incubator-heron""",311,,
"""incubator-heron""",310,,
"""incubator-heron""",309,,
"""incubator-heron""",307,,
"""incubator-heron""",306,,
"""incubator-heron""",305,,
"""incubator-heron""",304,,
"""incubator-heron""",303,,
"""incubator-heron""",301,,
"""incubator-heron""",300,,
"""incubator-heron""",299,,
"""incubator-heron""",298,,
"""incubator-heron""",297,,
"""incubator-heron""",296,,
"""incubator-heron""",295,,
"""incubator-heron""",294,,
"""incubator-heron""",293,,
"""incubator-heron""",292,,
"""incubator-heron""",291,,
"""incubator-heron""",289,,
"""incubator-heron""",287,,
"""incubator-heron""",283,,
"""incubator-heron""",282,,
"""incubator-heron""",281,,
"""incubator-heron""",280,,
"""incubator-heron""",279,,
"""incubator-heron""",278,,
"""incubator-heron""",277,,
"""incubator-heron""",275,,
"""incubator-heron""",270,,
"""incubator-heron""",268,,
"""incubator-heron""",264,,
"""incubator-heron""",263,,
"""incubator-heron""",262,,
"""incubator-heron""",257,,
"""incubator-heron""",256,,
"""incubator-heron""",255,,
"""incubator-heron""",253,,
"""incubator-heron""",252,,
"""incubator-heron""",250,,
"""incubator-heron""",249,,
"""incubator-heron""",248,,
"""incubator-heron""",247,,
"""incubator-heron""",246,,
"""incubator-heron""",245,,
"""incubator-heron""",244,,
"""incubator-heron""",243,,
"""incubator-heron""",242,,
"""incubator-heron""",241,,
"""incubator-heron""",240,,
"""incubator-heron""",239,,
"""incubator-heron""",235,,
"""incubator-heron""",234,,
"""incubator-heron""",233,,
"""incubator-heron""",232,,
"""incubator-heron""",229,,
"""incubator-heron""",228,,
"""incubator-heron""",227,,
"""incubator-heron""",225,,
"""incubator-heron""",224,,
"""incubator-heron""",223,,
"""incubator-heron""",222,,
"""incubator-heron""",220,,
"""incubator-heron""",216,,
"""incubator-heron""",214,,
"""incubator-heron""",213,,
"""incubator-heron""",212,,
"""incubator-heron""",211,,
"""incubator-heron""",209,,
"""incubator-heron""",208,,
"""incubator-heron""",205,,
"""incubator-heron""",203,,
"""incubator-heron""",201,,
"""incubator-heron""",191,,
"""incubator-heron""",185,,
"""incubator-heron""",181,,
"""incubator-heron""",178,,
"""incubator-heron""",177,,
"""incubator-heron""",176,,https://github.com/apache/incubator-heron/commit/4c8cadfb58ba61081ff5d02635426c7df4777ba1
"""incubator-heron""",175,,
"""incubator-heron""",173,,
"""incubator-heron""",172,,
"""incubator-heron""",170,,
"""incubator-heron""",169,,
"""incubator-heron""",168,,
"""incubator-heron""",165,,
"""incubator-heron""",164,,
"""incubator-heron""",162,,
"""incubator-heron""",157,,
"""incubator-heron""",155,,
"""incubator-heron""",152,,
"""incubator-heron""",150,,
"""incubator-heron""",148,,
"""incubator-heron""",147,,
"""incubator-heron""",146,,
"""incubator-heron""",145,,
"""incubator-heron""",143,,
"""incubator-heron""",141,,
"""incubator-heron""",140,,
"""incubator-heron""",136,,
"""incubator-heron""",135,,
"""incubator-heron""",132,,
"""incubator-heron""",130,,
"""incubator-heron""",128,,
"""incubator-heron""",123,,
"""incubator-heron""",116,,
"""incubator-heron""",113,,
"""incubator-heron""",97,,
"""incubator-heron""",96,,
"""incubator-heron""",94,,
"""incubator-heron""",92,,
"""incubator-heron""",90,,
"""incubator-heron""",89,,
"""incubator-heron""",88,,
"""incubator-heron""",87,,
"""incubator-heron""",85,,
"""incubator-heron""",84,,
"""incubator-heron""",83,,
"""incubator-heron""",81,,
"""incubator-heron""",80,,
"""incubator-heron""",77,,
"""incubator-heron""",74,,
"""incubator-heron""",73,,
"""incubator-heron""",72,,
"""incubator-heron""",71,,
"""incubator-heron""",67,,
"""incubator-heron""",66,,
"""incubator-heron""",65,,
"""incubator-heron""",64,,
"""incubator-heron""",63,,
"""incubator-heron""",61,,https://github.com/apache/incubator-heron/commit/06ad142ffbcc71dffe2a056ab36d56fe7ec3078c
"""incubator-heron""",60,,
"""incubator-heron""",56,,
"""incubator-heron""",53,,
"""incubator-heron""",52,,
"""incubator-heron""",51,,
"""incubator-heron""",49,,
"""incubator-heron""",48,,
"""incubator-heron""",47,,
"""incubator-heron""",43,,
"""incubator-heron""",41,,
"""incubator-heron""",40,,
"""incubator-heron""",37,,
"""incubator-heron""",35,,
"""incubator-heron""",32,,
"""incubator-heron""",31,,
"""incubator-heron""",29,,
"""incubator-heron""",28,,
"""incubator-heron""",27,,
"""incubator-heron""",26,,
"""incubator-heron""",25,,
"""incubator-heron""",24,,
"""incubator-heron""",23,,
"""incubator-heron""",22,,
"""incubator-heron""",21,,
"""incubator-heron""",20,,
"""incubator-heron""",19,,
"""incubator-heron""",18,,
"""incubator-heron""",17,,
"""incubator-heron""",16,,
"""incubator-heron""",15,,
"""incubator-heron""",14,,
"""incubator-heron""",13,,
"""incubator-heron""",12,,
"""incubator-heron""",10,,
"""incubator-heron""",9,,
"""incubator-heron""",8,,
"""incubator-heron""",7,,
"""incubator-heron""",6,,
"""incubator-heron""",5,,
"""incubator-heron""",4,,
"""incubator-heron""",3,,
"""incubator-heron""",2,,
"""incubator-heron""",1,,
