repo,pr_number,before_commit,after_commit
"""ant-ivy""",50,https://github.com/apache/ant-ivy/commit/589187d8f21afbeb1b5e3631810e66783efe5175,https://github.com/apache/ant-ivy/commit/b02336b76a5782e1252549b622a4593e145dfc6d
"""ant-ivy""",47,,
"""ant-ivy""",44,,
"""ant-ivy""",43,,
"""ant-ivy""",42,,
"""ant-ivy""",40,,
"""ant-ivy""",39,https://github.com/apache/ant-ivy/commit/9ae8bf9f94ec82b815f8b0c7ea32881d9f7ab236,https://github.com/apache/ant-ivy/commit/838aa1bd37ff2f60a51c60969204964839937eb9
"""ant-ivy""",37,,
"""ant-ivy""",36,https://github.com/apache/ant-ivy/commit/fc30228f0506bf539d1dbb1246ccf5973127106e,https://github.com/apache/ant-ivy/commit/f8962c6aa412c778ebd01d2a68725c36099ba1be
"""ant-ivy""",35,https://github.com/apache/ant-ivy/commit/9ca03288e40e8a2230756de2aa7883cabd09652a,https://github.com/apache/ant-ivy/commit/04d7c6991de41612a287ef12504d347be7942fe2
"""ant-ivy""",34,https://github.com/apache/ant-ivy/commit/d43aef64567d49d616ac23af40c5a567fecdb280,https://github.com/apache/ant-ivy/commit/1f0c99d0e012d84863e6a818facb143c9f03fac3
"""ant-ivy""",33,https://github.com/apache/ant-ivy/commit/8c0f8ec1c41a60fa3e1f2d4561953187c0ab1f36,https://github.com/apache/ant-ivy/commit/096c5bd0c1674733aee8822dbceecd069935472b
"""ant-ivy""",32,,
"""ant-ivy""",31,,
"""ant-ivy""",30,,
"""ant-ivy""",27,https://github.com/apache/ant-ivy/commit/432d526a51600219e2f598b1ecb5d4eb3938b056,https://github.com/apache/ant-ivy/commit/2f757454dc41f4d130234aea68b348da4f12a0fa
"""ant-ivy""",26,,
"""ant-ivy""",25,,
"""ant-ivy""",24,https://github.com/apache/ant-ivy/commit/c64b03fe69b9c27e2ba8a4dc42405cd7141ec0cf,https://github.com/apache/ant-ivy/commit/efa756288e712849c78c4230df05c2d1abeba91e
"""ant-ivy""",23,,
"""ant-ivy""",21,https://github.com/apache/ant-ivy/commit/5124aa876a972c4e3a9a04f1825a3219d96b1293,https://github.com/apache/ant-ivy/commit/3d30c8ca715492e11c5c7d196668d5dcec1bcbed
"""ant-ivy""",20,https://github.com/apache/ant-ivy/commit/c1765c71ba4394597409de790bf4529ff97e866e,https://github.com/apache/ant-ivy/commit/9ea5c69bda2ed1ec0c69c081e91b72dcf6a6e81c
"""ant-ivy""",19,,
"""ant-ivy""",18,,
"""ant-ivy""",17,,
"""ant-ivy""",16,,
"""ant-ivy""",10,https://github.com/apache/ant-ivy/commit/d3b8e1906c7f33b089824a4e6f71cc98d38dc369,https://github.com/apache/ant-ivy/commit/d19212c03ec7eb82e37e11746bac7a064738b686
