repo,pr_number,before_commit,after_commit
"""incubator-sdap-mudrod""",50,,
"""incubator-sdap-mudrod""",49,,
"""incubator-sdap-mudrod""",48,,
"""incubator-sdap-mudrod""",47,,
"""incubator-sdap-mudrod""",46,,
"""incubator-sdap-mudrod""",45,,
"""incubator-sdap-mudrod""",44,,
"""incubator-sdap-mudrod""",43,,
"""incubator-sdap-mudrod""",42,,
"""incubator-sdap-mudrod""",41,,
"""incubator-sdap-mudrod""",40,,
"""incubator-sdap-mudrod""",39,,
"""incubator-sdap-mudrod""",38,,
"""incubator-sdap-mudrod""",37,,
"""incubator-sdap-mudrod""",36,,
"""incubator-sdap-mudrod""",34,,
"""incubator-sdap-mudrod""",32,,
"""incubator-sdap-mudrod""",29,,
"""incubator-sdap-mudrod""",26,,
"""incubator-sdap-mudrod""",25,,
"""incubator-sdap-mudrod""",24,,
"""incubator-sdap-mudrod""",23,,
"""incubator-sdap-mudrod""",22,,
"""incubator-sdap-mudrod""",21,,
"""incubator-sdap-mudrod""",20,,
"""incubator-sdap-mudrod""",19,,
"""incubator-sdap-mudrod""",18,,
"""incubator-sdap-mudrod""",17,,
"""incubator-sdap-mudrod""",16,,
"""incubator-sdap-mudrod""",15,,
"""incubator-sdap-mudrod""",14,,
"""incubator-sdap-mudrod""",13,,
"""incubator-sdap-mudrod""",9,,
"""incubator-sdap-mudrod""",8,,
"""incubator-sdap-mudrod""",5,,
"""incubator-sdap-mudrod""",4,,
"""incubator-sdap-mudrod""",3,,
"""incubator-sdap-mudrod""",2,,
"""incubator-sdap-mudrod""",1,,
