repo,pr_number,before_commit,after_commit
"""incubator-tamaya""",55,https://github.com/apache/incubator-tamaya/commit/b51bbea6b5355ceb2a9909a16ba67e3c2e373b44,https://github.com/apache/incubator-tamaya/commit/4a2d81dc36f3c39605d0bbf2953e4ac54e7e836f
"""incubator-tamaya""",54,,
"""incubator-tamaya""",53,,
"""incubator-tamaya""",52,,
"""incubator-tamaya""",49,,
"""incubator-tamaya""",48,,
"""incubator-tamaya""",47,,
"""incubator-tamaya""",46,,
"""incubator-tamaya""",45,,
"""incubator-tamaya""",44,https://github.com/apache/incubator-tamaya/commit/7111238f38ddf69a8d87302de51c7509b11b73cc,https://github.com/apache/incubator-tamaya/commit/e5db7af98201afe66c4a3a810bb6aee43e54b9bb
"""incubator-tamaya""",43,,
"""incubator-tamaya""",42,,
"""incubator-tamaya""",41,https://github.com/apache/incubator-tamaya/commit/9b4f9669817e6b171893ad1e5f0a6ffe9c8c06af,https://github.com/apache/incubator-tamaya/commit/cc9ce9ea9d03da33f56b245a527a05b6b83ffa63
"""incubator-tamaya""",40,,
"""incubator-tamaya""",39,,
"""incubator-tamaya""",38,,
"""incubator-tamaya""",37,,
"""incubator-tamaya""",36,,
"""incubator-tamaya""",35,,
"""incubator-tamaya""",34,,
"""incubator-tamaya""",33,,
"""incubator-tamaya""",32,https://github.com/apache/incubator-tamaya/commit/2cf56c0ed25d159cfdb6ba1bdb20310aefc943bc,https://github.com/apache/incubator-tamaya/commit/2514b740ca31a05c5d339adb25864bd6927f69cf
"""incubator-tamaya""",31,,
"""incubator-tamaya""",30,,
"""incubator-tamaya""",29,,
"""incubator-tamaya""",28,,
"""incubator-tamaya""",24,,
"""incubator-tamaya""",21,,
"""incubator-tamaya""",20,,
"""incubator-tamaya""",19,,
"""incubator-tamaya""",18,,
"""incubator-tamaya""",17,,
"""incubator-tamaya""",16,,
"""incubator-tamaya""",15,,
"""incubator-tamaya""",13,,
"""incubator-tamaya""",12,,
"""incubator-tamaya""",11,https://github.com/apache/incubator-tamaya/commit/d2e38ee7e61b69d0a4d8ae93fa21a888acbdc7e0,https://github.com/apache/incubator-tamaya/commit/ca4de3dc49fefa020e89073b8032be7de20ab27d
"""incubator-tamaya""",10,,
"""incubator-tamaya""",9,,
