repo,pr_number,before_commit,after_commit
"""httpcomponents-core""",146,https://github.com/apache/httpcomponents-core/commit/8d6315f393ccfe5615f25d14f116769edec69e64,https://github.com/apache/httpcomponents-core/commit/69dc041e286a6a0af4eeb7ff37dfdab090b2a692
"""httpcomponents-core""",144,,
"""httpcomponents-core""",143,,
"""httpcomponents-core""",142,,
"""httpcomponents-core""",141,,
"""httpcomponents-core""",140,,
"""httpcomponents-core""",139,,
"""httpcomponents-core""",138,,
"""httpcomponents-core""",137,https://github.com/apache/httpcomponents-core/commit/37b6d89a225d51f9d5a21b31b2702841f8ef4679,https://github.com/apache/httpcomponents-core/commit/ce86e36920972701dd263bb4a8927683dc5690b4
"""httpcomponents-core""",135,https://github.com/apache/httpcomponents-core/commit/6e48dc90e36a9f4ac014d7f24328a0021fedce62,https://github.com/apache/httpcomponents-core/commit/50560b21c2be743c63d6363171b71ced1425de56
"""httpcomponents-core""",134,https://github.com/apache/httpcomponents-core/commit/1d031a953384899c8a54f87171dc2baa21863aef,https://github.com/apache/httpcomponents-core/commit/bb551fffa3e08450629b602d7a78750571acee42
"""httpcomponents-core""",133,https://github.com/apache/httpcomponents-core/commit/3d5f589e7ed2e6439d29234789a1b60c4319c842,https://github.com/apache/httpcomponents-core/commit/4e03f35c2e3370591872ad2025830babec15717b
"""httpcomponents-core""",132,https://github.com/apache/httpcomponents-core/commit/73939629b5a88fd085368fb66e9d2d641b3dbb08,https://github.com/apache/httpcomponents-core/commit/a2bd32899e75da3a633ddbdd829557afdfaed5c5
"""httpcomponents-core""",131,https://github.com/apache/httpcomponents-core/commit/83cc47b617d65a800bd4de341df575a82607b27a,https://github.com/apache/httpcomponents-core/commit/61ec2d0aa220c9d761ec7e744484f5ec7bc0d7a1
"""httpcomponents-core""",127,,
"""httpcomponents-core""",124,,
"""httpcomponents-core""",123,,
"""httpcomponents-core""",122,,
"""httpcomponents-core""",121,,
"""httpcomponents-core""",120,,
"""httpcomponents-core""",119,,
"""httpcomponents-core""",118,,
"""httpcomponents-core""",116,,
"""httpcomponents-core""",114,,
"""httpcomponents-core""",113,https://github.com/apache/httpcomponents-core/commit/047b8e0a910b2410b161f6c4cb3e3dd222df60d0,https://github.com/apache/httpcomponents-core/commit/c7493884e45f8aa9b77ef11b0c40c38461934d2a
"""httpcomponents-core""",112,https://github.com/apache/httpcomponents-core/commit/3ffcbd0ea857e202d05155f24d9ae86f29f40322,https://github.com/apache/httpcomponents-core/commit/4bc989aaf445b2efb23e02354bd0fb70cd0ed278
"""httpcomponents-core""",111,https://github.com/apache/httpcomponents-core/commit/2d8cc4af99eea654a3052773fe8b8a509d73cd2b,https://github.com/apache/httpcomponents-core/commit/f8338876c30a1df5092e0d7a4dea78fe8ae5ae96
"""httpcomponents-core""",110,,
"""httpcomponents-core""",109,https://github.com/apache/httpcomponents-core/commit/b937d4de55f4f1d50f44d768b308720423b803e4,https://github.com/apache/httpcomponents-core/commit/40cc2878f8c023fa600575ee1749f04b228441bc
"""httpcomponents-core""",107,https://github.com/apache/httpcomponents-core/commit/0e8c97acb367f55bde0d7896674af7427aa11880,https://github.com/apache/httpcomponents-core/commit/e3b474456dda8b978f1a0eabdfa71e6e308a37cd
"""httpcomponents-core""",106,https://github.com/apache/httpcomponents-core/commit/c42d8ee81234dfed81dfd410e65abc97e530438d,https://github.com/apache/httpcomponents-core/commit/d83eeb43f133f162de9dca9ab2207df27de6394a
"""httpcomponents-core""",105,https://github.com/apache/httpcomponents-core/commit/26f9b594b8d1137709d764bac4cf44df555d29a1,https://github.com/apache/httpcomponents-core/commit/916ebd6bd658d5e38aadedd819eae390e50bd0c5
"""httpcomponents-core""",104,,
"""httpcomponents-core""",103,https://github.com/apache/httpcomponents-core/commit/7abeb5ca09a112dc3ed071cf6f7a0a9f6fe11233,https://github.com/apache/httpcomponents-core/commit/c9c79cfd18345fd50879543abc72f8e2aa2c040e
"""httpcomponents-core""",102,,
"""httpcomponents-core""",101,,
"""httpcomponents-core""",89,,
"""httpcomponents-core""",88,,
"""httpcomponents-core""",86,,
"""httpcomponents-core""",85,,
"""httpcomponents-core""",84,,
"""httpcomponents-core""",77,,
"""httpcomponents-core""",76,https://github.com/apache/httpcomponents-core/commit/3d5a1abc73fab529fa5691c3e59b4357c03c74f2,https://github.com/apache/httpcomponents-core/commit/3925e5b17426ceedfa5cad696857ddac120be976
"""httpcomponents-core""",75,,
"""httpcomponents-core""",65,https://github.com/apache/httpcomponents-core/commit/966ea678b8eb802cc6c217a8ad6b8512e6706b6e,https://github.com/apache/httpcomponents-core/commit/ad830474ac0a2b915bba940299de8f3083fae653
"""httpcomponents-core""",45,,
