repo,pr_number,before_commit,after_commit
"""incubator-iceberg""",450,,
"""incubator-iceberg""",445,,
"""incubator-iceberg""",444,,
"""incubator-iceberg""",441,,
"""incubator-iceberg""",435,,
"""incubator-iceberg""",433,,
"""incubator-iceberg""",431,,
"""incubator-iceberg""",427,https://github.com/apache/incubator-iceberg/commit/6a16842c77e0e12a80f39ad3fa22c72ecae05e04,https://github.com/apache/incubator-iceberg/commit/ed12bec9410bcc6906b5607f22974c750b474a6e
"""incubator-iceberg""",425,,
"""incubator-iceberg""",424,,
"""incubator-iceberg""",420,https://github.com/apache/incubator-iceberg/commit/ef8405902a5703d342ec32459486e6026840c3b0,https://github.com/apache/incubator-iceberg/commit/a0832e5fea84a34c8612b16e6ece8c958d67e129
"""incubator-iceberg""",419,,
"""incubator-iceberg""",418,,
"""incubator-iceberg""",416,https://github.com/apache/incubator-iceberg/commit/9da7d48c2d5bc5566e6d6da24938b782c05b5bd9,https://github.com/apache/incubator-iceberg/commit/fbb6f7a50612df408b6b9e13eb5737eea53220f9
"""incubator-iceberg""",414,https://github.com/apache/incubator-iceberg/commit/559d6c24d80374f6cbd6a654bff02690a193cc47,https://github.com/apache/incubator-iceberg/commit/8237797ac7af0e607ab52314c26a0f95d388b13b
"""incubator-iceberg""",412,,
"""incubator-iceberg""",411,https://github.com/apache/incubator-iceberg/commit/6e04c6569f97175005aa87e339ad6c61499aabbf,https://github.com/apache/incubator-iceberg/commit/a5366e351003108da57c9b5a0d8f2674017817b8
"""incubator-iceberg""",406,,
"""incubator-iceberg""",405,,
"""incubator-iceberg""",402,,
"""incubator-iceberg""",401,https://github.com/apache/incubator-iceberg/commit/9d9c1be2805c4b0a25aef611400713c1f1f4f5db,https://github.com/apache/incubator-iceberg/commit/ccb27d166adfc15a3d1446edfa7fd332387912db
"""incubator-iceberg""",398,https://github.com/apache/incubator-iceberg/commit/473857ee9beadeb89bf8a146e78f8bcc7c955396,https://github.com/apache/incubator-iceberg/commit/d165774e5e3c19a2019c98291fd776db4faaa21d
"""incubator-iceberg""",395,,
"""incubator-iceberg""",393,,
"""incubator-iceberg""",392,,
"""incubator-iceberg""",391,https://github.com/apache/incubator-iceberg/commit/cfd84d4f6a92833938b98ff2ceb8790e82b33ddb,https://github.com/apache/incubator-iceberg/commit/2f4980e52be440e4a8ad8ea67c0955f82a88e651
"""incubator-iceberg""",390,https://github.com/apache/incubator-iceberg/commit/309c7ccc9f5450fa3091d89b140f8db432fb92d0,https://github.com/apache/incubator-iceberg/commit/61607920222dc3319d3905fdf96f585984d3fd1b
"""incubator-iceberg""",389,,
"""incubator-iceberg""",388,https://github.com/apache/incubator-iceberg/commit/9c42d7d60d98e41da9b0e7f960711e0f6f8c6a19,https://github.com/apache/incubator-iceberg/commit/3865fff28b123b5290d067bcfb907ab938e39346
"""incubator-iceberg""",387,,
"""incubator-iceberg""",386,,
"""incubator-iceberg""",385,,
"""incubator-iceberg""",384,https://github.com/apache/incubator-iceberg/commit/876f91b7af027341f9a5848d75f065b520e7b91a,https://github.com/apache/incubator-iceberg/commit/c986929b2119e7bda6f0fd97badc4e430788f2c1
"""incubator-iceberg""",383,,
"""incubator-iceberg""",382,,
"""incubator-iceberg""",381,https://github.com/apache/incubator-iceberg/commit/37c247a94a45168a4c3bc12279b59ce717631860,https://github.com/apache/incubator-iceberg/commit/da2d717d0f38b613d3871390053496ed1b8ecd2a
"""incubator-iceberg""",380,https://github.com/apache/incubator-iceberg/commit/3585b9aaadc4829c7268fc2d5e3b3820a594098c,https://github.com/apache/incubator-iceberg/commit/9c31b0b8a43d5c239d26d3f61a2668e88e903a28
"""incubator-iceberg""",379,,
"""incubator-iceberg""",378,,
"""incubator-iceberg""",377,,
"""incubator-iceberg""",376,,
"""incubator-iceberg""",375,,
"""incubator-iceberg""",372,,
"""incubator-iceberg""",371,,
"""incubator-iceberg""",369,,
"""incubator-iceberg""",368,,
"""incubator-iceberg""",367,,
"""incubator-iceberg""",365,,
"""incubator-iceberg""",364,https://github.com/apache/incubator-iceberg/commit/88969a371ed69eecff43d42bd3e076c33cd37111,https://github.com/apache/incubator-iceberg/commit/f2e0281edeef3ac0bba660ae08b216a062e368a8
"""incubator-iceberg""",362,https://github.com/apache/incubator-iceberg/commit/b340a29211bd7d0e4237d4b5498e2cea44ed9089,https://github.com/apache/incubator-iceberg/commit/122528a8d4e1e469dbd3534996f80a3677c97ec4
"""incubator-iceberg""",356,,
"""incubator-iceberg""",355,,
"""incubator-iceberg""",354,,
"""incubator-iceberg""",352,,
"""incubator-iceberg""",351,https://github.com/apache/incubator-iceberg/commit/ae226aca7a39a65f660c05bfb995ca3fc21d41d5,https://github.com/apache/incubator-iceberg/commit/fec6107fdd2756b9f95192e867be42f961119c71
"""incubator-iceberg""",350,,
"""incubator-iceberg""",349,https://github.com/apache/incubator-iceberg/commit/066f744035455d15d5eb9992d360954555b934ff,https://github.com/apache/incubator-iceberg/commit/862579e7f9575709a669c65548f991618f4172b4
"""incubator-iceberg""",347,,
"""incubator-iceberg""",346,,
"""incubator-iceberg""",344,,
"""incubator-iceberg""",342,https://github.com/apache/incubator-iceberg/commit/2bcb812e3b631c6fc83ed18ba61e90660425ad98,https://github.com/apache/incubator-iceberg/commit/63d2a972a9b911187e6e40d667a78f2670035008
"""incubator-iceberg""",341,,
"""incubator-iceberg""",340,,
"""incubator-iceberg""",338,https://github.com/apache/incubator-iceberg/commit/21c5937c56bcdcf8595170d8b134bb3353dd18bf,https://github.com/apache/incubator-iceberg/commit/03ff49f54fa1ccd1c9699e43614a0dacae134676
"""incubator-iceberg""",336,,
"""incubator-iceberg""",335,,
"""incubator-iceberg""",333,,
"""incubator-iceberg""",332,https://github.com/apache/incubator-iceberg/commit/576256252de33ed165c92bee40098f00af5a3fb9,https://github.com/apache/incubator-iceberg/commit/99244ea7470dc32d2c1671b5f028ae7987a923d9
"""incubator-iceberg""",331,https://github.com/apache/incubator-iceberg/commit/a11b777427be525df7e77f4675b78fcc3d35772f,https://github.com/apache/incubator-iceberg/commit/be1ac33730e9187bff17f4a4f40de3c52b7771e4
"""incubator-iceberg""",327,https://github.com/apache/incubator-iceberg/commit/61b0ef92387868732944796dd09e44dafe84a0ac,https://github.com/apache/incubator-iceberg/commit/ccf6e5b903065a318d6a75df0e8f5bd82f4829ff
"""incubator-iceberg""",326,,
"""incubator-iceberg""",325,,
"""incubator-iceberg""",322,,
"""incubator-iceberg""",321,,
"""incubator-iceberg""",319,,
"""incubator-iceberg""",318,https://github.com/apache/incubator-iceberg/commit/ac86145fbc5942b0ffd3f857d2bdf7db90dfa368,https://github.com/apache/incubator-iceberg/commit/df0853beef50f309a73de2d0f266973b075af399
"""incubator-iceberg""",310,,
"""incubator-iceberg""",308,,
"""incubator-iceberg""",306,,
"""incubator-iceberg""",304,https://github.com/apache/incubator-iceberg/commit/0952738f87f6f76d37dd64f62467b938a4ddce65,https://github.com/apache/incubator-iceberg/commit/c99da08baca5a6f32bc1a11f330c5e06a43777b4
"""incubator-iceberg""",303,,
"""incubator-iceberg""",301,,
"""incubator-iceberg""",300,,
"""incubator-iceberg""",299,,
"""incubator-iceberg""",298,,
"""incubator-iceberg""",296,,
"""incubator-iceberg""",294,https://github.com/apache/incubator-iceberg/commit/43938a12c71a73910c11d0fd69f2dd470e6fa045,https://github.com/apache/incubator-iceberg/commit/47581b0cce0706a8ac0dabc56741a583d5ce3729
"""incubator-iceberg""",292,,
"""incubator-iceberg""",291,,
"""incubator-iceberg""",285,,
"""incubator-iceberg""",284,,
"""incubator-iceberg""",283,https://github.com/apache/incubator-iceberg/commit/2e6dec889e97f3befda5d523def1b2b426dd2bc7,https://github.com/apache/incubator-iceberg/commit/f9763258173edbd3c9eb605e1043da486e16d0c0
"""incubator-iceberg""",282,https://github.com/apache/incubator-iceberg/commit/ae23343ef436e429035c6354bb842b5a755fe61a,https://github.com/apache/incubator-iceberg/commit/d4f12396e0d1f873e95491b636424c5370738836
"""incubator-iceberg""",277,https://github.com/apache/incubator-iceberg/commit/fca060f5c51ca9efc15e95d064e955d95692da62,https://github.com/apache/incubator-iceberg/commit/cd1d4bee9d0eb672fae923c6f687f3d845f3fac6
"""incubator-iceberg""",275,,
"""incubator-iceberg""",273,https://github.com/apache/incubator-iceberg/commit/04dbd95ec94b668f474959ecd6756b259712cb35,https://github.com/apache/incubator-iceberg/commit/0f916b80f20dd739429b9162313bbd631daff638
"""incubator-iceberg""",271,,
"""incubator-iceberg""",270,,
"""incubator-iceberg""",268,,
"""incubator-iceberg""",267,,
"""incubator-iceberg""",265,,
"""incubator-iceberg""",264,,
"""incubator-iceberg""",263,https://github.com/apache/incubator-iceberg/commit/57f8d21d09daa8a2d04b6c394922e8ae187f7ea7,https://github.com/apache/incubator-iceberg/commit/8c6a9f954068e2cb2fd4794e9b5353f08322bc6f
"""incubator-iceberg""",258,https://github.com/apache/incubator-iceberg/commit/4bd407d6588235b806062d42e9fbc05c552fe3ef,https://github.com/apache/incubator-iceberg/commit/b5fbfea2daa7a0ea371cd36de1abcc3cc1262622
"""incubator-iceberg""",254,,
"""incubator-iceberg""",252,https://github.com/apache/incubator-iceberg/commit/b7a776571d64e8aa508f1646e7445326a98c8cfb,https://github.com/apache/incubator-iceberg/commit/9487c25475ea1d8fe2a67c99d43c7f406fb517ad
"""incubator-iceberg""",250,,
"""incubator-iceberg""",248,https://github.com/apache/incubator-iceberg/commit/6a20adda6346cdf55dc7206f79e52068601e22ac,https://github.com/apache/incubator-iceberg/commit/0da9b10cd898cd0797863cf5b0115f3b45654ac6
"""incubator-iceberg""",246,,
"""incubator-iceberg""",243,,
"""incubator-iceberg""",242,,
"""incubator-iceberg""",241,,
"""incubator-iceberg""",240,https://github.com/apache/incubator-iceberg/commit/648b4c00ff5c00d67a2eac9d5991554e2c31f685,https://github.com/apache/incubator-iceberg/commit/757fee8d113f80253197336fd864177bb3e3c3aa
"""incubator-iceberg""",239,https://github.com/apache/incubator-iceberg/commit/6a8716fab9fd14688189898da810296dd8920fbb,https://github.com/apache/incubator-iceberg/commit/9b8b3a60594d381125b1a898fdad9a819c459666
"""incubator-iceberg""",238,,
"""incubator-iceberg""",237,,
"""incubator-iceberg""",236,https://github.com/apache/incubator-iceberg/commit/07ab6ac47a53174e3de81487a64b1011c7a2ed65,https://github.com/apache/incubator-iceberg/commit/8a99449e92c8b7dd36c8df1b94125ec015fa2080
"""incubator-iceberg""",234,https://github.com/apache/incubator-iceberg/commit/95221f5c9aaac9bfcdd404d0045728f6a0e11167,https://github.com/apache/incubator-iceberg/commit/acd861503ee940156216ff5f5ee1091a64369dea
"""incubator-iceberg""",233,https://github.com/apache/incubator-iceberg/commit/2bef3832cfe72a8fdf79ba5a0a3b5da5ce80cd6a,https://github.com/apache/incubator-iceberg/commit/bf03ea912d9f0d9a58a119df85cc8f8a66339781
"""incubator-iceberg""",232,https://github.com/apache/incubator-iceberg/commit/feb47a5a5d8f820d5668092df6113ae7c7e11546,https://github.com/apache/incubator-iceberg/commit/3a3850c825ccb596717cf7332f57c675415fcfd6
"""incubator-iceberg""",231,https://github.com/apache/incubator-iceberg/commit/e4cabf0386379ea61e0c83d926c932d21289a78c,https://github.com/apache/incubator-iceberg/commit/90f137011c68be98ef9d927c34a696cda8888fd1
"""incubator-iceberg""",230,,
"""incubator-iceberg""",229,,
"""incubator-iceberg""",228,https://github.com/apache/incubator-iceberg/commit/8907662bedbb6d03b888178fa99cbb783c2e81cb,https://github.com/apache/incubator-iceberg/commit/4ce3516b40b292720be43dbf667e4a73017f8b7e
"""incubator-iceberg""",226,https://github.com/apache/incubator-iceberg/commit/fa484490099315f0fb2ee50a485e3020cff784d6,https://github.com/apache/incubator-iceberg/commit/6544289fc286b51c5d279e54d7f6d4e2bce7cb07
"""incubator-iceberg""",225,,
"""incubator-iceberg""",224,,
"""incubator-iceberg""",223,,
"""incubator-iceberg""",222,,
"""incubator-iceberg""",221,,
"""incubator-iceberg""",220,https://github.com/apache/incubator-iceberg/commit/a8cb8a666b6fd8ee6af2270684a6484be1b596e0,https://github.com/apache/incubator-iceberg/commit/54f8b43e1ab4d64020783e92f58d66bd2c1c94f5
"""incubator-iceberg""",219,,
"""incubator-iceberg""",218,,
"""incubator-iceberg""",215,,
"""incubator-iceberg""",211,https://github.com/apache/incubator-iceberg/commit/c7ab3e3165cd11ee6a724bd12f43653f7bcda725,https://github.com/apache/incubator-iceberg/commit/47ef059be35400e19471eb1565c8588f70915817
"""incubator-iceberg""",210,https://github.com/apache/incubator-iceberg/commit/4a6205c9c53c7521d32d81fe985bfec95be6dfa7,https://github.com/apache/incubator-iceberg/commit/f651eaecceae40fa4ca85ebb6025f2de8113c49b
"""incubator-iceberg""",209,,
"""incubator-iceberg""",208,https://github.com/apache/incubator-iceberg/commit/3b1c36f5923049b5ea0a50fdbf7e73932fc1ede5,https://github.com/apache/incubator-iceberg/commit/6bccb145ad7b7ff98bddc3021566a9b47286709e
"""incubator-iceberg""",206,,
"""incubator-iceberg""",205,https://github.com/apache/incubator-iceberg/commit/1ab1010e01311d6774632372d295fc005c0c3431,https://github.com/apache/incubator-iceberg/commit/83431b49f95673a3ba16b5f887df59c62d94373b
"""incubator-iceberg""",204,https://github.com/apache/incubator-iceberg/commit/cb3dd1125e37834c9a56f8f7e9cc67c5406a928d,https://github.com/apache/incubator-iceberg/commit/70ee9335dd9823c5f566b1bad90b4ab510b6ca3f
"""incubator-iceberg""",203,https://github.com/apache/incubator-iceberg/commit/357a42749a61bae003bf08ffba5476346073ca43,https://github.com/apache/incubator-iceberg/commit/aedfc9c1c2509fc054eed456edca2e65fdf410cd
"""incubator-iceberg""",202,,
"""incubator-iceberg""",201,https://github.com/apache/incubator-iceberg/commit/c18f426eb41a8e9771ecb77ffcfd5025eceb11d5,https://github.com/apache/incubator-iceberg/commit/76b283ba71c93a6f2ea5ba112c99dc0e9b90ce64
"""incubator-iceberg""",200,https://github.com/apache/incubator-iceberg/commit/bd2166c3eb2ccb39c0cf3bd1679ff401ed08dc6e,https://github.com/apache/incubator-iceberg/commit/6b82d5322ac5758870781700421b380390d54fe0
"""incubator-iceberg""",198,,
"""incubator-iceberg""",196,,
"""incubator-iceberg""",192,,
"""incubator-iceberg""",190,,
"""incubator-iceberg""",188,,
"""incubator-iceberg""",186,https://github.com/apache/incubator-iceberg/commit/3bbe74078c664d0d2cc4046f5680443844d5b384,https://github.com/apache/incubator-iceberg/commit/9eb06046e98c61dd57c2ec03409982832bcb2218
"""incubator-iceberg""",184,https://github.com/apache/incubator-iceberg/commit/32d734dd642c3940c460545e73fb7b03cbb05aa6,https://github.com/apache/incubator-iceberg/commit/2792fcde3bb4508c1ead09000e84b2ab64e69ed6
"""incubator-iceberg""",183,,
"""incubator-iceberg""",180,https://github.com/apache/incubator-iceberg/commit/a44cd3dbd0a636e9528139b99b1142fffe26a051,https://github.com/apache/incubator-iceberg/commit/a5feba8fa521b56dd6f4a0bd9421501ef9507869
"""incubator-iceberg""",177,,
"""incubator-iceberg""",176,,
"""incubator-iceberg""",172,,
"""incubator-iceberg""",171,,
"""incubator-iceberg""",166,https://github.com/apache/incubator-iceberg/commit/6ce7980faf8bf71784dad2a5359f39560ac8daab,https://github.com/apache/incubator-iceberg/commit/8e9b0e36a7d297a078918333f4529bd4e2ee2848
"""incubator-iceberg""",165,https://github.com/apache/incubator-iceberg/commit/aabce9781b18f6fea17a9c03416998edc7359e32,https://github.com/apache/incubator-iceberg/commit/544e0003fa2a920f30f828516305a31bae237b01
"""incubator-iceberg""",163,,
"""incubator-iceberg""",153,,
"""incubator-iceberg""",152,,
"""incubator-iceberg""",151,https://github.com/apache/incubator-iceberg/commit/ab5c2011d904f6edaa24c0d7d4db6caa00dc8289,https://github.com/apache/incubator-iceberg/commit/9bdd91eeef34a14ed33b250cfb70ad4557cb1b9e
"""incubator-iceberg""",150,https://github.com/apache/incubator-iceberg/commit/ccd55eccb8672c2941fb39e44cded3999cd22487,https://github.com/apache/incubator-iceberg/commit/e32fe5d5dbede0f1b5898ddf8c9698d79be04c94
"""incubator-iceberg""",149,https://github.com/apache/incubator-iceberg/commit/170d74e0c0b0fb044b307a66b3d6a74a414313fa,https://github.com/apache/incubator-iceberg/commit/424fb0d56a07c6ed431833473c02b1efd39cb0e7
"""incubator-iceberg""",148,https://github.com/apache/incubator-iceberg/commit/5d70a8a525104fb1ad1893a08053abcd154b5dbb,https://github.com/apache/incubator-iceberg/commit/9a1a1707f1709debc6a05cd30c2fce53c881c548
"""incubator-iceberg""",147,https://github.com/apache/incubator-iceberg/commit/bc490120f4abc738d9b01922b5bcde9efdcfde6e,https://github.com/apache/incubator-iceberg/commit/ef38f01eff94535ade248a6a2d5623cd2ec5054a
"""incubator-iceberg""",146,,
"""incubator-iceberg""",144,https://github.com/apache/incubator-iceberg/commit/c6d4ef0e448b2f8e2e5e7bce925ce31e21d5e7a8,https://github.com/apache/incubator-iceberg/commit/effe5a05285b92ed2ba75bed13688efaf071de6e
"""incubator-iceberg""",143,,
"""incubator-iceberg""",142,https://github.com/apache/incubator-iceberg/commit/75193f7865a5f40c6f8582487ea7ecc972d85a37,https://github.com/apache/incubator-iceberg/commit/d77995e199d2ce418f470aa6fe7d4bb37ea07bf2
"""incubator-iceberg""",141,https://github.com/apache/incubator-iceberg/commit/5f9241c1637e8bceff40e0fb1a09276d27adae4b,https://github.com/apache/incubator-iceberg/commit/a5ff4dc7829761e66cc5bdc3073f7c19f51c9626
"""incubator-iceberg""",140,https://github.com/apache/incubator-iceberg/commit/9b2e961e6eeceddbea67e2ec909b0ba7b85b4789,https://github.com/apache/incubator-iceberg/commit/654bce9271a5cd1c6a519bd30c48385134ed8cfb
"""incubator-iceberg""",139,https://github.com/apache/incubator-iceberg/commit/419a50dbc391ca1739958da2f96f0db61816ff1c,https://github.com/apache/incubator-iceberg/commit/c0429f01c5b0be04f679eea8f7f2664437455b33
"""incubator-iceberg""",138,,
"""incubator-iceberg""",137,https://github.com/apache/incubator-iceberg/commit/a96e39035c0b864d7bc364ae26f28e22b5721432,https://github.com/apache/incubator-iceberg/commit/a0622e49b2728e414f911e539ddffc9be94d0aed
"""incubator-iceberg""",136,,
"""incubator-iceberg""",135,https://github.com/apache/incubator-iceberg/commit/649acf5bdb53d73d7ae710ca7535f35b2fcf9c6c,https://github.com/apache/incubator-iceberg/commit/a24ba6e40d0a9eec8607e0d55a4f3c617e4afff0
"""incubator-iceberg""",131,,
"""incubator-iceberg""",130,https://github.com/apache/incubator-iceberg/commit/ec7e04683a2e438a1af61e214fe8fa40854e1709,https://github.com/apache/incubator-iceberg/commit/32355b320e61bc3c607a02b96e46b61016b23aef
"""incubator-iceberg""",129,,
"""incubator-iceberg""",123,,
"""incubator-iceberg""",119,,
"""incubator-iceberg""",117,https://github.com/apache/incubator-iceberg/commit/91043b47218229d2c27adbea3c77785ae8631d1b,https://github.com/apache/incubator-iceberg/commit/46c7f12baf6b63357829d41dfc684d9a47a24cba
"""incubator-iceberg""",115,https://github.com/apache/incubator-iceberg/commit/471cb280255e0a1613244c0dea3a127bd04280d6,https://github.com/apache/incubator-iceberg/commit/1a8893f3dc0a08f17c18a3589cdb3da47ac7fa81
"""incubator-iceberg""",110,,
"""incubator-iceberg""",109,,
"""incubator-iceberg""",108,https://github.com/apache/incubator-iceberg/commit/73ce94f453d6278cd2837bd5d77aabc70e00d8a9,https://github.com/apache/incubator-iceberg/commit/6691ea5e22fe2f418b4cc26b819b08f17a41fb68
"""incubator-iceberg""",107,,
"""incubator-iceberg""",106,,
"""incubator-iceberg""",105,https://github.com/apache/incubator-iceberg/commit/0c48b51cd248c9fdb258daa3033713f2b261c6ba,https://github.com/apache/incubator-iceberg/commit/f09ee06c4704c8dc42eae2c8007cf455d0246e9a
"""incubator-iceberg""",102,,
"""incubator-iceberg""",101,https://github.com/apache/incubator-iceberg/commit/97d9b6fc0899b7ba69dd7fac28fdd41865b0672a,https://github.com/apache/incubator-iceberg/commit/0de255164eb25a58b3528a602485cc9b3c7299bb
"""incubator-iceberg""",100,,
"""incubator-iceberg""",98,,
"""incubator-iceberg""",97,,
"""incubator-iceberg""",95,,
"""incubator-iceberg""",94,,
"""incubator-iceberg""",90,,
"""incubator-iceberg""",89,https://github.com/apache/incubator-iceberg/commit/fb4a759fd1fb55378c6d46462ca8c9a63efd9a85,https://github.com/apache/incubator-iceberg/commit/b289f4e9b4aad9d0d866ce15ab3e50f12592ddf0
"""incubator-iceberg""",88,https://github.com/apache/incubator-iceberg/commit/e6526b2d4aca573c1a992f3d9c60f53f58576a5a,https://github.com/apache/incubator-iceberg/commit/681623a6f20f6072baa0894f50ea11ff4f993d07
"""incubator-iceberg""",87,,
"""incubator-iceberg""",86,https://github.com/apache/incubator-iceberg/commit/c6919812850407a1ef8adb6b0ce5c6e7cea428dd,https://github.com/apache/incubator-iceberg/commit/d5bd69f63b564dc0c231c6ffc8442e3123d0bae8
"""incubator-iceberg""",85,,
"""incubator-iceberg""",84,,
"""incubator-iceberg""",82,https://github.com/apache/incubator-iceberg/commit/48407e3d8239e65c304ff6e20ace46cab3008aaf,https://github.com/apache/incubator-iceberg/commit/606ab126cc2b1687d1b82e227104a7b142d3aa81
"""incubator-iceberg""",79,,
"""incubator-iceberg""",74,https://github.com/apache/incubator-iceberg/commit/92b19fd0abef88b0ca364494f3f938f896d3c38e,https://github.com/apache/incubator-iceberg/commit/0c4eb66a5140bfd3d7427961fe340bcf3b6eca32
"""incubator-iceberg""",72,,
"""incubator-iceberg""",71,,
"""incubator-iceberg""",70,,
"""incubator-iceberg""",68,,
"""incubator-iceberg""",67,,
"""incubator-iceberg""",66,,
"""incubator-iceberg""",63,https://github.com/apache/incubator-iceberg/commit/ee0330d157aa374af2252ac09952a5b300270cb1,https://github.com/apache/incubator-iceberg/commit/61d3195995c78a601094a77d6874b0b613144bb6
"""incubator-iceberg""",62,,
"""incubator-iceberg""",61,https://github.com/apache/incubator-iceberg/commit/42e668595bf9e8c95b39b9e57246f16456cec484,https://github.com/apache/incubator-iceberg/commit/cb600c6f86a3f320648f2dd02e91794eea462a17
"""incubator-iceberg""",59,,
"""incubator-iceberg""",57,,
"""incubator-iceberg""",54,https://github.com/apache/incubator-iceberg/commit/370c4892387ef432db22a0805fa1669ce1671149,https://github.com/apache/incubator-iceberg/commit/3eab3cf1a57a517a24bae257f30c287666a4b62f
"""incubator-iceberg""",52,,
"""incubator-iceberg""",51,,
"""incubator-iceberg""",49,,
"""incubator-iceberg""",48,,
"""incubator-iceberg""",46,,
"""incubator-iceberg""",45,,
"""incubator-iceberg""",30,,
"""incubator-iceberg""",29,,
"""incubator-iceberg""",27,,
"""incubator-iceberg""",22,,
"""incubator-iceberg""",21,https://github.com/apache/incubator-iceberg/commit/6c95bc77348a4df25c88ff47a47935776ccd148c,https://github.com/apache/incubator-iceberg/commit/11c6a830f981e5d1bf857bc34cd642071fcdd47a
"""incubator-iceberg""",19,,
"""incubator-iceberg""",17,,
"""incubator-iceberg""",15,,
"""incubator-iceberg""",14,,
"""incubator-iceberg""",7,,
"""incubator-iceberg""",6,https://github.com/apache/incubator-iceberg/commit/862c5934eb8859a48adfce8dda9b090a8f16e346,https://github.com/apache/incubator-iceberg/commit/f917697ea28ae319828f83a54b4faa90739d65d8
"""incubator-iceberg""",5,,
"""incubator-iceberg""",3,https://github.com/apache/incubator-iceberg/commit/0518f772e11c60f22e144126faa33491be3871d3,https://github.com/apache/incubator-iceberg/commit/cc501323d6368e37317532f08970d96643811bea
"""incubator-iceberg""",2,,
"""incubator-iceberg""",1,,
