repo,pr_number,before_commit,after_commit
"""aries-journaled-events""",20,,
"""aries-journaled-events""",19,,
"""aries-journaled-events""",16,,
"""aries-journaled-events""",15,,
"""aries-journaled-events""",14,,
"""aries-journaled-events""",13,,
"""aries-journaled-events""",12,,
"""aries-journaled-events""",11,,
"""aries-journaled-events""",10,,
"""aries-journaled-events""",9,,
"""aries-journaled-events""",8,,
"""aries-journaled-events""",6,,
"""aries-journaled-events""",5,,
"""aries-journaled-events""",3,,
