repo,pr_number,before_commit,after_commit
"""incubator-datasketches-java""",275,,
"""incubator-datasketches-java""",274,,
"""incubator-datasketches-java""",273,,
"""incubator-datasketches-java""",272,,
"""incubator-datasketches-java""",271,,
"""incubator-datasketches-java""",270,,
"""incubator-datasketches-java""",268,,
"""incubator-datasketches-java""",267,,
"""incubator-datasketches-java""",266,,
"""incubator-datasketches-java""",264,,
"""incubator-datasketches-java""",262,,
"""incubator-datasketches-java""",261,,
"""incubator-datasketches-java""",260,,
"""incubator-datasketches-java""",259,,
"""incubator-datasketches-java""",258,,
"""incubator-datasketches-java""",256,,
"""incubator-datasketches-java""",255,,
"""incubator-datasketches-java""",254,,
"""incubator-datasketches-java""",252,,
"""incubator-datasketches-java""",250,,
"""incubator-datasketches-java""",249,,
"""incubator-datasketches-java""",248,,
"""incubator-datasketches-java""",247,,
"""incubator-datasketches-java""",246,,
"""incubator-datasketches-java""",245,,
"""incubator-datasketches-java""",244,,
"""incubator-datasketches-java""",243,,
"""incubator-datasketches-java""",242,,
"""incubator-datasketches-java""",241,,
"""incubator-datasketches-java""",240,,
"""incubator-datasketches-java""",238,,
"""incubator-datasketches-java""",237,,
"""incubator-datasketches-java""",236,https://github.com/apache/incubator-datasketches-java/commit/cffc2dbe9a51bd3fae08b5ee7cb7abbc411a17e2,https://github.com/apache/incubator-datasketches-java/commit/c764cbdbe85b55a355aa01fd550b965995693a6a
"""incubator-datasketches-java""",235,,
"""incubator-datasketches-java""",234,,
"""incubator-datasketches-java""",233,,
"""incubator-datasketches-java""",231,,
"""incubator-datasketches-java""",230,,
"""incubator-datasketches-java""",229,,
"""incubator-datasketches-java""",228,,
"""incubator-datasketches-java""",227,,
"""incubator-datasketches-java""",226,,
"""incubator-datasketches-java""",225,,
"""incubator-datasketches-java""",224,,
"""incubator-datasketches-java""",223,,
"""incubator-datasketches-java""",222,,
"""incubator-datasketches-java""",221,,
"""incubator-datasketches-java""",220,,
"""incubator-datasketches-java""",219,,
"""incubator-datasketches-java""",218,,
"""incubator-datasketches-java""",217,,
"""incubator-datasketches-java""",216,,
"""incubator-datasketches-java""",215,,
"""incubator-datasketches-java""",214,,
"""incubator-datasketches-java""",212,,
"""incubator-datasketches-java""",211,,
"""incubator-datasketches-java""",210,,
"""incubator-datasketches-java""",208,,
"""incubator-datasketches-java""",207,,
"""incubator-datasketches-java""",206,,
"""incubator-datasketches-java""",205,,
"""incubator-datasketches-java""",204,,
"""incubator-datasketches-java""",203,,
"""incubator-datasketches-java""",198,,
"""incubator-datasketches-java""",197,,
"""incubator-datasketches-java""",196,,
"""incubator-datasketches-java""",194,,
"""incubator-datasketches-java""",193,,
"""incubator-datasketches-java""",192,,
"""incubator-datasketches-java""",191,,
"""incubator-datasketches-java""",189,,
"""incubator-datasketches-java""",187,,
"""incubator-datasketches-java""",185,,
"""incubator-datasketches-java""",183,,
"""incubator-datasketches-java""",182,,
"""incubator-datasketches-java""",181,,
"""incubator-datasketches-java""",180,,
"""incubator-datasketches-java""",179,,
"""incubator-datasketches-java""",177,,
"""incubator-datasketches-java""",176,,
"""incubator-datasketches-java""",174,,
"""incubator-datasketches-java""",173,,
"""incubator-datasketches-java""",172,,
"""incubator-datasketches-java""",171,,
"""incubator-datasketches-java""",170,,
"""incubator-datasketches-java""",169,,
"""incubator-datasketches-java""",168,,
"""incubator-datasketches-java""",167,,
"""incubator-datasketches-java""",166,,
"""incubator-datasketches-java""",165,,
"""incubator-datasketches-java""",164,,
"""incubator-datasketches-java""",163,,
"""incubator-datasketches-java""",159,,
"""incubator-datasketches-java""",158,,
"""incubator-datasketches-java""",155,,
"""incubator-datasketches-java""",154,,
"""incubator-datasketches-java""",152,,
"""incubator-datasketches-java""",151,,
"""incubator-datasketches-java""",150,,
"""incubator-datasketches-java""",149,,
"""incubator-datasketches-java""",147,,
"""incubator-datasketches-java""",145,,
"""incubator-datasketches-java""",144,,
"""incubator-datasketches-java""",143,,
"""incubator-datasketches-java""",142,,
"""incubator-datasketches-java""",141,,
"""incubator-datasketches-java""",138,,
"""incubator-datasketches-java""",137,,
"""incubator-datasketches-java""",136,,
"""incubator-datasketches-java""",135,,
"""incubator-datasketches-java""",132,,
"""incubator-datasketches-java""",131,,
"""incubator-datasketches-java""",130,,
"""incubator-datasketches-java""",129,,
"""incubator-datasketches-java""",128,https://github.com/apache/incubator-datasketches-java/commit/9ada8638c15ddc84dc7631472423a51c04a70d4a,https://github.com/apache/incubator-datasketches-java/commit/2a7852bba511d209a3914f8e549e846a34d2d5d5
"""incubator-datasketches-java""",127,,
"""incubator-datasketches-java""",126,,
"""incubator-datasketches-java""",125,,
"""incubator-datasketches-java""",124,,
"""incubator-datasketches-java""",123,,
"""incubator-datasketches-java""",122,,
"""incubator-datasketches-java""",120,,
"""incubator-datasketches-java""",119,,
"""incubator-datasketches-java""",118,,
"""incubator-datasketches-java""",117,,
"""incubator-datasketches-java""",116,,
"""incubator-datasketches-java""",115,,
"""incubator-datasketches-java""",114,,
"""incubator-datasketches-java""",113,,
"""incubator-datasketches-java""",112,,
"""incubator-datasketches-java""",111,,
"""incubator-datasketches-java""",110,,
"""incubator-datasketches-java""",109,,
"""incubator-datasketches-java""",108,,
"""incubator-datasketches-java""",107,,
"""incubator-datasketches-java""",105,,
"""incubator-datasketches-java""",104,,
"""incubator-datasketches-java""",103,,
"""incubator-datasketches-java""",102,,
"""incubator-datasketches-java""",101,,
"""incubator-datasketches-java""",100,,
"""incubator-datasketches-java""",99,,
"""incubator-datasketches-java""",97,,
"""incubator-datasketches-java""",96,,
"""incubator-datasketches-java""",95,,
"""incubator-datasketches-java""",94,,
"""incubator-datasketches-java""",93,,
"""incubator-datasketches-java""",89,,
"""incubator-datasketches-java""",88,,
"""incubator-datasketches-java""",87,,
"""incubator-datasketches-java""",86,,
"""incubator-datasketches-java""",80,,
"""incubator-datasketches-java""",79,,
"""incubator-datasketches-java""",78,,
"""incubator-datasketches-java""",77,,
"""incubator-datasketches-java""",76,,
"""incubator-datasketches-java""",75,,
"""incubator-datasketches-java""",68,,
"""incubator-datasketches-java""",67,,
"""incubator-datasketches-java""",66,,
"""incubator-datasketches-java""",65,,
"""incubator-datasketches-java""",64,,
"""incubator-datasketches-java""",63,,
"""incubator-datasketches-java""",62,,
"""incubator-datasketches-java""",61,,
"""incubator-datasketches-java""",59,,
"""incubator-datasketches-java""",58,,
"""incubator-datasketches-java""",57,,
"""incubator-datasketches-java""",56,,
"""incubator-datasketches-java""",55,,
"""incubator-datasketches-java""",54,,
"""incubator-datasketches-java""",53,,
"""incubator-datasketches-java""",52,,
"""incubator-datasketches-java""",51,,
"""incubator-datasketches-java""",50,,
"""incubator-datasketches-java""",49,,
"""incubator-datasketches-java""",48,,
"""incubator-datasketches-java""",46,,
"""incubator-datasketches-java""",45,,
"""incubator-datasketches-java""",43,,
"""incubator-datasketches-java""",42,,
"""incubator-datasketches-java""",40,,
"""incubator-datasketches-java""",39,,
"""incubator-datasketches-java""",38,,
"""incubator-datasketches-java""",37,,
"""incubator-datasketches-java""",36,,
"""incubator-datasketches-java""",35,,
"""incubator-datasketches-java""",34,,
"""incubator-datasketches-java""",32,,
"""incubator-datasketches-java""",31,,
"""incubator-datasketches-java""",30,,
"""incubator-datasketches-java""",29,,
"""incubator-datasketches-java""",28,,
"""incubator-datasketches-java""",27,,
"""incubator-datasketches-java""",26,,
"""incubator-datasketches-java""",25,https://github.com/apache/incubator-datasketches-java/commit/1b811e617ce47935276c0b61de46f72aba379855,https://github.com/apache/incubator-datasketches-java/commit/4b637401607191bc5ec187cec6cad8986d431102
"""incubator-datasketches-java""",24,,
"""incubator-datasketches-java""",23,,
"""incubator-datasketches-java""",22,,
"""incubator-datasketches-java""",18,,
"""incubator-datasketches-java""",17,,
"""incubator-datasketches-java""",15,,
"""incubator-datasketches-java""",13,,
"""incubator-datasketches-java""",12,,
"""incubator-datasketches-java""",10,https://github.com/apache/incubator-datasketches-java/commit/a345dfe26f46879fa52b1a6cd4c89730a5efc49c,https://github.com/apache/incubator-datasketches-java/commit/308295e6a41e9be64e011444a02acd5216e9ea4a
"""incubator-datasketches-java""",9,,
"""incubator-datasketches-java""",8,,
"""incubator-datasketches-java""",7,,
"""incubator-datasketches-java""",6,,
"""incubator-datasketches-java""",5,,
"""incubator-datasketches-java""",4,,
"""incubator-datasketches-java""",3,,
"""incubator-datasketches-java""",2,,
"""incubator-datasketches-java""",1,,
