repo,pr_number,before_commit,after_commit
"""bahir-flink""",65,https://github.com/apache/bahir-flink/commit/9853fc04528d612df413eafdf7a16269dfc5544e,https://github.com/apache/bahir-flink/commit/1dff56376b00b87adf75617c209ebb5f0a17161e
"""bahir-flink""",64,https://github.com/apache/bahir-flink/commit/4055f6db36307f97f550a86f7ec570acb84e8db0,https://github.com/apache/bahir-flink/commit/a43d3d37c100111c2329404272c8ae4989669930
"""bahir-flink""",62,https://github.com/apache/bahir-flink/commit/0aa28a4c65f927d29549cd9b51b7f3047a5e99be,https://github.com/apache/bahir-flink/commit/b65188dff8e036abf1b414b5a316cdc98135651e
"""bahir-flink""",61,,
"""bahir-flink""",60,,
"""bahir-flink""",59,https://github.com/apache/bahir-flink/commit/0c4882b7eee57d2f6baeec760faa54eeeffaea5c,https://github.com/apache/bahir-flink/commit/3d1c32bda66eae89bf01bac132b515031f381a2f
"""bahir-flink""",57,,
"""bahir-flink""",56,,
"""bahir-flink""",55,,
"""bahir-flink""",52,https://github.com/apache/bahir-flink/commit/77ed599255afc6b7e411451d7a2c437f35d55dea,https://github.com/apache/bahir-flink/commit/167943fcb3248f3439834f6f271bdb0015308e09
"""bahir-flink""",49,,
