repo,pr_number,before_commit,after_commit
"""airavata""",230,,
"""airavata""",229,,
"""airavata""",228,,
"""airavata""",227,,
"""airavata""",226,,
"""airavata""",225,,
"""airavata""",222,,
"""airavata""",221,,
"""airavata""",220,,
"""airavata""",217,,
"""airavata""",216,,
"""airavata""",214,,
"""airavata""",209,,
"""airavata""",208,,
"""airavata""",207,https://github.com/apache/airavata/commit/b9437fc693c7f3544b4bc378611cfc07c8b1b662,https://github.com/apache/airavata/commit/97c2aa6a063c1d094731411232f0932acc8395e2
"""airavata""",206,,
"""airavata""",203,https://github.com/apache/airavata/commit/73f5300de5593fa89bb0c07aec9f28718f221600,https://github.com/apache/airavata/commit/b74017225e4af9d618e0776e241897bbcf6e2a26
"""airavata""",201,,
"""airavata""",200,,
"""airavata""",199,,
"""airavata""",198,,
"""airavata""",197,,
"""airavata""",195,,
"""airavata""",194,,
"""airavata""",193,,
"""airavata""",192,https://github.com/apache/airavata/commit/3265cab77d70ffdd19a65a2280d88627e6681f4b,https://github.com/apache/airavata/commit/f912d39d37e85d0ac9b3a5c4a027714d17e208f2
"""airavata""",191,,
"""airavata""",190,,
"""airavata""",189,,
"""airavata""",188,,
"""airavata""",187,,
"""airavata""",185,,
"""airavata""",184,,
"""airavata""",182,,
"""airavata""",181,,
"""airavata""",179,,
"""airavata""",178,,
"""airavata""",177,,
"""airavata""",176,,
"""airavata""",175,,
"""airavata""",174,,
"""airavata""",172,,
"""airavata""",170,,
"""airavata""",169,,
"""airavata""",168,,
"""airavata""",167,,
"""airavata""",166,,
"""airavata""",165,,
"""airavata""",164,,
"""airavata""",163,,
"""airavata""",162,,
"""airavata""",161,,
"""airavata""",159,,
"""airavata""",157,,
"""airavata""",156,,
"""airavata""",148,,
"""airavata""",144,,
"""airavata""",141,,
"""airavata""",137,,
"""airavata""",136,,
"""airavata""",135,,
"""airavata""",130,,
"""airavata""",113,,
"""airavata""",112,,
"""airavata""",111,,
"""airavata""",110,,
"""airavata""",109,,
"""airavata""",108,,
"""airavata""",107,,
"""airavata""",105,,
"""airavata""",102,,
"""airavata""",101,,
"""airavata""",100,,
"""airavata""",99,,
"""airavata""",98,,
"""airavata""",97,,
"""airavata""",96,,
"""airavata""",95,,
"""airavata""",94,,
"""airavata""",91,,
"""airavata""",90,,
"""airavata""",89,,
"""airavata""",88,,
"""airavata""",87,,
"""airavata""",86,,
"""airavata""",85,,
"""airavata""",84,,
"""airavata""",83,,
"""airavata""",82,,
"""airavata""",81,,
"""airavata""",79,,
"""airavata""",78,,
"""airavata""",77,,
"""airavata""",75,,
"""airavata""",73,,
"""airavata""",72,,
"""airavata""",71,,
"""airavata""",70,,
"""airavata""",69,,
"""airavata""",66,,
"""airavata""",65,,
"""airavata""",63,,
"""airavata""",61,,
"""airavata""",60,,
"""airavata""",59,,
"""airavata""",56,,
"""airavata""",55,,
"""airavata""",54,,
"""airavata""",53,,
"""airavata""",52,,
"""airavata""",51,,
"""airavata""",47,,
"""airavata""",46,,
"""airavata""",45,,
"""airavata""",43,,
"""airavata""",42,,
"""airavata""",34,,
"""airavata""",33,,
"""airavata""",32,,
"""airavata""",26,,
"""airavata""",25,,
"""airavata""",24,,
"""airavata""",23,,
"""airavata""",22,,
"""airavata""",19,,
"""airavata""",13,,
"""airavata""",12,,
"""airavata""",11,,
"""airavata""",10,,
"""airavata""",9,,
"""airavata""",8,,
"""airavata""",4,,
"""airavata""",3,,
"""airavata""",1,,
