repo,pr_number,before_commit,after_commit
"""maven-surefire""",246,,
"""maven-surefire""",243,https://github.com/apache/maven-surefire/commit/9d497ecc479cb23288ea81fe2381ca0c62e215f7,https://github.com/apache/maven-surefire/commit/0cf43c99128f9dffa86874e6de97a8c11266c77b
"""maven-surefire""",239,,
"""maven-surefire""",238,,
"""maven-surefire""",237,https://github.com/apache/maven-surefire/commit/8efd2da03f8591d57718ede3d00d6e84bb34a5a1,https://github.com/apache/maven-surefire/commit/f3d58b80a64b21290d8e34a33358be10a9730bb0
"""maven-surefire""",235,https://github.com/apache/maven-surefire/commit/cd147f8c88ef34bc245afbe59c84189d9a646885,https://github.com/apache/maven-surefire/commit/95bfe70d026cbaf9f94931008513828afb508cc3
"""maven-surefire""",232,,
"""maven-surefire""",229,https://github.com/apache/maven-surefire/commit/fa2419fb9785657f905889ae2cf8b955e61515b1,https://github.com/apache/maven-surefire/commit/90548b179af2ab829231175a43006f1c9fd595db
"""maven-surefire""",228,,
"""maven-surefire""",223,https://github.com/apache/maven-surefire/commit/106b7d149b75c72479ba8c47d114207f9f1eaf31,https://github.com/apache/maven-surefire/commit/9b8c30c5ccb5f6c0bb35456c50fdca35abe212da
"""maven-surefire""",218,https://github.com/apache/maven-surefire/commit/6e3963d25a53d17dd135d07a90f9f7370b4cf9f3,https://github.com/apache/maven-surefire/commit/d2d516ea269ae72fa2a5675ffeaee8433f12ac7c
"""maven-surefire""",216,https://github.com/apache/maven-surefire/commit/9d4cff2d9d0a93ada784bd23d654635cdd20bab2,https://github.com/apache/maven-surefire/commit/56d41b4c903b6c134c5e1a2891f9f08be7e5039f
"""maven-surefire""",214,https://github.com/apache/maven-surefire/commit/b52122d5098ee3a3461bfdf7effb9d5b929288d0,https://github.com/apache/maven-surefire/commit/5f6e1bd3af79acde6eeeb71477618b5644622a9b
"""maven-surefire""",211,,
"""maven-surefire""",209,https://github.com/apache/maven-surefire/commit/938d422802e431682a866c90f7269ca2fa85f790,https://github.com/apache/maven-surefire/commit/f517d349ede0e15229e3c48f45d10dabc72a3fc9
"""maven-surefire""",195,,
"""maven-surefire""",192,,
"""maven-surefire""",190,https://github.com/apache/maven-surefire/commit/674547c13a076dc9d6d55d40bfdea132a39cb8ab,https://github.com/apache/maven-surefire/commit/99083b26bad8a6bf5305aaad08573850623b19d2
"""maven-surefire""",186,,
"""maven-surefire""",185,https://github.com/apache/maven-surefire/commit/64e6d6ebf03e9341a89ea23fad0e38a154d054f4,https://github.com/apache/maven-surefire/commit/a8dfec2fcf3f1ca14658883d8ba72524f48b35a8
"""maven-surefire""",184,,
"""maven-surefire""",182,,
"""maven-surefire""",177,https://github.com/apache/maven-surefire/commit/af7ae9ef933873a038b2817d6430859f2a5bd1c7,https://github.com/apache/maven-surefire/commit/5e073791f9bb06cae1ed6513c8a5bde24844cf73
"""maven-surefire""",176,https://github.com/apache/maven-surefire/commit/b21a534c752978ebbed85269e71960e2d5ebf11d,https://github.com/apache/maven-surefire/commit/bcd27b7f2b560fe6fa0b2927913c3c4a15e5c41e
"""maven-surefire""",175,https://github.com/apache/maven-surefire/commit/6174be76f52ffc2873a18a5215f60767843d7479,https://github.com/apache/maven-surefire/commit/be4e4c0c773e47fafe598b5cb11473f89b35f3fc
"""maven-surefire""",162,,
"""maven-surefire""",161,https://github.com/apache/maven-surefire/commit/7effbc9cb87d87be2c2ffed191971d035b236674,https://github.com/apache/maven-surefire/commit/99cd4f65f5f04ed8c98f446850f5f8bd7b98fc64
"""maven-surefire""",156,,
"""maven-surefire""",155,,
"""maven-surefire""",154,,
"""maven-surefire""",146,,
"""maven-surefire""",142,,
"""maven-surefire""",136,,
"""maven-surefire""",135,,
"""maven-surefire""",131,,
"""maven-surefire""",129,,
"""maven-surefire""",128,,
"""maven-surefire""",125,https://github.com/apache/maven-surefire/commit/7d0ef3306d16c77c6b241eae86c6555853b24634,https://github.com/apache/maven-surefire/commit/77cafbe36d5b3ca82b4fc3837b26be1aab73c537
"""maven-surefire""",119,,
"""maven-surefire""",111,,
"""maven-surefire""",110,https://github.com/apache/maven-surefire/commit/104ff2b71bd587fc08edbcc5e91fa1b20b1efccb,https://github.com/apache/maven-surefire/commit/536f5c621ca55f05df295f64a69eca8b1056db14
"""maven-surefire""",104,,
"""maven-surefire""",101,,
"""maven-surefire""",100,,
"""maven-surefire""",95,https://github.com/apache/maven-surefire/commit/f74d269c7fd7a174f0671d465e5aa2ab221ec11c,https://github.com/apache/maven-surefire/commit/67e6606d51e24ecfd4bfe75e4f4dd906f9e88435
"""maven-surefire""",93,,
"""maven-surefire""",89,https://github.com/apache/maven-surefire/commit/fc9c08aed638d3ecacbe7f149da085a9fd63ccda,https://github.com/apache/maven-surefire/commit/7552ea926a2df2869aead38a52f4bad49acaea8c
"""maven-surefire""",84,,
"""maven-surefire""",83,,
"""maven-surefire""",82,,
"""maven-surefire""",80,,
"""maven-surefire""",78,,
"""maven-surefire""",77,https://github.com/apache/maven-surefire/commit/9a5f87c60128cdeaadb6823c86e0d47c102fc5f7,https://github.com/apache/maven-surefire/commit/4c07642adb892c2b8a34d8640fa6d571fbe84775
"""maven-surefire""",75,,
"""maven-surefire""",72,https://github.com/apache/maven-surefire/commit/4a848a6321389069e33efb4574ea7ac7abf7e848,https://github.com/apache/maven-surefire/commit/0eb85f7a2f971968a9293307616818a0d85f2ee8
"""maven-surefire""",68,https://github.com/apache/maven-surefire/commit/17198eb651d9a52ebbea3f69e061bbf8a54eb4b7,https://github.com/apache/maven-surefire/commit/eb4cd692d05e694bbd8269e78d4e5b3827232fbf
"""maven-surefire""",67,https://github.com/apache/maven-surefire/commit/336ef00fb65a7595673a4091376c282cc75de73d,https://github.com/apache/maven-surefire/commit/4713d349760288ecc5dd1862874ce3b9abd1250e
"""maven-surefire""",66,https://github.com/apache/maven-surefire/commit/20df935b74d902bd4b91525ff6db6e0835e4dc7d,https://github.com/apache/maven-surefire/commit/8ce08a7f552cba06ceec6383b7636b4e77d1e0b9
"""maven-surefire""",65,,
"""maven-surefire""",64,https://github.com/apache/maven-surefire/commit/23b2d3a5dcbcecbacab7c57ba9d530c0227151b1,https://github.com/apache/maven-surefire/commit/06200e077db1ebb0ac99c937532c77af8e3778aa
"""maven-surefire""",61,https://github.com/apache/maven-surefire/commit/870d1881f30467b3ac1382ce6692eb9019424892,https://github.com/apache/maven-surefire/commit/604147c54bbe90444f5188e6f084c943b00e39ca
"""maven-surefire""",60,,
"""maven-surefire""",59,,
"""maven-surefire""",58,https://github.com/apache/maven-surefire/commit/bfd413cc01e528706417428aadcb86169b1175cb,https://github.com/apache/maven-surefire/commit/4df65165717126c88569e1fa62b0ea30559cbfa3
"""maven-surefire""",57,,
"""maven-surefire""",56,,
"""maven-surefire""",55,https://github.com/apache/maven-surefire/commit/ec230ae25a91009433305fbf94b6077cdcf47730,https://github.com/apache/maven-surefire/commit/072cb7a7eb6750ee2a4bd6305c9e8f697b5e292f
"""maven-surefire""",54,,
"""maven-surefire""",52,,
"""maven-surefire""",50,,
"""maven-surefire""",40,,
"""maven-surefire""",39,,
"""maven-surefire""",38,,
"""maven-surefire""",33,,
"""maven-surefire""",31,,
"""maven-surefire""",30,,
"""maven-surefire""",5,,
