repo,pr_number,before_commit,after_commit
"""archiva""",50,,
"""archiva""",30,,
"""archiva""",28,,
"""archiva""",27,,
"""archiva""",26,,
"""archiva""",25,,
"""archiva""",24,,
"""archiva""",23,,
"""archiva""",22,,
"""archiva""",21,,
"""archiva""",20,,
"""archiva""",19,,
"""archiva""",18,,
"""archiva""",16,,
"""archiva""",15,,
"""archiva""",14,,
"""archiva""",13,,
"""archiva""",12,,
"""archiva""",11,,
"""archiva""",9,,
"""archiva""",8,,
"""archiva""",7,,
"""archiva""",5,,
"""archiva""",4,,
