repo,pr_number,before_commit,after_commit
"""incubator-omid""",59,https://github.com/apache/incubator-omid/commit/a91fbd397d02921ff2bc1615cc3597cb87f99210,https://github.com/apache/incubator-omid/commit/e8f6939fbc63a16d52ad846c6e81525815270c7d
"""incubator-omid""",58,https://github.com/apache/incubator-omid/commit/554c02c69d53a19bde134edffcee930dd5666494,https://github.com/apache/incubator-omid/commit/01ce12abec4dbcc0a3c1fe4d119ae26dba5c553e
"""incubator-omid""",47,,
"""incubator-omid""",22,,
"""incubator-omid""",21,https://github.com/apache/incubator-omid/commit/18a355767abf1f60b0d2cc41c84f629ee5e55a0f,https://github.com/apache/incubator-omid/commit/57968cc1d459161c7d29916fdc39cfe149629a30
"""incubator-omid""",18,,
"""incubator-omid""",14,https://github.com/apache/incubator-omid/commit/7c22891b6b4e4805e12dcd13baeee57c24ac9da1,https://github.com/apache/incubator-omid/commit/97579d66a3f1f62eebca054495937f4f6f2666c2
"""incubator-omid""",10,,
