repo,pr_number,before_commit,after_commit
"""logging-log4j2""",299,,
"""logging-log4j2""",297,,
"""logging-log4j2""",296,,
"""logging-log4j2""",294,,
"""logging-log4j2""",293,,
"""logging-log4j2""",290,https://github.com/apache/logging-log4j2/commit/a138fc165cda05123e5280492c36b93337af5826,https://github.com/apache/logging-log4j2/commit/7a207962cd019118a7c08db42abd38ab81e51deb
"""logging-log4j2""",289,,
"""logging-log4j2""",288,,
"""logging-log4j2""",285,,
"""logging-log4j2""",284,,
"""logging-log4j2""",282,https://github.com/apache/logging-log4j2/commit/7c5d55a928c268c6a5f95c861d521e0175d4b182,https://github.com/apache/logging-log4j2/commit/547eab8535e52e7333cb597ecc83ef2b3ec69972
"""logging-log4j2""",281,,
"""logging-log4j2""",279,https://github.com/apache/logging-log4j2/commit/96d522116fe96aff2335c67041f42a6fb290b6ae,https://github.com/apache/logging-log4j2/commit/fbd8be95b00d0bb55cd0895bc3dc0b00787cecfd
"""logging-log4j2""",278,https://github.com/apache/logging-log4j2/commit/13962e8e7a0d93c6e200125f4ed6d51c5df3c747,https://github.com/apache/logging-log4j2/commit/7343fea46383044777b1de2c4b165308d48f9b59
"""logging-log4j2""",276,,
"""logging-log4j2""",275,,
"""logging-log4j2""",273,https://github.com/apache/logging-log4j2/commit/846842feebb38db4ae49d129c5d1b568b3d6f6ba,https://github.com/apache/logging-log4j2/commit/658faf46bbbf725c183a11a52b9a7be739a2acd4
"""logging-log4j2""",272,,
"""logging-log4j2""",267,,
"""logging-log4j2""",266,,
"""logging-log4j2""",265,,
"""logging-log4j2""",264,,
"""logging-log4j2""",262,,
"""logging-log4j2""",260,,
"""logging-log4j2""",256,,
"""logging-log4j2""",255,,
"""logging-log4j2""",254,https://github.com/apache/logging-log4j2/commit/712984c691b01a13d41b87c0c81d05696af4f52c,https://github.com/apache/logging-log4j2/commit/2cdec0b37f5123f70a6443c6a11c7c468d843df0
"""logging-log4j2""",251,,
"""logging-log4j2""",250,https://github.com/apache/logging-log4j2/commit/42b8ffcca427585892aea15cadc61846b7404039,https://github.com/apache/logging-log4j2/commit/c58a8761ece0af3cc69da55595323bc99fda0150
"""logging-log4j2""",248,,
"""logging-log4j2""",246,,
"""logging-log4j2""",245,,
"""logging-log4j2""",241,,
"""logging-log4j2""",239,,
"""logging-log4j2""",237,,
"""logging-log4j2""",224,https://github.com/apache/logging-log4j2/commit/3b4aba73ce23249aeda689100618eb1ac6fc01bb,https://github.com/apache/logging-log4j2/commit/9801ce79a25a6ad3387fbf1f3603309775d9ee6f
"""logging-log4j2""",217,,
"""logging-log4j2""",216,,
"""logging-log4j2""",215,,
"""logging-log4j2""",213,,
"""logging-log4j2""",176,https://github.com/apache/logging-log4j2/commit/09ef7df006448c60e8a1b6a040602c598f36086c,https://github.com/apache/logging-log4j2/commit/e592d4674f6d0e868fb4a3e7742f42cf223c5aa7
"""logging-log4j2""",175,https://github.com/apache/logging-log4j2/commit/c5e0f2625054d0a9eaa5811450513239ac831af2,https://github.com/apache/logging-log4j2/commit/ce2f8cbe6b3a26ea3c023b1437fe2652dada9dd0
"""logging-log4j2""",167,https://github.com/apache/logging-log4j2/commit/acda138b50d1f78f9c46f13323c07690faff9857,https://github.com/apache/logging-log4j2/commit/05c551870377e55063c5e66b163a65f49eb94184
"""logging-log4j2""",155,,
"""logging-log4j2""",154,,
"""logging-log4j2""",140,https://github.com/apache/logging-log4j2/commit/2be941eba13dc6a8af0c0a452a4624295c88b553,https://github.com/apache/logging-log4j2/commit/28c6ec246f084cea9d58e918c888ef82fc57eb57
"""logging-log4j2""",139,https://github.com/apache/logging-log4j2/commit/64cdddb2e3d811d5ca6cc635154427cfe630ba62,https://github.com/apache/logging-log4j2/commit/f1f3945b707d8a590d2fb60624673484771b7d31
"""logging-log4j2""",136,https://github.com/apache/logging-log4j2/commit/6daa890368521df506178c51e49b97c6cdb6ac44,https://github.com/apache/logging-log4j2/commit/34a310442c075aa73d4607cd8cf40171dafd0da3
"""logging-log4j2""",134,https://github.com/apache/logging-log4j2/commit/626f21fb5366cea683c828a4aaef9309c0c5e22a,https://github.com/apache/logging-log4j2/commit/0bb897572ef9f4cf37747e2044bf17de99131aa0
"""logging-log4j2""",109,https://github.com/apache/logging-log4j2/commit/2d9d81ba4e058c6953c0ea81dc96ad98ba71b364,https://github.com/apache/logging-log4j2/commit/02eee31cb537c6a2a3dd192b71f5d9636ffed55e
"""logging-log4j2""",72,,
"""logging-log4j2""",69,,
"""logging-log4j2""",68,,
"""logging-log4j2""",65,,
"""logging-log4j2""",63,,
"""logging-log4j2""",62,https://github.com/apache/logging-log4j2/commit/daacde0732befaa9284e37c0a0124ad26c645196,https://github.com/apache/logging-log4j2/commit/c2af08d4d899d0ecb0b7f1f5c560b4e87b981243
"""logging-log4j2""",61,,
"""logging-log4j2""",57,,
"""logging-log4j2""",55,,
"""logging-log4j2""",48,,
"""logging-log4j2""",26,,
"""logging-log4j2""",20,,
