repo,pr_number,before_commit,after_commit
"""joshua""",88,,
"""joshua""",87,,
"""joshua""",81,,
"""joshua""",79,,
"""joshua""",78,,
"""joshua""",77,,
"""joshua""",76,,
"""joshua""",75,,
"""joshua""",74,,
"""joshua""",73,,
"""joshua""",72,,
"""joshua""",68,,
"""joshua""",67,,
"""joshua""",64,,
"""joshua""",63,,
"""joshua""",62,,
"""joshua""",61,,
"""joshua""",60,,
"""joshua""",59,,
"""joshua""",58,,
"""joshua""",57,,
"""joshua""",56,,
"""joshua""",55,,
"""joshua""",54,,
"""joshua""",53,,
"""joshua""",52,,
"""joshua""",50,,
"""joshua""",49,,
"""joshua""",48,,
"""joshua""",47,,
"""joshua""",46,,
"""joshua""",45,,
"""joshua""",44,,
"""joshua""",43,,
"""joshua""",42,https://github.com/apache/joshua/commit/1a8b2ccf33a5a9c2874a5f11a2b2ad8fb530a82f,https://github.com/apache/joshua/commit/840eb4ce4854d3f5e4f792ce4d909d6276bfcb08
"""joshua""",41,,
"""joshua""",40,,
"""joshua""",39,https://github.com/apache/joshua/commit/dccb48bcc0ab76faaa3b9f3e58823b5fa66ea983,https://github.com/apache/joshua/commit/d235f9b09ec41698c6d9784dcc05926ee55a03a1
"""joshua""",38,,
"""joshua""",37,,
"""joshua""",36,,
"""joshua""",35,,
"""joshua""",34,,
"""joshua""",33,,
"""joshua""",32,,
"""joshua""",30,,
"""joshua""",29,,
"""joshua""",28,,
"""joshua""",27,,
"""joshua""",26,,
"""joshua""",25,https://github.com/apache/joshua/commit/1011bbb03b29b57eb2903e4817a4d6a3d553354e,https://github.com/apache/joshua/commit/8fc7544eaaf35f71367b48778eaa1f22772ca390
"""joshua""",23,,
"""joshua""",22,,
"""joshua""",21,,
"""joshua""",20,,
"""joshua""",19,,
"""joshua""",18,,
"""joshua""",17,,
"""joshua""",16,,
"""joshua""",14,,
"""joshua""",13,,
"""joshua""",12,,
"""joshua""",10,,
"""joshua""",9,,
"""joshua""",7,,
"""joshua""",5,,
"""joshua""",4,,
"""joshua""",3,,
"""joshua""",2,,
"""joshua""",1,,
