repo,pr_number,before_commit,after_commit
"""freemarker""",59,,
"""freemarker""",58,,
"""freemarker""",57,,
"""freemarker""",56,,
"""freemarker""",49,,
"""freemarker""",48,,
"""freemarker""",46,,
"""freemarker""",45,,
"""freemarker""",44,,
"""freemarker""",42,,
"""freemarker""",41,,
"""freemarker""",40,https://github.com/apache/freemarker/commit/4e2daca9988196f7b8c8277977b269dadc113913,https://github.com/apache/freemarker/commit/55b567638a2b0c34a94afc17f697255c745046fa
"""freemarker""",39,,
"""freemarker""",38,,
"""freemarker""",36,,
"""freemarker""",35,,
"""freemarker""",34,,
"""freemarker""",33,,
"""freemarker""",32,,
"""freemarker""",30,,
"""freemarker""",29,,
"""freemarker""",27,,
"""freemarker""",26,,
"""freemarker""",25,,
"""freemarker""",24,,
"""freemarker""",23,,
"""freemarker""",22,,
"""freemarker""",21,,
"""freemarker""",20,,
"""freemarker""",18,,
"""freemarker""",17,,
"""freemarker""",16,,
"""freemarker""",9,,
"""freemarker""",7,,
"""freemarker""",6,,
"""freemarker""",5,,
"""freemarker""",4,,
