repo,pr_number,before_commit,after_commit
"""fineract-cn-accounting""",15,,
"""fineract-cn-accounting""",14,,
"""fineract-cn-accounting""",13,,
"""fineract-cn-accounting""",12,,
"""fineract-cn-accounting""",11,,
"""fineract-cn-accounting""",9,,
"""fineract-cn-accounting""",8,,
"""fineract-cn-accounting""",7,,
"""fineract-cn-accounting""",6,,
"""fineract-cn-accounting""",5,,
"""fineract-cn-accounting""",4,,
"""fineract-cn-accounting""",3,,
"""fineract-cn-accounting""",2,,
"""fineract-cn-accounting""",1,,
