repo,pr_number,before_commit,after_commit
"""incubator-tamaya-extensions""",39,,
"""incubator-tamaya-extensions""",38,,
"""incubator-tamaya-extensions""",37,,
"""incubator-tamaya-extensions""",36,,
"""incubator-tamaya-extensions""",34,,
"""incubator-tamaya-extensions""",33,,
"""incubator-tamaya-extensions""",32,,
"""incubator-tamaya-extensions""",31,https://github.com/apache/incubator-tamaya-extensions/commit/07525b3e1b86d8b230e39bad38c32a050c8e1b59,https://github.com/apache/incubator-tamaya-extensions/commit/1e6e6caf738848af49aea764952dc2a242482f8f
"""incubator-tamaya-extensions""",30,,
"""incubator-tamaya-extensions""",29,,
"""incubator-tamaya-extensions""",28,,
"""incubator-tamaya-extensions""",27,https://github.com/apache/incubator-tamaya-extensions/commit/78b89ad82f2382d1f1b41c436313f0cefaf92722,https://github.com/apache/incubator-tamaya-extensions/commit/a0e00f9f229bc0eedc26cde55649c632ee60da97
"""incubator-tamaya-extensions""",26,,
"""incubator-tamaya-extensions""",25,,
"""incubator-tamaya-extensions""",24,,
"""incubator-tamaya-extensions""",23,,
"""incubator-tamaya-extensions""",22,,
"""incubator-tamaya-extensions""",21,,
"""incubator-tamaya-extensions""",20,,
"""incubator-tamaya-extensions""",19,,
"""incubator-tamaya-extensions""",16,https://github.com/apache/incubator-tamaya-extensions/commit/0e91406ff8c7e053db959ca31238c71cc0f08e05,https://github.com/apache/incubator-tamaya-extensions/commit/0213e7f1fd6ee25c18fec2fb56ee8498e755676e
"""incubator-tamaya-extensions""",8,,
"""incubator-tamaya-extensions""",6,,
"""incubator-tamaya-extensions""",5,,
"""incubator-tamaya-extensions""",4,,
"""incubator-tamaya-extensions""",3,,
"""incubator-tamaya-extensions""",2,,
"""incubator-tamaya-extensions""",1,,
