repo,pr_number,before_commit,after_commit
"""maven-compiler-plugin""",21,,
"""maven-compiler-plugin""",20,,
"""maven-compiler-plugin""",19,https://github.com/apache/maven-compiler-plugin/commit/8a5e02d8980756895e1cb24c0070011edd2be9fc,https://github.com/apache/maven-compiler-plugin/commit/83b0343e94838773460dbcc068cc223e157af7cd
"""maven-compiler-plugin""",18,,
"""maven-compiler-plugin""",17,https://github.com/apache/maven-compiler-plugin/commit/726b4763187917977370f841a3eb97d1901bd81e,https://github.com/apache/maven-compiler-plugin/commit/3aab7d703f7ee309236fa48e121d72aad9f3aad2
"""maven-compiler-plugin""",16,,
"""maven-compiler-plugin""",15,,
"""maven-compiler-plugin""",9,,
"""maven-compiler-plugin""",7,https://github.com/apache/maven-compiler-plugin/commit/cd7c1b36a5b6d4a5310939f85a376e4dfb1d6c79,https://github.com/apache/maven-compiler-plugin/commit/e63727916591cf0b02ba1c2ef726464dc58669be
"""maven-compiler-plugin""",6,,
"""maven-compiler-plugin""",4,https://github.com/apache/maven-compiler-plugin/commit/b480406a41dd72e7bbbe4a77c3a4381f0630223e,https://github.com/apache/maven-compiler-plugin/commit/8b26d493760f2b884feec0366f29e57fb6348e06
"""maven-compiler-plugin""",2,,
