repo,pr_number,before_commit,after_commit
"""incubator-dlab""",290,,
"""incubator-dlab""",289,,
"""incubator-dlab""",287,,
"""incubator-dlab""",286,,
"""incubator-dlab""",285,,
"""incubator-dlab""",284,,
"""incubator-dlab""",283,,
"""incubator-dlab""",282,,
"""incubator-dlab""",281,,
"""incubator-dlab""",280,,
"""incubator-dlab""",279,,
"""incubator-dlab""",278,,
"""incubator-dlab""",277,,
"""incubator-dlab""",276,,
"""incubator-dlab""",275,,
"""incubator-dlab""",274,,
"""incubator-dlab""",273,,
"""incubator-dlab""",272,,
"""incubator-dlab""",271,,
"""incubator-dlab""",270,,
"""incubator-dlab""",269,,
"""incubator-dlab""",268,,
"""incubator-dlab""",267,,
"""incubator-dlab""",265,,
"""incubator-dlab""",264,,
"""incubator-dlab""",262,,
"""incubator-dlab""",261,,
"""incubator-dlab""",260,,
"""incubator-dlab""",259,,
"""incubator-dlab""",258,,
"""incubator-dlab""",257,,
"""incubator-dlab""",256,,
"""incubator-dlab""",255,,
"""incubator-dlab""",254,,
"""incubator-dlab""",253,,
"""incubator-dlab""",252,,
"""incubator-dlab""",251,,
"""incubator-dlab""",250,,
"""incubator-dlab""",249,,
"""incubator-dlab""",248,,
"""incubator-dlab""",247,,
"""incubator-dlab""",246,,
"""incubator-dlab""",245,,
"""incubator-dlab""",244,,
"""incubator-dlab""",243,,
"""incubator-dlab""",242,,
"""incubator-dlab""",241,,
"""incubator-dlab""",240,,
"""incubator-dlab""",239,,
"""incubator-dlab""",238,,
"""incubator-dlab""",237,,
"""incubator-dlab""",236,,
"""incubator-dlab""",235,,
"""incubator-dlab""",234,,
"""incubator-dlab""",233,,
"""incubator-dlab""",232,,
"""incubator-dlab""",231,,
"""incubator-dlab""",230,,
"""incubator-dlab""",229,,
"""incubator-dlab""",228,,
"""incubator-dlab""",227,,
"""incubator-dlab""",226,,
"""incubator-dlab""",225,,
"""incubator-dlab""",224,,
"""incubator-dlab""",222,,
"""incubator-dlab""",221,,
"""incubator-dlab""",220,,
"""incubator-dlab""",219,,
"""incubator-dlab""",218,,
"""incubator-dlab""",217,,
"""incubator-dlab""",216,,
"""incubator-dlab""",215,,
"""incubator-dlab""",214,,
"""incubator-dlab""",213,,
"""incubator-dlab""",212,,
"""incubator-dlab""",211,,
"""incubator-dlab""",210,,
"""incubator-dlab""",209,,
"""incubator-dlab""",208,,
"""incubator-dlab""",207,,
"""incubator-dlab""",206,,
"""incubator-dlab""",205,,
"""incubator-dlab""",204,,
"""incubator-dlab""",203,,
"""incubator-dlab""",202,,
"""incubator-dlab""",201,,
"""incubator-dlab""",200,,
"""incubator-dlab""",199,,
"""incubator-dlab""",198,,
"""incubator-dlab""",196,,
"""incubator-dlab""",195,,
"""incubator-dlab""",194,,
"""incubator-dlab""",193,,
"""incubator-dlab""",192,,
"""incubator-dlab""",191,,
"""incubator-dlab""",190,,
"""incubator-dlab""",189,,
"""incubator-dlab""",188,,
"""incubator-dlab""",187,,
"""incubator-dlab""",186,,
"""incubator-dlab""",185,,
"""incubator-dlab""",184,,
"""incubator-dlab""",183,,
"""incubator-dlab""",182,,
"""incubator-dlab""",181,,
"""incubator-dlab""",180,,
"""incubator-dlab""",179,,
"""incubator-dlab""",178,,
"""incubator-dlab""",177,,
"""incubator-dlab""",176,,
"""incubator-dlab""",175,,
"""incubator-dlab""",174,,
"""incubator-dlab""",173,,
"""incubator-dlab""",172,,
"""incubator-dlab""",171,,
"""incubator-dlab""",170,,
"""incubator-dlab""",169,,
"""incubator-dlab""",168,,
"""incubator-dlab""",167,,
"""incubator-dlab""",166,,
"""incubator-dlab""",165,,
"""incubator-dlab""",164,,
"""incubator-dlab""",163,,
"""incubator-dlab""",162,,
"""incubator-dlab""",161,,
"""incubator-dlab""",160,,
"""incubator-dlab""",159,,
"""incubator-dlab""",158,,
"""incubator-dlab""",157,,
"""incubator-dlab""",156,,
"""incubator-dlab""",155,,
"""incubator-dlab""",154,,
"""incubator-dlab""",153,,
"""incubator-dlab""",152,,
"""incubator-dlab""",151,,
"""incubator-dlab""",150,,
"""incubator-dlab""",149,,
"""incubator-dlab""",148,,
"""incubator-dlab""",147,,
"""incubator-dlab""",146,,
"""incubator-dlab""",145,,
"""incubator-dlab""",144,,
"""incubator-dlab""",143,,
"""incubator-dlab""",142,,
"""incubator-dlab""",141,,
"""incubator-dlab""",140,,
"""incubator-dlab""",139,,
"""incubator-dlab""",138,,
"""incubator-dlab""",136,,
"""incubator-dlab""",134,,
"""incubator-dlab""",133,,
"""incubator-dlab""",132,,
"""incubator-dlab""",131,,
"""incubator-dlab""",130,,
"""incubator-dlab""",128,,
"""incubator-dlab""",126,,
"""incubator-dlab""",124,,
"""incubator-dlab""",123,,
"""incubator-dlab""",122,,
"""incubator-dlab""",121,,
"""incubator-dlab""",120,,
"""incubator-dlab""",119,,
"""incubator-dlab""",118,,
"""incubator-dlab""",117,,
"""incubator-dlab""",116,,
"""incubator-dlab""",115,,
"""incubator-dlab""",114,,
"""incubator-dlab""",113,,
"""incubator-dlab""",112,,
"""incubator-dlab""",111,,
"""incubator-dlab""",110,,
"""incubator-dlab""",109,,
"""incubator-dlab""",108,,
"""incubator-dlab""",107,,
"""incubator-dlab""",106,,
"""incubator-dlab""",105,,
"""incubator-dlab""",104,,
"""incubator-dlab""",103,,
"""incubator-dlab""",102,,
"""incubator-dlab""",101,,
"""incubator-dlab""",100,,
"""incubator-dlab""",99,,
"""incubator-dlab""",98,,
"""incubator-dlab""",97,,
"""incubator-dlab""",96,,
"""incubator-dlab""",95,,
"""incubator-dlab""",94,,
"""incubator-dlab""",93,,
"""incubator-dlab""",92,,
"""incubator-dlab""",91,https://github.com/apache/incubator-dlab/commit/e16a99c736ced5f0019645ddcd2eca87d89b653e,https://github.com/apache/incubator-dlab/commit/bdc7fea35c59fda5da66bb7d87334229d35e51d9
"""incubator-dlab""",90,,
"""incubator-dlab""",89,,
"""incubator-dlab""",88,,
"""incubator-dlab""",87,,
"""incubator-dlab""",86,,
"""incubator-dlab""",85,,
"""incubator-dlab""",84,,
"""incubator-dlab""",83,,
"""incubator-dlab""",82,,
"""incubator-dlab""",81,,
"""incubator-dlab""",80,,
"""incubator-dlab""",79,,
"""incubator-dlab""",78,,
"""incubator-dlab""",77,,
"""incubator-dlab""",76,,
"""incubator-dlab""",75,,
"""incubator-dlab""",74,,
"""incubator-dlab""",73,,
"""incubator-dlab""",72,,
"""incubator-dlab""",71,,
"""incubator-dlab""",70,,
"""incubator-dlab""",69,,
"""incubator-dlab""",68,,
"""incubator-dlab""",67,,
"""incubator-dlab""",66,,
"""incubator-dlab""",65,,
"""incubator-dlab""",64,,
"""incubator-dlab""",63,,
"""incubator-dlab""",62,,
"""incubator-dlab""",61,,
"""incubator-dlab""",60,,
"""incubator-dlab""",59,,
"""incubator-dlab""",58,,
"""incubator-dlab""",57,,
"""incubator-dlab""",56,,
"""incubator-dlab""",55,,
"""incubator-dlab""",54,,
"""incubator-dlab""",53,,
"""incubator-dlab""",52,,
"""incubator-dlab""",51,,
"""incubator-dlab""",50,,
"""incubator-dlab""",49,,
"""incubator-dlab""",48,,
"""incubator-dlab""",47,,
"""incubator-dlab""",46,,
"""incubator-dlab""",45,,
"""incubator-dlab""",44,,
"""incubator-dlab""",43,,
"""incubator-dlab""",42,,
"""incubator-dlab""",41,,
"""incubator-dlab""",39,,
"""incubator-dlab""",38,,
"""incubator-dlab""",37,,
"""incubator-dlab""",36,,
"""incubator-dlab""",35,,
"""incubator-dlab""",34,,
"""incubator-dlab""",33,,
"""incubator-dlab""",30,,
"""incubator-dlab""",29,,
"""incubator-dlab""",28,,
"""incubator-dlab""",27,,
"""incubator-dlab""",26,,
"""incubator-dlab""",24,,
"""incubator-dlab""",23,,
"""incubator-dlab""",22,,
"""incubator-dlab""",21,,
"""incubator-dlab""",20,,
"""incubator-dlab""",19,,
"""incubator-dlab""",18,,
"""incubator-dlab""",15,,
"""incubator-dlab""",14,,
"""incubator-dlab""",13,,
"""incubator-dlab""",12,,
"""incubator-dlab""",11,,
"""incubator-dlab""",10,,
"""incubator-dlab""",9,,
"""incubator-dlab""",8,,
"""incubator-dlab""",7,https://github.com/apache/incubator-dlab/commit/e51180787ec58ef3b4250e0ad41e050693637694,https://github.com/apache/incubator-dlab/commit/6108bbee0d092d0339c2237b7305a098b1e84729
"""incubator-dlab""",6,,
"""incubator-dlab""",5,,
"""incubator-dlab""",4,,
"""incubator-dlab""",3,,
"""incubator-dlab""",2,,
"""incubator-dlab""",1,,
