repo,pr_number,before_commit,after_commit
"""apex-core""",602,https://github.com/apache/apex-core/commit/61953e9b09bf7e94156d4c1369b0f616f6c5bd25,https://github.com/apache/apex-core/commit/e725b40179c0adeea6ee7a475870c61ce77e9fab
"""apex-core""",601,https://github.com/apache/apex-core/commit/4f00f93e7f35ddff022aa747f2a713c5b9cee351,https://github.com/apache/apex-core/commit/7aab9999b8fa9a1eaa744af42f810c92ce75e5cf
"""apex-core""",600,https://github.com/apache/apex-core/commit/19171f82c36a164ec80dee4c95de41d991f1c844,https://github.com/apache/apex-core/commit/855b98d3bae281fd0dbb1c17b90ecc1f81d84daf
"""apex-core""",598,https://github.com/apache/apex-core/commit/1bf5430fb96e52aa3a5e241a7e2133cc3b07ca09,https://github.com/apache/apex-core/commit/50c373eb1191e40031b3fb643ecea12a8fcdcb52
"""apex-core""",597,https://github.com/apache/apex-core/commit/324707f4434bd1ad0ad2e2908c0ed3a4561eef58,https://github.com/apache/apex-core/commit/9141f8af0c6aa40deda9b442c79b4f2a9c7bd052
"""apex-core""",596,,
"""apex-core""",595,https://github.com/apache/apex-core/commit/093bb47d6316d09fc512ab7763a36ce76aae12c9,https://github.com/apache/apex-core/commit/1a75ce9f573e46b5e3d613059c621730d0d06e97
"""apex-core""",594,https://github.com/apache/apex-core/commit/b883273c46e0977097d3156d281f9ce16e7e5f94,https://github.com/apache/apex-core/commit/eaf2d6df298b61a12b44c4382919a7d656fbf73d
"""apex-core""",593,,
"""apex-core""",592,https://github.com/apache/apex-core/commit/02be205cd7d1b3ecfd181be9c1603b859210c609,https://github.com/apache/apex-core/commit/537e6e7bad052c27c462ffe192f4f5ad9690d823
"""apex-core""",591,,
"""apex-core""",590,,
"""apex-core""",589,https://github.com/apache/apex-core/commit/7e740f8d443609d2bdeab37edd4736e6843cd704,https://github.com/apache/apex-core/commit/59cbb9f9b875690f7e0af990d6f051d7aba372e3
"""apex-core""",588,https://github.com/apache/apex-core/commit/158e38f567efeaacc4225ad6c142c999bf217c93,https://github.com/apache/apex-core/commit/f5f6d48bcecb74bc03bd7ab2ea49d1487e779455
"""apex-core""",587,,
"""apex-core""",586,https://github.com/apache/apex-core/commit/2d2e30e8c2d458e22d843027a850b702d36e4668,https://github.com/apache/apex-core/commit/114dd9f51ec5337e8962e57b90632ac67df2afa4
"""apex-core""",585,https://github.com/apache/apex-core/commit/1f34ece1119cbbeb981d08ede075825c455cac98,https://github.com/apache/apex-core/commit/ef0f59cb55d1db86ff8dd4255d36915f93c12fdd
"""apex-core""",584,https://github.com/apache/apex-core/commit/154551dd8d5e3ed31e6ed9c94ce3968b9fb05491,https://github.com/apache/apex-core/commit/5a2c1ab288d118f5a4df2882c2ffa7c66989f59f
"""apex-core""",583,https://github.com/apache/apex-core/commit/b1964020eb38febc0c74563c65648c455f4cc3ce,https://github.com/apache/apex-core/commit/9be6c903ce026e12782ae1d7caecc4a47b3a8b65
"""apex-core""",582,,
"""apex-core""",575,https://github.com/apache/apex-core/commit/66b2045e58fcbdd8913ac1b867309cc4844a980f,https://github.com/apache/apex-core/commit/70112e0e89cae00233e9a9d4131f4b281effd86a
"""apex-core""",573,https://github.com/apache/apex-core/commit/ea753d9400d314efed8883ff3d2ebd848ce1d2c7,https://github.com/apache/apex-core/commit/3ce9db732d57519ff033da5927f0a519aac36c0d
"""apex-core""",570,https://github.com/apache/apex-core/commit/4a61d7a4e664909906e8fd42bf83ae2882d4d89b,https://github.com/apache/apex-core/commit/e4166a42e0fdec8705037b0e6b0445eef1846aa0
"""apex-core""",566,https://github.com/apache/apex-core/commit/6fea444c3a77cf2d34c02332ed6f7fe3ee657aed,https://github.com/apache/apex-core/commit/632bfee25e78eb40062e7450c081a524461914b4
"""apex-core""",564,https://github.com/apache/apex-core/commit/454e149f9b57a1f7537e826caf1773d27e4d2d58,https://github.com/apache/apex-core/commit/9ea2cfb268009f92acdaa3b524018dd33bf9f5f5
"""apex-core""",563,https://github.com/apache/apex-core/commit/de01bef95e4f35ac208105e31947f1e8f96409d6,https://github.com/apache/apex-core/commit/34d71f4d177c179b25af843de4a25b656ccb168e
"""apex-core""",562,,
"""apex-core""",561,https://github.com/apache/apex-core/commit/1b9a0283ad982485b9295bbb1e3bc6523f303ecf,https://github.com/apache/apex-core/commit/aa88ae03e88e49898565d8fcb8fce40a48c112f8
"""apex-core""",560,https://github.com/apache/apex-core/commit/58935d78b49885069a95eb7af1348cb9df944e77,https://github.com/apache/apex-core/commit/1ee203cd1af785e2c9a05f9a184bcd765e57c6b6
"""apex-core""",559,https://github.com/apache/apex-core/commit/df19d179eaebb985852b47f4768c1d0e6a480960,https://github.com/apache/apex-core/commit/a1ac50a1a5ee1d8fcf5d8425650ee6550d0c9591
"""apex-core""",558,https://github.com/apache/apex-core/commit/054adbcc93c2f9c13b54849fdc5f1e56d03e8561,https://github.com/apache/apex-core/commit/2b6c8177a7ee4fd0eda8b5b55b01d0014c9b639c
"""apex-core""",556,https://github.com/apache/apex-core/commit/ce2cf3196c351a508bd13b3ed6ec040ec1e035a3,https://github.com/apache/apex-core/commit/8f329d9b3f3aa9e7fb4f0ef6a06c4de19c7af8e7
"""apex-core""",555,https://github.com/apache/apex-core/commit/a047f932b66cb9f2532549896e3e424cc3063819,https://github.com/apache/apex-core/commit/811e9869bbf461cc4db7ec4d89efe9c1281bfc88
"""apex-core""",554,https://github.com/apache/apex-core/commit/0cbd4c952ebcee87692ca2cde9e75c87bff45045,https://github.com/apache/apex-core/commit/4d1cad260375f9951ef46a90015f0af908561410
"""apex-core""",553,https://github.com/apache/apex-core/commit/e0577de0f090ab0856bf2b4765356e698c174d07,https://github.com/apache/apex-core/commit/c78ebd8fbee2f13cea05d903034158b10cfbf8c5
"""apex-core""",552,https://github.com/apache/apex-core/commit/998145735f01a41c0126090d4bceb4c8c1b69d31,https://github.com/apache/apex-core/commit/1831356ea44aa09f75fa0f4d23c276432dd762d6
"""apex-core""",551,https://github.com/apache/apex-core/commit/c3149d346b83f6c56796e3730818a3d333d2d7ee,https://github.com/apache/apex-core/commit/771f5880291f0f7dbfe593e5c765f5d8fb4b9ad6
"""apex-core""",550,https://github.com/apache/apex-core/commit/66c6157dac69f6a11542e9841368a7d67edb0900,https://github.com/apache/apex-core/commit/1f78515fc9ef881c86b6627e5f2d4eb544881a8c
"""apex-core""",549,,
"""apex-core""",548,,
"""apex-core""",547,https://github.com/apache/apex-core/commit/41158373562dc97b2f8b603b13c6c9d7503346de,https://github.com/apache/apex-core/commit/12706ca43b00e272ba8cb13bc5d6648e0124187d
"""apex-core""",545,https://github.com/apache/apex-core/commit/596517de7acb66bbfae482c702b7231e9c7f787e,https://github.com/apache/apex-core/commit/91effc9792ac24278971de266d6d6abd44da6e6e
"""apex-core""",543,https://github.com/apache/apex-core/commit/fc84379d963e7adb2b582b3c7e4d3f7b2b851f64,https://github.com/apache/apex-core/commit/d7eed50d868c4ec1d9207fa4dd13840bcd970f85
"""apex-core""",542,https://github.com/apache/apex-core/commit/d052f4f0259de83e7d595809e1e297e97a240d11,https://github.com/apache/apex-core/commit/33812f65712f9965d7e6140d5da638fafb24cc8e
"""apex-core""",541,https://github.com/apache/apex-core/commit/f8d6e386c850224efd4395013de500662b6ff378,https://github.com/apache/apex-core/commit/c690dd1dccb9a7b5ad649e925e2c841ea8b11ad9
"""apex-core""",540,https://github.com/apache/apex-core/commit/26c2bc125bbc90ece0b0c7e7c0aa0ec4f9d3cf4f,https://github.com/apache/apex-core/commit/f9c1701a2f22bf7405496c3ee4d6a71185762070
"""apex-core""",539,https://github.com/apache/apex-core/commit/e702117f33dea2597ef71b1fb060f129941f1726,https://github.com/apache/apex-core/commit/a83d48e90e8543b7fc2e5383ae505105a216b548
"""apex-core""",538,https://github.com/apache/apex-core/commit/0a2edd5c95be0193d607b1e52b5038b27900683b,https://github.com/apache/apex-core/commit/91eb45078b27d27dfcda35d124dce90f57f39efb
"""apex-core""",537,https://github.com/apache/apex-core/commit/860e444bef273cf305cf5569d23ee1b428c9a046,https://github.com/apache/apex-core/commit/91459d46d11111abdf01cf1bff14bb4b538eaada
"""apex-core""",536,https://github.com/apache/apex-core/commit/210843e62260969d7d6da8df9311cc875780757b,https://github.com/apache/apex-core/commit/34da9dce210de6b97a67b5cf8546432278ac54eb
"""apex-core""",535,https://github.com/apache/apex-core/commit/9e76532798ecd0ffc45a778471b1008a4c5c55e3,https://github.com/apache/apex-core/commit/642c2f2b80db058aec278a29509d7fb3d5655b74
"""apex-core""",533,https://github.com/apache/apex-core/commit/5e88fd9bee6cdbb734c5c9852f84df05f8921677,https://github.com/apache/apex-core/commit/5f79cb75df41a5f5f6b9a11b9c1b116c92c25946
"""apex-core""",532,https://github.com/apache/apex-core/commit/9aa23c35b0b6c4d60e50e2fc27ec147a1335e73d,https://github.com/apache/apex-core/commit/78c7a5fd54987589285a66f1e6d459924f46ad63
"""apex-core""",531,https://github.com/apache/apex-core/commit/a67a80491fbba53b3cfe42d95fb7694951404bb4,https://github.com/apache/apex-core/commit/a0dd30d8fdc27c0503f59c93ea84f7edacf53137
"""apex-core""",530,https://github.com/apache/apex-core/commit/eeae8cc377784ab650aa3c62e0c4fc98c7c11f28,https://github.com/apache/apex-core/commit/f2469f28d6ef36d8c5e809e558e3f91c28fd8767
"""apex-core""",529,https://github.com/apache/apex-core/commit/4cf6f45ff34fa5713ca451a2fa39c68c636d8d74,https://github.com/apache/apex-core/commit/47f1d9121c193b73e58b7c45e43e3bb803ad7e00
"""apex-core""",528,https://github.com/apache/apex-core/commit/30022c6313803aa2b8bf7087d61700c7ab2b0a7a,https://github.com/apache/apex-core/commit/e4d44e559376eb6203e19f186139334ad1b3f318
"""apex-core""",527,https://github.com/apache/apex-core/commit/d9ce53d3d59e1a00a4f9e959895ac3a11a56ca33,https://github.com/apache/apex-core/commit/dca51d99e6246f99d3150f7b74d2f8368285ddd0
"""apex-core""",525,https://github.com/apache/apex-core/commit/7bf7ad796a1bc66c299eb66638293e9dd3b9e24f,https://github.com/apache/apex-core/commit/899f4cb0a01d799c8a3f6905ee98429bbde2bc82
"""apex-core""",524,https://github.com/apache/apex-core/commit/a2e4f9e6d02fea734048d38b8edd8d02e8bbd44b,https://github.com/apache/apex-core/commit/0de7be9b36a7b8ee0edb823e8c8eb376d4fdb277
"""apex-core""",523,https://github.com/apache/apex-core/commit/02c7130d97d6c8765059122831f6b2384767b84c,https://github.com/apache/apex-core/commit/0824a4baf688c73dc6159ff6d76c80688d881946
"""apex-core""",522,https://github.com/apache/apex-core/commit/7b96ae01aafc0c2183cbf67a8a575fcae83798a0,https://github.com/apache/apex-core/commit/ef2b207b52b70aa4ca897673bfe0a3d52848bde3
"""apex-core""",521,,
"""apex-core""",520,https://github.com/apache/apex-core/commit/94c175718deac63914a83b4509b06a11fb306a74,https://github.com/apache/apex-core/commit/1c2d66adc3724ab5c7fd33ecfe95203c68c81578
"""apex-core""",519,,
"""apex-core""",518,https://github.com/apache/apex-core/commit/22b93dda15c297664f63b1396abb7918057dea15,https://github.com/apache/apex-core/commit/9856080ede62a4529d730bcb6724c757f5010990
"""apex-core""",517,https://github.com/apache/apex-core/commit/5e53b1876ea232ecebf3164f4b3c20e684818d99,https://github.com/apache/apex-core/commit/6cb3e3510060e23f1519d2f91a629d8df38e4431
"""apex-core""",516,https://github.com/apache/apex-core/commit/a6ac732001e9286f5b3b1d07d85c675da1ab1626,https://github.com/apache/apex-core/commit/8829286d12c755b9678498183b2ba052519a73c2
"""apex-core""",515,https://github.com/apache/apex-core/commit/72122e881a30e56d5e8173cc8c74bc00e08b0c46,https://github.com/apache/apex-core/commit/e927414743c1c9a03cbecf97416385345c54e551
"""apex-core""",514,https://github.com/apache/apex-core/commit/c8ad7479ec197fa8653248ddc974c8c5ca2bd590,https://github.com/apache/apex-core/commit/25e4c4c51b599e63d746ca207d7557c616162381
"""apex-core""",513,https://github.com/apache/apex-core/commit/6172859aa2e3d94d7ff2cb4d012aa6d86378cae4,https://github.com/apache/apex-core/commit/6f2b35de5578aaeca45c86b34ec950ca5835a447
"""apex-core""",512,https://github.com/apache/apex-core/commit/30d76a6f7db1b7359fd62fb396dad35fc9016811,https://github.com/apache/apex-core/commit/c52e17bac350f8abb31e894ff130198140bcda2d
"""apex-core""",511,https://github.com/apache/apex-core/commit/2505f79069d791ded41e2bceb6496bf00b8e9eb4,https://github.com/apache/apex-core/commit/e4af896cb8f37a05d87bdd92732614384f086544
"""apex-core""",510,https://github.com/apache/apex-core/commit/a53fee5cf4cba3e589172490705f396da4e48a89,https://github.com/apache/apex-core/commit/5fe931543e6dca91f614eaf0fad96bc2bf0cd8ff
"""apex-core""",509,https://github.com/apache/apex-core/commit/ed5633d0ef66a9322b903fed2705783ec27e404d,https://github.com/apache/apex-core/commit/e9b01c53f1243944000b912d893eb8ee1234345e
"""apex-core""",507,https://github.com/apache/apex-core/commit/798c07767f9f1abc872eb15b23d7872127124f1e,https://github.com/apache/apex-core/commit/d55a3c592afa1221ab88dd043e414895a00c6413
"""apex-core""",506,https://github.com/apache/apex-core/commit/2ca0fcf010162ae319fd403c6982f0bb079012ea,https://github.com/apache/apex-core/commit/077009e4cc80d1988bfcec50ceb8b4e27ec577bd
"""apex-core""",504,,
"""apex-core""",503,https://github.com/apache/apex-core/commit/e90bd646b486fcc419f0a226ee62099c004858cd,https://github.com/apache/apex-core/commit/d705ed433f3bc6750e4ff693196490d9e9b07061
"""apex-core""",502,https://github.com/apache/apex-core/commit/22eb76a50afc5bd12f7479168f91e8858b014992,https://github.com/apache/apex-core/commit/7420d69fef5226eb83fc293bf91a4d949558fba6
"""apex-core""",501,https://github.com/apache/apex-core/commit/4e4b4095a3e00c6c9d6cedac0f423a954a6e0dbf,https://github.com/apache/apex-core/commit/2ce4ae515ddfadddace260839b634cf122653a29
"""apex-core""",499,https://github.com/apache/apex-core/commit/eb2aa305b8f3df6ea5701ba5e918efeb2cda87d6,https://github.com/apache/apex-core/commit/412a3bd81fbfc973858f36172533c0d5ab83e39f
"""apex-core""",498,,
"""apex-core""",497,https://github.com/apache/apex-core/commit/ab36a36f83e68a38bd75c14a9b6dfe969bb971e4,https://github.com/apache/apex-core/commit/e4022674efb6a4db8fc2ec25d72920756b1ebd20
"""apex-core""",496,https://github.com/apache/apex-core/commit/90f55467b3786fdf8179cd9593ade9fc23f33c09,https://github.com/apache/apex-core/commit/926ecc89aa9083d1b8104f90d1e3bc31dd368bbd
"""apex-core""",493,https://github.com/apache/apex-core/commit/069e385188c3f2987ef1e13c1449b4012ed98bcc,https://github.com/apache/apex-core/commit/df8bc7e001041808a52a194375c3fcd1ae45f3b8
"""apex-core""",492,https://github.com/apache/apex-core/commit/d423933a7a368f0e7302bfc637847398e495e3c2,https://github.com/apache/apex-core/commit/9383613741d6614a613bcbf9a41f4648cf22c147
"""apex-core""",491,https://github.com/apache/apex-core/commit/a45d025ad4ed95c266c97b0f7b8acedbf1190d58,https://github.com/apache/apex-core/commit/31417ee07adc6995954c0200dee52986ec749723
"""apex-core""",489,https://github.com/apache/apex-core/commit/eaa7fa6340f518337ed8c6c3e51dd9f8eb327147,https://github.com/apache/apex-core/commit/491e2e332a223304209b7835a8ac762b112b7318
"""apex-core""",487,,
"""apex-core""",486,https://github.com/apache/apex-core/commit/5a4d79e214c97d44a8cc2ca0a56a884f730dd889,https://github.com/apache/apex-core/commit/16d1bf62d7a4c83aec1c3bdb9a8e5878fae42323
"""apex-core""",485,,
"""apex-core""",484,https://github.com/apache/apex-core/commit/54875f8c67d39bfb38347e0a9e707c3c6c34bfe0,https://github.com/apache/apex-core/commit/ca1a375f983be4876e85719c85c8e06dab129593
"""apex-core""",483,https://github.com/apache/apex-core/commit/ccdce5c7dfb2e41f2e130f9012e4d4073273a320,https://github.com/apache/apex-core/commit/9d6408ea4c6e26df489a5e5dd1ecfdb9afca6d42
"""apex-core""",482,https://github.com/apache/apex-core/commit/158fd1132bc960338135471226226164b6d54e3b,https://github.com/apache/apex-core/commit/d6f17f23a9c11e49a72dc87f76908c71ec235b11
"""apex-core""",480,https://github.com/apache/apex-core/commit/00ec490de477fd10ce3048f95f5b0fff25c51bc3,https://github.com/apache/apex-core/commit/41aea840d46f8dfa7ce23eeb8f640c5f1d346e03
"""apex-core""",479,https://github.com/apache/apex-core/commit/55bcd842eaccb0d4ef07b89e314f95444f21d7fc,https://github.com/apache/apex-core/commit/2ba6084440bdfc23d246cbb397ef46662d3a1688
"""apex-core""",477,https://github.com/apache/apex-core/commit/d983f4928d9b92d3cafb5830593dfb63428ad139,https://github.com/apache/apex-core/commit/1e3d47bef8b32d678b2a726fb2aaf6854f4650b9
"""apex-core""",476,https://github.com/apache/apex-core/commit/737c7e580ae6fbdd9c6eeeeb0779a7e0313bb714,https://github.com/apache/apex-core/commit/37308f39e767e16e6dab8cbb3b73f9491cb23c18
"""apex-core""",475,https://github.com/apache/apex-core/commit/6e2a16092f691fc26ab00580e5baf1cee8f51cc5,https://github.com/apache/apex-core/commit/5f95ee0e954fb505f4a0022fdf9ecdc0a80df6ca
"""apex-core""",474,https://github.com/apache/apex-core/commit/737f74b184a87c5c059a76d4a619c0a27b71ce9e,https://github.com/apache/apex-core/commit/de4c11fee820dbaec23c3217bf772af982e83baf
"""apex-core""",473,,
"""apex-core""",472,https://github.com/apache/apex-core/commit/687b2865fce126d8798c8599a27692c7c6f2b98b,https://github.com/apache/apex-core/commit/e233a26aa3ff08c564015ac700df4e3b15962226
"""apex-core""",471,https://github.com/apache/apex-core/commit/9aeb55414febab681e62dd5961a77f6eed31ef54,https://github.com/apache/apex-core/commit/075dd483af53e0eb16bd53df6108fcfd8df102e0
"""apex-core""",470,https://github.com/apache/apex-core/commit/154c4feee1d9a02e417a92882e0d3154a2198dae,https://github.com/apache/apex-core/commit/576047e413d01c4997509b1dfbdb1176fe89db17
"""apex-core""",469,https://github.com/apache/apex-core/commit/f81f319885f0fcf8fa375dff3e9ec0d86b12f6a1,https://github.com/apache/apex-core/commit/d18dae02811f1b02b5320fb4614f6636407dce8b
"""apex-core""",467,https://github.com/apache/apex-core/commit/098f5a4ba79cf07bf96e9de69cec58a2e8ea66a0,https://github.com/apache/apex-core/commit/6f1e051c41ea65784f206dffcd03e587d05af89d
"""apex-core""",466,https://github.com/apache/apex-core/commit/1f64ea06c0dd64bf28ffd7ecf85ffb8e22705821,https://github.com/apache/apex-core/commit/7106b766a1f6774c62b56290547958e76bdcfb9a
"""apex-core""",464,https://github.com/apache/apex-core/commit/45c56d927277d168cfe97ea4edbd293329715ad4,https://github.com/apache/apex-core/commit/408cd967a98506317e94821df5143a7800f0eb7d
"""apex-core""",463,,
"""apex-core""",461,https://github.com/apache/apex-core/commit/1f85e2186ff609f9bb3954bf7c18addaa266d03a,https://github.com/apache/apex-core/commit/283ebe232b3099b2339184b8a54dbcf6066680dc
"""apex-core""",460,https://github.com/apache/apex-core/commit/3621464fb9082fae5ce62da964614f3c77472816,https://github.com/apache/apex-core/commit/527c70bf8b4060d04d713f2b6e0ffb113a17ece6
"""apex-core""",459,,
"""apex-core""",458,https://github.com/apache/apex-core/commit/c19d3019c303fe10214cf73f31b0f9a4f95e1903,https://github.com/apache/apex-core/commit/f84c035c205526a7412a228661a9c7d45c5b7f15
"""apex-core""",456,https://github.com/apache/apex-core/commit/4edc583e196b7cd8d86e1ed9fcf56d6d16e0b897,https://github.com/apache/apex-core/commit/8d46cc6d1256d00ad14024dbf12c601835af14f6
"""apex-core""",454,https://github.com/apache/apex-core/commit/9c4125030136ecdbdf9e8f693ad5d6df91d1fcdc,https://github.com/apache/apex-core/commit/a8b60f68e5711a9d365d2cf749a13f84aef18b0a
"""apex-core""",451,https://github.com/apache/apex-core/commit/514d58d60a2459c18efd0b82766041669a282ef8,https://github.com/apache/apex-core/commit/25f1ac5c84a6bd86879e5f947d11edafe351b25a
"""apex-core""",450,,
"""apex-core""",449,,
"""apex-core""",448,https://github.com/apache/apex-core/commit/cb471994898abb483656853e86d6512e9e4c10e4,https://github.com/apache/apex-core/commit/c687bb5e69e1ab9f3510d68dd726a1de20430908
"""apex-core""",447,https://github.com/apache/apex-core/commit/409bc87dfe96a5da974e619e9c4de3e97ea087da,https://github.com/apache/apex-core/commit/abc836ca18d63a895d431dc5acf4d3a1018b235d
"""apex-core""",446,,
"""apex-core""",445,https://github.com/apache/apex-core/commit/38215c87f5a76da1db0a875dc0d89539af06edce,https://github.com/apache/apex-core/commit/f2d539d4d88e76c86ea23b803ac38c7a2584a18f
"""apex-core""",444,https://github.com/apache/apex-core/commit/ec0f137154d128800c47aaac6f02434a098419c0,https://github.com/apache/apex-core/commit/4eb8a5dd57d1401ca87340cdb754eecf23f799b4
"""apex-core""",442,https://github.com/apache/apex-core/commit/c214261b2ed10ebef81651a21b9d165255645973,https://github.com/apache/apex-core/commit/a469dfb229c0d42c07048d95d070703331e2c429
"""apex-core""",441,https://github.com/apache/apex-core/commit/658ab5303c0bfa4b5a8b63a4c8e52bd4e491e5f8,https://github.com/apache/apex-core/commit/f6f6d5f541bb88301a4b401392e848ee0d2bc3c9
"""apex-core""",440,https://github.com/apache/apex-core/commit/3877f52a20a635bfad1fc8ef594de3fc64be1c23,https://github.com/apache/apex-core/commit/1e47856712dc4fcae40856d27ce8ce2360037a12
"""apex-core""",439,,
"""apex-core""",438,https://github.com/apache/apex-core/commit/18d8d7fd9b0e1694cb52a7801d1fccb35323d463,https://github.com/apache/apex-core/commit/332810722671b4892a441d174bd19f07ab8efe5c
"""apex-core""",437,https://github.com/apache/apex-core/commit/3d27a31135cfd6097f5a09bc8bd176a17959a1e7,https://github.com/apache/apex-core/commit/893551b02a5ebe86abbb976dddd6f1d6d87aa2e3
"""apex-core""",436,https://github.com/apache/apex-core/commit/a362aaef13766170ee895f136b4b8a9ab89713cb,https://github.com/apache/apex-core/commit/ad4210ba7052feb5545e5f7d30095a404b7e61c3
"""apex-core""",434,,
"""apex-core""",433,https://github.com/apache/apex-core/commit/a437c1a15333deae02de8542aeaa2c7db41bed76,https://github.com/apache/apex-core/commit/72d640e341e9001043a537f830e6a43d40f1ea15
"""apex-core""",432,https://github.com/apache/apex-core/commit/4d2c10d0dcb24357f3248dd41d01e441b3f2f30e,https://github.com/apache/apex-core/commit/764ca7b285d5af4305b5c792cc1d9154da2f0c0d
"""apex-core""",431,,
"""apex-core""",429,https://github.com/apache/apex-core/commit/db26333547dcd17748b7dc0470c0e6fd89886171,https://github.com/apache/apex-core/commit/d514859a8d51464a8a849286444ea9863ea7077f
"""apex-core""",428,,
"""apex-core""",427,https://github.com/apache/apex-core/commit/702785bafc4089c1d930686b01de38be4c4f7d72,https://github.com/apache/apex-core/commit/5301fbf87b9a2c0950c2615964eb1a88a1a04e97
"""apex-core""",426,https://github.com/apache/apex-core/commit/849ce4187e36f58928216796c8ec354a16640703,https://github.com/apache/apex-core/commit/c68c7f636deca865dbc784d60cff5ec9946eae87
"""apex-core""",424,https://github.com/apache/apex-core/commit/0a4c12fe68e4c87a63d1ddb459c7602619ce03ec,https://github.com/apache/apex-core/commit/51076c6cb4e5abe333b207b5c5a821e683a8bfb0
"""apex-core""",423,,
"""apex-core""",422,https://github.com/apache/apex-core/commit/295617d62895aecba5924229f40a4ebe5abdb5d7,https://github.com/apache/apex-core/commit/8825f5fa3e22beaf360f111f37ec0c4dba24ad1c
"""apex-core""",420,,
"""apex-core""",419,,
"""apex-core""",418,,
"""apex-core""",417,https://github.com/apache/apex-core/commit/0024a67d3c3354986bdb14e8c522ef5541199817,https://github.com/apache/apex-core/commit/d07cf85b26272fbed494c5624623e0df9b14ec2f
"""apex-core""",416,https://github.com/apache/apex-core/commit/8c86ed40058a27a9e4b5eb2c622c608a18a12482,https://github.com/apache/apex-core/commit/3b660c9c1dd639c49ae300fd3f70397d3f794d12
"""apex-core""",415,https://github.com/apache/apex-core/commit/3c3550df3c543cba413002cfa94ca9b9fd2c7860,https://github.com/apache/apex-core/commit/5ee715ea5ec49130f6d9fae005404a332b420471
"""apex-core""",412,,
"""apex-core""",411,https://github.com/apache/apex-core/commit/fc3f9b3448152c4037eb0730b5f1b0e180942a17,https://github.com/apache/apex-core/commit/ce74fe78eb0dae5250bccbf1bb4ada755c3c2ebe
"""apex-core""",409,,
"""apex-core""",408,,
"""apex-core""",407,,
"""apex-core""",406,https://github.com/apache/apex-core/commit/e302a5518769c0fc0f62e4e4dcdbc0d1ac2d5cbb,https://github.com/apache/apex-core/commit/a9a90e0856ecd4d7a41fb63664aaeb0b5678d719
"""apex-core""",405,https://github.com/apache/apex-core/commit/e50f090b68c3c30634f068988769ce1cc0be3c2c,https://github.com/apache/apex-core/commit/fc3246e11afa426eefe1dcaf5b8aface079d7d10
"""apex-core""",404,https://github.com/apache/apex-core/commit/730b283f21e89b0840144a371f8586236e2fc4de,https://github.com/apache/apex-core/commit/59bdc81f895460d50933026efb8043a76419795d
"""apex-core""",403,https://github.com/apache/apex-core/commit/33cf999412e833983993a44a991ad290aae1e58c,https://github.com/apache/apex-core/commit/e1ada7e2cf43a6b50b476ff03537d4eaa7879e50
"""apex-core""",402,https://github.com/apache/apex-core/commit/9962f02373149faf1e150fd5ffb7e3653eeddabc,https://github.com/apache/apex-core/commit/eaf04193168ecc43f53958d750ff8f69f6b2c75a
"""apex-core""",401,https://github.com/apache/apex-core/commit/5c3579a933060e520184af462f4f6614c2892f38,https://github.com/apache/apex-core/commit/a54e0b7f84a4c5fe8e0f6fa3a6f6c3fe7b13b5b3
"""apex-core""",400,https://github.com/apache/apex-core/commit/4983b355d1c4cf5eb76b2b7b23921057e236c379,https://github.com/apache/apex-core/commit/0bdf771f8c7d94df523ec381c4a92f5517e83dc9
"""apex-core""",399,https://github.com/apache/apex-core/commit/a496809180826b54d6af954837df182807c659c9,https://github.com/apache/apex-core/commit/0727ec58039d9348b57c845be0ef40798a589bec
"""apex-core""",398,,
"""apex-core""",397,,
"""apex-core""",396,https://github.com/apache/apex-core/commit/e0ee2d105ad4091eee2e14cf4c519bdb732734d8,https://github.com/apache/apex-core/commit/50db668f88abffae069269bfd5fe2ae5e02fc8b0
"""apex-core""",395,https://github.com/apache/apex-core/commit/4821c1969064bf3d2dc8c059dac13614effb4a5b,https://github.com/apache/apex-core/commit/b102f59aa03cad50b4655618c1e9bcb6bb2f41c9
"""apex-core""",394,,
"""apex-core""",392,,
"""apex-core""",391,https://github.com/apache/apex-core/commit/8c40ec0557e738a7ba65efd2f01e5c7f34d314a7,https://github.com/apache/apex-core/commit/b782835cce69c77449c689a5af87727d06edfaae
"""apex-core""",390,https://github.com/apache/apex-core/commit/86ced11fab12096d3dbd2037ebbf10904af79b31,https://github.com/apache/apex-core/commit/481e5298307d6e2923bf89af30d177699ed6c147
"""apex-core""",389,,
"""apex-core""",388,https://github.com/apache/apex-core/commit/b396051c7d377a6c60b518bfbf99abefe68fe8f4,https://github.com/apache/apex-core/commit/1388bca782f88216c3888b7d6c260b89006fdcea
"""apex-core""",386,,
"""apex-core""",385,https://github.com/apache/apex-core/commit/9a9a34e825c2204ffd5edae9fd8641892dfe2a3f,https://github.com/apache/apex-core/commit/2e54dd0813ebd8f926fede49aef3ae664c645afd
"""apex-core""",383,https://github.com/apache/apex-core/commit/4cfe4b2f32295eafd8f93f42f1e7ed9d55ccabdb,https://github.com/apache/apex-core/commit/bfc1eb87436a324c1fdee130cb5c66c839fc76a2
"""apex-core""",382,https://github.com/apache/apex-core/commit/c70b24a4a5646c0502a98fcdd4c2cec52bff0cf6,https://github.com/apache/apex-core/commit/70ceae3db50f9183862748bf9c81cbe17d588ffa
"""apex-core""",381,,
"""apex-core""",380,https://github.com/apache/apex-core/commit/d9138a8e648e6d1764a0ff03b4ed965020a098f1,https://github.com/apache/apex-core/commit/eacb7a4cf4231cb7a4225c6a2b2f10d61c0a9863
"""apex-core""",379,https://github.com/apache/apex-core/commit/7807e446d54b981edb6350d5bfc8fd0756ddb565,https://github.com/apache/apex-core/commit/5f06c7febec2412281f456d1f32c863a084a572e
"""apex-core""",377,https://github.com/apache/apex-core/commit/61042edfd734ec7107aa09f4868a1ab8957077ae,https://github.com/apache/apex-core/commit/a53a5839cce5b40945bfe8e21062655c78c1fb05
"""apex-core""",376,,
"""apex-core""",375,https://github.com/apache/apex-core/commit/36d84109476181eb5f1ab7326d253d278084a36f,https://github.com/apache/apex-core/commit/9c48c41e989b917a9e6c59e3fb284432cd1664d3
"""apex-core""",374,https://github.com/apache/apex-core/commit/ecb9322accbfda5c9f7b7c7f3f4ba5830615e339,https://github.com/apache/apex-core/commit/dd5e95a090214bdcff3232cbdcad3dc59c24eff9
"""apex-core""",373,https://github.com/apache/apex-core/commit/cf5db3367f5e31a55e86b77d68a2e0528dbe5fee,https://github.com/apache/apex-core/commit/65a721fb7356e319a745858d0d48acaa5f535701
"""apex-core""",372,https://github.com/apache/apex-core/commit/404e4fddb510dc9e4c667b0152d8397f9c06c394,https://github.com/apache/apex-core/commit/9e3940fdc1e6a75f9a092c531bffaa2ee9c562f2
"""apex-core""",371,https://github.com/apache/apex-core/commit/8c1cd987da1fe59eeae4bc3503846bddf589648d,https://github.com/apache/apex-core/commit/d651edc608a14a6f0718b3022e4ad43bca21571e
"""apex-core""",370,,
"""apex-core""",368,,
"""apex-core""",367,https://github.com/apache/apex-core/commit/ead2b0e5b9f05cfa704725831056011060ce1f5a,https://github.com/apache/apex-core/commit/eea5c9c6aaa8f0c12a36b1e2287dfe9b4a8a206e
"""apex-core""",365,https://github.com/apache/apex-core/commit/ec377c6435206ddefa3825a9ff4fc6e64c38c653,https://github.com/apache/apex-core/commit/8ae80fee1400c37fa3ad0dd891a4ddb24eb74d21
"""apex-core""",363,https://github.com/apache/apex-core/commit/7c442bd989dfcdaad8768bc183e3d4257889cb75,https://github.com/apache/apex-core/commit/ba6ffc2e41ddb036d65f8b2fe65412dce9e97fa1
"""apex-core""",360,https://github.com/apache/apex-core/commit/3002500cc4a3518ce97b2693c2203d5e4161fb86,https://github.com/apache/apex-core/commit/a42c67bc213d7b58c6924426cb07d71fe701ce1b
"""apex-core""",357,https://github.com/apache/apex-core/commit/10619d63b2d3793e007a6e02149935f05b90ef28,https://github.com/apache/apex-core/commit/4f3ab00ac6738b5ec491dd1a6ec7ce6a201cd203
"""apex-core""",356,,
"""apex-core""",355,,
"""apex-core""",354,,
"""apex-core""",353,,
"""apex-core""",352,,
"""apex-core""",351,https://github.com/apache/apex-core/commit/2bfdef7bd423d36ffb0294546ca35fb628cb66da,https://github.com/apache/apex-core/commit/7ad1d75db581641916d3c7f68fb9dcd145d8cc66
"""apex-core""",350,https://github.com/apache/apex-core/commit/36e3d333d0c4f22d07701cefacaacae0ab81a0eb,https://github.com/apache/apex-core/commit/d32ea3c04498ed473364140ce444b6fe6e732149
"""apex-core""",349,https://github.com/apache/apex-core/commit/b722563193e10f6c47e5b434be790f068a141d22,https://github.com/apache/apex-core/commit/558942aa584aad9d9de72fbae466e8a2039e79c2
"""apex-core""",345,,
"""apex-core""",343,,
"""apex-core""",342,https://github.com/apache/apex-core/commit/2645a0d1726249220023ba3bdc8cc9348276a691,https://github.com/apache/apex-core/commit/19733c05761b9cc5af3985bb7810ad6d1033ce22
"""apex-core""",339,https://github.com/apache/apex-core/commit/ea5da1721d5a64aacabe000de38b395a6532f770,https://github.com/apache/apex-core/commit/205ac46d7b3b50516bbf971974bef8f7004f881a
"""apex-core""",338,https://github.com/apache/apex-core/commit/8b64ea66745451142f2a83d5da8c679450050327,https://github.com/apache/apex-core/commit/ae46b47cdfcd839cce69f01681af56764e16b2ca
"""apex-core""",337,,
"""apex-core""",335,,
"""apex-core""",334,https://github.com/apache/apex-core/commit/582c51a2cfe96304631c7000a2338cfcea2b68f4,https://github.com/apache/apex-core/commit/d0c4604af8b119df2d11467bc9af43989f812b16
"""apex-core""",333,https://github.com/apache/apex-core/commit/a563b7929585b8a95ab601dbb4f3690d257b64a5,https://github.com/apache/apex-core/commit/1ad7c2ecc06221a3e3e06deb841cbcc925cf02a3
"""apex-core""",332,https://github.com/apache/apex-core/commit/76ba312ca937d1a74653e3694dca2c136b26b324,https://github.com/apache/apex-core/commit/87907df81367c3cdd2688baf55890ff24a4b8f57
"""apex-core""",331,,
"""apex-core""",330,,
"""apex-core""",329,https://github.com/apache/apex-core/commit/1ced2ae371b8c32cac261440b08a47ec08dadba5,https://github.com/apache/apex-core/commit/41e3975f62da287084df81c1a2c5302c3f9b2bfc
"""apex-core""",328,,
"""apex-core""",327,,
"""apex-core""",326,https://github.com/apache/apex-core/commit/8a81a10d4b9d36c543ca5219f6c84d8409f11f9a,https://github.com/apache/apex-core/commit/41666de8e95a3a580578f08b3e7ed68ddcde0a7b
"""apex-core""",325,https://github.com/apache/apex-core/commit/d9dcef4ed9c718845c311127211f6d8a1a74ba21,https://github.com/apache/apex-core/commit/dac56acd25f85d61c8cdea2092292ae4aa6bdb1a
"""apex-core""",324,,
"""apex-core""",323,https://github.com/apache/apex-core/commit/663f2925fbe412f94ad591848698da76522898f0,https://github.com/apache/apex-core/commit/a703921e81507094e8782497e193ff16c752e9ca
"""apex-core""",322,https://github.com/apache/apex-core/commit/ae3753402c110c61e268ff9956924ceca1e9e424,https://github.com/apache/apex-core/commit/923dfe7f41968386d4c28f32b7790564c205168d
"""apex-core""",321,https://github.com/apache/apex-core/commit/c8ad9ca758259b004f53f433b602700bf83dd2ca,https://github.com/apache/apex-core/commit/ac7d673ad89e1fda27fcf418022dbd74430326c2
"""apex-core""",320,https://github.com/apache/apex-core/commit/a612e70c34546091f55256d7470f73df61906416,https://github.com/apache/apex-core/commit/79c5c8c84bb683a667111565f4f420708aa78f12
"""apex-core""",319,https://github.com/apache/apex-core/commit/a21bb59a2a618cacd2bce7db07be66fb6c019d69,https://github.com/apache/apex-core/commit/f2fa255e1def44472721ed61aea536d8224a0abd
"""apex-core""",318,,
"""apex-core""",317,https://github.com/apache/apex-core/commit/31f0abe31cdb207933c8696da9692d7bb7515131,https://github.com/apache/apex-core/commit/b4bc94d098c8787cf1a1240e1e97b776ca778410
"""apex-core""",316,https://github.com/apache/apex-core/commit/193bec07af30826313fa40caba8776f4993785f8,https://github.com/apache/apex-core/commit/ddb7471edd37ef228432c7d80e1e118368e68450
"""apex-core""",313,https://github.com/apache/apex-core/commit/d898dde0c9a5d9eeb3ac88cc3d612d22bfe7c49b,https://github.com/apache/apex-core/commit/d4f3a506aa200c91a0dc6698645415d54dd67562
"""apex-core""",312,https://github.com/apache/apex-core/commit/a56964d0bf519784b42d05ce14d704130e41156d,https://github.com/apache/apex-core/commit/369e8f434ed18e7f1570caaf1e9b0ef0a7dcebcc
"""apex-core""",311,https://github.com/apache/apex-core/commit/cb6f3f968b45cb820737759dc01c04fffdadc36b,https://github.com/apache/apex-core/commit/f71bb0edfd5e10fdf55343a151e0a41e2c4cba7a
"""apex-core""",310,https://github.com/apache/apex-core/commit/9a385de8d91f037ad0b6dd2419450101fa1b7387,https://github.com/apache/apex-core/commit/95bca45ada1816243320d7c89e17b1701bf0a048
"""apex-core""",309,https://github.com/apache/apex-core/commit/f883ff4d230a85ddfe549d5fe7a33fc19060b9f1,https://github.com/apache/apex-core/commit/170eb470696ac35a437b0c978eea521782440a4f
"""apex-core""",307,https://github.com/apache/apex-core/commit/b895645302b115fe0039a98bf5870aca0c2dc2f2,https://github.com/apache/apex-core/commit/b52f5b1813b5ee2257d5d9ed634e7cfdcba873ef
"""apex-core""",305,,
"""apex-core""",303,https://github.com/apache/apex-core/commit/c763defebe89a2c50205a7496abb6634b4c16ece,https://github.com/apache/apex-core/commit/0b124a5f8e14075d2aef702ded788b5eed5e4b44
"""apex-core""",302,https://github.com/apache/apex-core/commit/20a2858c9fee28ff3407afbb16f1ac687fed3b41,https://github.com/apache/apex-core/commit/d027118cdecdf8b2255dc0a623ccebba2c09af2c
"""apex-core""",301,https://github.com/apache/apex-core/commit/8168b617a6bc2c232bf4063a8f212231646d7953,https://github.com/apache/apex-core/commit/676ab4101f091bea0cdffde125e64ddcaf7d991f
"""apex-core""",300,,
"""apex-core""",299,https://github.com/apache/apex-core/commit/f56886c350e2cd88cff7131cd472998a25a9c01a,https://github.com/apache/apex-core/commit/85db448ef11ca3573f721e1f1235d967e0e9da66
"""apex-core""",298,,
"""apex-core""",297,,
"""apex-core""",296,https://github.com/apache/apex-core/commit/753983979e0d625b9452185190427b1e669d2572,https://github.com/apache/apex-core/commit/f1229d47f39a14dff32742add5ad85ee8872c6b5
"""apex-core""",294,https://github.com/apache/apex-core/commit/77f1458a3d1a9299897f1bd2ae01dce15b0a7985,https://github.com/apache/apex-core/commit/2af925cd090cffcf7c7ce44028f8a3a9e9009a94
"""apex-core""",293,,
"""apex-core""",292,https://github.com/apache/apex-core/commit/a662f0e823b25c8aa0ed4698b86c87f82d5da681,https://github.com/apache/apex-core/commit/f8b4d499c61de2d4acd7710e63f52d11020eda2c
"""apex-core""",291,,
"""apex-core""",290,https://github.com/apache/apex-core/commit/ff9db42c26375128af4712d48ef1dd09e21b4deb,https://github.com/apache/apex-core/commit/1853fbc7c27644ad769b3744565a03cc130f52d2
"""apex-core""",289,,
"""apex-core""",288,https://github.com/apache/apex-core/commit/0ede5dbda7b494b6773415fb7e0437f046d8202a,https://github.com/apache/apex-core/commit/48e179dd7ed9c814c0ed36cac0ee2e40bba5a092
"""apex-core""",287,,
"""apex-core""",286,https://github.com/apache/apex-core/commit/a0e17c2f6fe693b2986ac38f4d283b4eaab81927,https://github.com/apache/apex-core/commit/0be8665bfbb24388199cf99fd72d03250a2b0cc0
"""apex-core""",284,https://github.com/apache/apex-core/commit/f2770b22bf631a39328e003eb8af07252ee665fa,https://github.com/apache/apex-core/commit/53aa51ec9755e536a805067dabc01d8c24f23425
"""apex-core""",283,,
"""apex-core""",282,,
"""apex-core""",281,https://github.com/apache/apex-core/commit/f4510f1ceb2e0cceaf769f60bbcb1bd64f94d360,https://github.com/apache/apex-core/commit/2047a8a8b02ed685976e282981cfb2ac84048fbd
"""apex-core""",280,https://github.com/apache/apex-core/commit/1c358b8d7c3fcb0a8fcde382ed312c217ede565d,https://github.com/apache/apex-core/commit/77877e528473b5954e9b2666d8411f0f78ac5d9b
"""apex-core""",279,,
"""apex-core""",278,,
"""apex-core""",277,https://github.com/apache/apex-core/commit/9f476d510347a2ec90cbfac864b7903470e62e73,https://github.com/apache/apex-core/commit/58e3a31d0d48ff19e44e5f545ef4842ac4c05f37
"""apex-core""",276,,
"""apex-core""",275,,
"""apex-core""",274,https://github.com/apache/apex-core/commit/3976f34645ffbd1c05b0f60ef4ae2f12056e4ced,https://github.com/apache/apex-core/commit/0f1e2bb038fbf66955990e9ff8772bef4ac2d874
"""apex-core""",273,,
"""apex-core""",272,,
"""apex-core""",271,,
"""apex-core""",270,,
"""apex-core""",269,,
"""apex-core""",268,,
"""apex-core""",267,,
"""apex-core""",266,https://github.com/apache/apex-core/commit/e2fcf46520a49d18c5b696a83b119c6c194c975b,https://github.com/apache/apex-core/commit/18fc36e33b354e9e7a02f6a60c1b158bdf0c9e49
"""apex-core""",265,https://github.com/apache/apex-core/commit/9d3d54189d78ed0465d7ea4d9c6f8ae58b14423c,https://github.com/apache/apex-core/commit/f065448968ddd65d6666577b6b5e254e2c4d395d
"""apex-core""",264,,
"""apex-core""",263,,
"""apex-core""",262,,
"""apex-core""",261,https://github.com/apache/apex-core/commit/34714515446eca2366cdceb3b8919f598c741e98,https://github.com/apache/apex-core/commit/c96ed4d6bddc692d29574502c78cb538857edd5d
"""apex-core""",260,https://github.com/apache/apex-core/commit/e6c8deb7eb5cda0279d0ee44536cca957e0bee6a,https://github.com/apache/apex-core/commit/01a1f150f9e464828fb7b80157c1ba3ce531f9b3
"""apex-core""",259,,
"""apex-core""",258,https://github.com/apache/apex-core/commit/e647882b859a51cf9622bbb83c700f10116d4211,https://github.com/apache/apex-core/commit/f863aaf19e972b2a0f02e4d1d9b09399ac66811f
"""apex-core""",257,https://github.com/apache/apex-core/commit/c6c89ae442a8d541898269e90ccde9c469990a3e,https://github.com/apache/apex-core/commit/c1e392385af864876738e0fb6dabc436c171e0e3
"""apex-core""",256,,
"""apex-core""",255,,
"""apex-core""",254,https://github.com/apache/apex-core/commit/1f3d388872bc80aa387f8e80dab0117a14493311,https://github.com/apache/apex-core/commit/66e86d7dc594c3b4480cdf80feac80cdba5c08d5
"""apex-core""",253,,
"""apex-core""",252,,
"""apex-core""",251,,
"""apex-core""",250,https://github.com/apache/apex-core/commit/9cdb95d97ae7c59032a5c0f41d7cb75f506787ed,https://github.com/apache/apex-core/commit/7167aac48f638e527050b2a6cfd74aa192da0783
"""apex-core""",249,,
"""apex-core""",248,,
"""apex-core""",247,,
"""apex-core""",246,,
"""apex-core""",242,https://github.com/apache/apex-core/commit/09fa27d272d8caa59344dd0a5bfc0946c50e5087,https://github.com/apache/apex-core/commit/0670eb3e0be01097123263406692238e974f142a
"""apex-core""",241,https://github.com/apache/apex-core/commit/9c664a7f82cb2428ae2196f0eeef44eb1e6b68ac,https://github.com/apache/apex-core/commit/ee857e5c6843e1cfb290e7d0dea95c32edd3cfff
"""apex-core""",240,,
"""apex-core""",239,,
"""apex-core""",238,,
"""apex-core""",237,,
"""apex-core""",236,,
"""apex-core""",235,,
"""apex-core""",232,https://github.com/apache/apex-core/commit/b62d3693382717ebdb5298fd2931708ae3837de1,https://github.com/apache/apex-core/commit/1a372857765bfcae137b1d212f0ae73b8fa51897
"""apex-core""",231,https://github.com/apache/apex-core/commit/5a27267e9e63e4c1a1504d7de0fe5e4903c6d4bf,https://github.com/apache/apex-core/commit/d99314da1be66e47b49595027052375e9888838a
"""apex-core""",230,https://github.com/apache/apex-core/commit/d1f67b4bb315a1b8e62b35fd46b6e26da36f56af,https://github.com/apache/apex-core/commit/6e6d6b1a23d053a622184c28759ac83503c14d7d
"""apex-core""",229,,
"""apex-core""",227,,
"""apex-core""",226,https://github.com/apache/apex-core/commit/c115a67f2580af9f7a24c29234af35e7dd2854d2,https://github.com/apache/apex-core/commit/39092384011649caf68e3e7ef04bdcc7b4698738
"""apex-core""",225,,
"""apex-core""",224,,
"""apex-core""",223,,
"""apex-core""",222,,
"""apex-core""",221,https://github.com/apache/apex-core/commit/5c5070703a14308885db504d6fc1bfe172281c78,https://github.com/apache/apex-core/commit/43711f34790475323aef4b3ea4fd4374bc9a414c
"""apex-core""",219,,
"""apex-core""",218,,
"""apex-core""",217,https://github.com/apache/apex-core/commit/9c2dbf643ece6724671a10b3fbd4fd34261884d8,https://github.com/apache/apex-core/commit/4caa19e5ea61e56d70fdc4ecdc2b54404b3ac35c
"""apex-core""",214,,
"""apex-core""",213,,
"""apex-core""",212,https://github.com/apache/apex-core/commit/c828c04bad5acf89ba1369ce826aa8332c1a2bfc,https://github.com/apache/apex-core/commit/5371bc7b7cf33e5d5c96775e241af002fc22d5ed
"""apex-core""",211,,
"""apex-core""",210,,
"""apex-core""",209,https://github.com/apache/apex-core/commit/75868238a54e2dd34642ef0a7f5744fb676a28fd,https://github.com/apache/apex-core/commit/d58de0c803131109f970885d69a9f6c97546d5c6
"""apex-core""",205,,
"""apex-core""",203,https://github.com/apache/apex-core/commit/662b600be253d3f394baeb6b58b05d0950c7358b,https://github.com/apache/apex-core/commit/d82d76698873facf58567ef42b84cad75ef8e810
"""apex-core""",201,,
"""apex-core""",200,,
"""apex-core""",199,https://github.com/apache/apex-core/commit/08253bc6f545c57a6a836d85f8b71de892f6eec7,https://github.com/apache/apex-core/commit/778436f76a21f655d844c18b7a2956115c3853a9
"""apex-core""",198,https://github.com/apache/apex-core/commit/c03dbf7b724af04f652b56955a0824e5adcc6fbb,https://github.com/apache/apex-core/commit/9da2e852f559d4c916d0d25a2c168810d2951eb0
"""apex-core""",197,,
"""apex-core""",196,,
"""apex-core""",195,,
"""apex-core""",193,https://github.com/apache/apex-core/commit/30d8a8fa3cac0bbf31cda42776321844b5f8037a,https://github.com/apache/apex-core/commit/845796abc5f5d1f92f43b40e105f1b18cb2d8632
"""apex-core""",192,https://github.com/apache/apex-core/commit/ee183212aa0bacc32253520a2a13e8a19c840363,https://github.com/apache/apex-core/commit/07bc9690e2517be4dd7ba04c3a30c55202f4f1f0
"""apex-core""",191,https://github.com/apache/apex-core/commit/0dfe868bd39fdbb36a24c83d6cbda8a201974f77,https://github.com/apache/apex-core/commit/be075b81d5f5a7b4d5b556cfa3c5f28f349333f5
"""apex-core""",190,https://github.com/apache/apex-core/commit/2dec0fa75c28dc8c12ef565531ed3503f38875f6,https://github.com/apache/apex-core/commit/ecb96bad0aa2e5c959d7626ebdd93e0fb265c424
"""apex-core""",189,https://github.com/apache/apex-core/commit/96d8f3f2819e8c48d3b49c6b10d3c17af449e14f,https://github.com/apache/apex-core/commit/47b3ce8e4019f325c2e91968cb120763f18bb174
"""apex-core""",188,,
"""apex-core""",187,https://github.com/apache/apex-core/commit/309f82ae2b43747aab801fe580fc61fbc742415f,https://github.com/apache/apex-core/commit/d5e82468cfd27cdfd09135f8e6956147ac5d9dc3
"""apex-core""",184,https://github.com/apache/apex-core/commit/1820dc3c84a8500be895e7a84363b6f05be85bf2,https://github.com/apache/apex-core/commit/02c43eea28d27fd71fe3f551dfaceb0c3c931db8
"""apex-core""",183,,
"""apex-core""",182,,
"""apex-core""",181,https://github.com/apache/apex-core/commit/7eab9aecd5b9f93fdc48fb446293e3fc6bf35a87,https://github.com/apache/apex-core/commit/2c4254f95eb40aa18b3daa09c382e2158909b2e3
"""apex-core""",179,https://github.com/apache/apex-core/commit/6a181af9d88c1a73c58aaa8fd32865d0b4584eef,https://github.com/apache/apex-core/commit/320357876653dc2b89529320809c033ec16698e7
"""apex-core""",178,,
"""apex-core""",177,,
"""apex-core""",176,,
"""apex-core""",175,https://github.com/apache/apex-core/commit/8223b6aa75e0a2cc39c074ca8cbde5ba55ba1570,https://github.com/apache/apex-core/commit/799df6c0aba94c20bef0eb2d975d3f5649b02f54
"""apex-core""",174,https://github.com/apache/apex-core/commit/6aac610c86e3d786d7a5afda943bf5a551a7072c,https://github.com/apache/apex-core/commit/bf8d3edaa9a2d5b5d71af4357f9316117b7545dd
"""apex-core""",172,https://github.com/apache/apex-core/commit/f6efc807d22b35f5571702535dd9bd82182e6327,https://github.com/apache/apex-core/commit/93d715a5c3ad7e7666637dc20e80ae9b36e01e95
"""apex-core""",169,,
"""apex-core""",167,https://github.com/apache/apex-core/commit/0017b91d8b1d5df6d3da5e0d02768a6318302c89,https://github.com/apache/apex-core/commit/a4207c5685822a22020d253c0a00231bd83af2c0
"""apex-core""",166,https://github.com/apache/apex-core/commit/7dd40f4d92a954e4d46db46e840d925ec5d83194,https://github.com/apache/apex-core/commit/61fd64df294e215e91455eada2e3aa2c81a0528e
"""apex-core""",165,,
"""apex-core""",164,,
"""apex-core""",161,,
"""apex-core""",159,https://github.com/apache/apex-core/commit/fad269f1a94b473939d2d63d1fe43d1835d2b215,https://github.com/apache/apex-core/commit/82fd8c36db74981e8a57f3c362a8912466755706
"""apex-core""",158,https://github.com/apache/apex-core/commit/e79b1b1f05ece83c543f07409c210dddce6e8c4c,https://github.com/apache/apex-core/commit/0631c9b98fc266d1f43ebfb21e378c3676a2af84
"""apex-core""",157,https://github.com/apache/apex-core/commit/cf00b504603979425935764bf7222cb424917f1a,https://github.com/apache/apex-core/commit/29a4e223e1944576836a4419cbd79e7e24c64cab
"""apex-core""",156,,
"""apex-core""",154,https://github.com/apache/apex-core/commit/933512b5707510e242daeaf01468b4b0617f17f5,https://github.com/apache/apex-core/commit/712138ac4fc31a794e54db48f8c4c5b778d8fae5
"""apex-core""",152,,
"""apex-core""",151,,
"""apex-core""",150,,
"""apex-core""",149,,
"""apex-core""",148,https://github.com/apache/apex-core/commit/eaa99876a639ffc1151c71f282b04323ce339f60,https://github.com/apache/apex-core/commit/52187aa2d3ba44b6102860c155783b51a0805e14
"""apex-core""",146,,
"""apex-core""",145,,
"""apex-core""",144,,
"""apex-core""",143,https://github.com/apache/apex-core/commit/77f53de84c6b3ecf280fbc0a659f80af5fb3ad58,https://github.com/apache/apex-core/commit/18d437315689aeea32c391a9670f7fc17554fed2
"""apex-core""",142,https://github.com/apache/apex-core/commit/207c3f95da0edbdb6f222752d84bcdffb985cf1f,https://github.com/apache/apex-core/commit/30f93e5863777c2589bbf250c95c9075715ffbf6
"""apex-core""",141,,
"""apex-core""",140,,
"""apex-core""",139,https://github.com/apache/apex-core/commit/5ea8ecb3ac9b566bdecf8f342335014ebaad3146,https://github.com/apache/apex-core/commit/eb7d721f66b5a22840678c55602eeb82e03a2aba
"""apex-core""",138,,
"""apex-core""",137,,
"""apex-core""",135,https://github.com/apache/apex-core/commit/3d9d1699ece64ee57e65b020659f0a71b584514c,https://github.com/apache/apex-core/commit/7f1f81fd5326cd4ac776c33cb18c16d5cf41d90f
"""apex-core""",134,,
"""apex-core""",133,https://github.com/apache/apex-core/commit/7800ddf4097ee31725c6421e35863757ba920883,https://github.com/apache/apex-core/commit/eb8cc746937bf4562450cfea0f5195150592dd01
"""apex-core""",132,https://github.com/apache/apex-core/commit/94839bd33f233875886c47d1145c102e9f29a7f6,https://github.com/apache/apex-core/commit/b47ab81b0412dd358e1d10513fc96639db3ec29c
"""apex-core""",131,https://github.com/apache/apex-core/commit/c1b767d98afb2446ca2bc6a1ad0b201ad1a2fa7a,https://github.com/apache/apex-core/commit/ce44d2371501a8533d498a5e93de6def2a6cd142
"""apex-core""",130,,
"""apex-core""",128,,
"""apex-core""",127,https://github.com/apache/apex-core/commit/644b5a302545c053e6cda1dd4ca0e58fef20da71,https://github.com/apache/apex-core/commit/42927bc5c00d8c1a2f75f046434a2fc69594da2e
"""apex-core""",126,https://github.com/apache/apex-core/commit/a5bf5c6e079c43921ebe30ab935b798ba8325bb2,https://github.com/apache/apex-core/commit/2c5ccb0166addee37cedaa495de29824e0f499a0
"""apex-core""",125,https://github.com/apache/apex-core/commit/761b0242453496d1b7f3c3355447e5f3d1028299,https://github.com/apache/apex-core/commit/eb0a95fed5243495bdbecf6ea159467d92d698aa
"""apex-core""",124,https://github.com/apache/apex-core/commit/eeb964d3b66b468f783a4cebace1130c24e37a34,https://github.com/apache/apex-core/commit/4c6d3f5b34a163c74c8ff80763a57a62a7a297c2
"""apex-core""",123,,
"""apex-core""",122,,
"""apex-core""",121,https://github.com/apache/apex-core/commit/0bd544980efed6f6ff7116c1ad02fad96c4dceac,https://github.com/apache/apex-core/commit/5b6e4281865dd64baf8b12f87fd6b4225dcd0216
"""apex-core""",120,https://github.com/apache/apex-core/commit/2c994eeff51ea529cdfbedeab22024e5b92b5097,https://github.com/apache/apex-core/commit/b1e7ea48311e375f4487a7276d982e120fa6a5ab
"""apex-core""",119,,
"""apex-core""",118,,
"""apex-core""",116,https://github.com/apache/apex-core/commit/3e06cf9800fe9110a4428581961aa5e56f54a5ef,https://github.com/apache/apex-core/commit/7d0a6442e4c343dcc161d4ea84f9b205956ca9e5
"""apex-core""",115,,
"""apex-core""",114,,
"""apex-core""",113,https://github.com/apache/apex-core/commit/a1fe0641aac91586780d2845d0c296ed0adb19d8,https://github.com/apache/apex-core/commit/fb33c23e141c422c85eefc06e680e9ecbf459936
"""apex-core""",112,,
"""apex-core""",111,https://github.com/apache/apex-core/commit/ca17390deb19826e4f4ea96d71701b611ee637be,https://github.com/apache/apex-core/commit/51ce8f95d784a07d183cc54f32033c5115f72023
"""apex-core""",109,,
"""apex-core""",108,,
"""apex-core""",107,https://github.com/apache/apex-core/commit/25365146a26457ad7bdfc1a33b3ff5262ec3b6cc,https://github.com/apache/apex-core/commit/3d0dd624a1b83b819fa64ab1f9fc3da6402db7fb
"""apex-core""",106,https://github.com/apache/apex-core/commit/ab6a22c364f2dae373cfed2f775cdf26778ff50e,https://github.com/apache/apex-core/commit/14df1c6d6bc222759655fde4a125e181cdc43630
"""apex-core""",105,,
"""apex-core""",104,https://github.com/apache/apex-core/commit/f2b400e2d078f7e724bf75800b48fbc864aa5a2c,https://github.com/apache/apex-core/commit/5086212928f341581ca94cf415ae6ebd42a4bc31
"""apex-core""",103,https://github.com/apache/apex-core/commit/c5d559b4494247feedd7acccd498ab53d5eac148,https://github.com/apache/apex-core/commit/12af6140fe89c688b9add8dfe07f27fcd4c8ffa3
"""apex-core""",102,https://github.com/apache/apex-core/commit/e3ba14f3366a8278031b2a7d96a869efc4e9dfec,https://github.com/apache/apex-core/commit/15ff42d8d0d7d99e47e34aab6633756f046d270c
"""apex-core""",101,,
"""apex-core""",100,,
"""apex-core""",99,,
"""apex-core""",96,,
"""apex-core""",95,https://github.com/apache/apex-core/commit/900a9a961f29dc329f7750a1d07d3d1458540eab,https://github.com/apache/apex-core/commit/dec20032b42d424b14b683ef7816f8c0f49bfa8f
"""apex-core""",94,,
"""apex-core""",93,,
"""apex-core""",92,https://github.com/apache/apex-core/commit/15ff9dd0d419edd030f57e58789b6d810d316761,https://github.com/apache/apex-core/commit/7957570e02edfd4221bfcc015922b5c660518158
"""apex-core""",91,,
"""apex-core""",90,,
"""apex-core""",89,,
"""apex-core""",87,,
"""apex-core""",86,,
"""apex-core""",83,https://github.com/apache/apex-core/commit/af89e33dcde4c2785ef563b98889cfaec4e15306,https://github.com/apache/apex-core/commit/45e891c7cd7f83a34a4eefc0de10306ba139d2da
"""apex-core""",82,https://github.com/apache/apex-core/commit/a6a814d3a63278392b605e33108b76c7df8c6aac,https://github.com/apache/apex-core/commit/77aa6a2e339cf0ff16956b062040634e98ba38fe
"""apex-core""",80,,
"""apex-core""",78,,
"""apex-core""",77,,
"""apex-core""",75,https://github.com/apache/apex-core/commit/dbd8412e15a85bcccd08eb256e8cdf681ae447c1,https://github.com/apache/apex-core/commit/55478bf4be0a5f8035865dbe7e947be481cafe32
"""apex-core""",73,https://github.com/apache/apex-core/commit/40cb05eafb9af8542cfe466b6028a5fd03ac3928,https://github.com/apache/apex-core/commit/730e57f78d44874db7be7ecf89497cf0010e1c55
"""apex-core""",72,https://github.com/apache/apex-core/commit/7cf2e969175587be549f86f300a27de8148fa05d,https://github.com/apache/apex-core/commit/84425caadc814eb0fc9c09a2e514a046c71a8ff6
"""apex-core""",71,,
"""apex-core""",70,,
"""apex-core""",68,https://github.com/apache/apex-core/commit/9baf302ed6573f20d122dcfcd2e9656a88123ade,https://github.com/apache/apex-core/commit/d8e1e74da00619a3c0e021ecd167de57fcc0e262
"""apex-core""",65,,
"""apex-core""",64,https://github.com/apache/apex-core/commit/7800705162470da9210f6934db2b8a9e8943d0b4,https://github.com/apache/apex-core/commit/44d1bfc340b3bb90a513fe9c8a4aefe86dae8f29
"""apex-core""",63,,
"""apex-core""",62,,
"""apex-core""",60,https://github.com/apache/apex-core/commit/0983fe3a014f5b901cbbf74b0c5ec2aa11da2eb4,https://github.com/apache/apex-core/commit/9b78c67b68dd42b8216457e886c3cf221b9275b2
"""apex-core""",59,https://github.com/apache/apex-core/commit/3ebb41825383e302937b367e5400967f23b2b34a,https://github.com/apache/apex-core/commit/4a2cf2e20a3ae8007e266a430e6e365c9aadefc0
"""apex-core""",58,https://github.com/apache/apex-core/commit/216f3244b402677bf5c63a7167a18b85210cc1e0,https://github.com/apache/apex-core/commit/2c081b45ebf4c57b66075a993f53fa721aa45c93
"""apex-core""",55,,
"""apex-core""",53,,
"""apex-core""",50,,
"""apex-core""",49,,
"""apex-core""",48,,
"""apex-core""",46,https://github.com/apache/apex-core/commit/0a64e0de51b8072b9bafcdab6c7fd38a84f44316,https://github.com/apache/apex-core/commit/81cf1b5778419eccbfd6f3b1b6bf35019eda3cc7
"""apex-core""",45,https://github.com/apache/apex-core/commit/71546b5a7787b4801be8b21accfc194ff9a0f423,https://github.com/apache/apex-core/commit/b1666b778b54667023f5beba43e07227eb90298b
"""apex-core""",42,https://github.com/apache/apex-core/commit/5d502a40d3511236cc964e54ca4cc4157649b6b9,https://github.com/apache/apex-core/commit/cecdf4c7351eb3605acc7864bb50b1724993181d
"""apex-core""",41,,
"""apex-core""",40,,
"""apex-core""",39,https://github.com/apache/apex-core/commit/3d8fd54aa0639fe2317025e2e135629baf43e061,https://github.com/apache/apex-core/commit/77e693c26962f90803b87212a512bfc3dd03c96b
"""apex-core""",38,https://github.com/apache/apex-core/commit/5c68545be4d0164c9ea733e28dfffd70fbd90ccc,https://github.com/apache/apex-core/commit/8578a714193196f485c5cec4e380373215679619
"""apex-core""",37,,
"""apex-core""",36,,
"""apex-core""",35,,
"""apex-core""",34,,
"""apex-core""",32,,
"""apex-core""",30,,
"""apex-core""",29,,
"""apex-core""",28,,
"""apex-core""",27,https://github.com/apache/apex-core/commit/65827823ce425d66faf1912034e96a5e8645f77e,https://github.com/apache/apex-core/commit/53b9b86d4e6fa856a576cc4cfcf902a7451b08cb
"""apex-core""",26,https://github.com/apache/apex-core/commit/b7a7c132f9a3a2c846ed446aa25f4d9391b83a5e,https://github.com/apache/apex-core/commit/b82f90523f01019443220db7ceefa9f44c055e8e
"""apex-core""",25,,
"""apex-core""",24,https://github.com/apache/apex-core/commit/4eb21e41d48ed01da2c13fc7ffdfe3493faff6cd,https://github.com/apache/apex-core/commit/39d5d31e50c9e4fda863d0b0f620fc02f6f8382d
"""apex-core""",23,https://github.com/apache/apex-core/commit/0030de78fe96f815696647f465bfb17ee7b08a68,https://github.com/apache/apex-core/commit/e512610ed6a84f7a4d0d904bd9e010ac56cf109c
"""apex-core""",22,,
"""apex-core""",20,,
"""apex-core""",19,,
"""apex-core""",18,https://github.com/apache/apex-core/commit/2e4d198e2245cebd3ad9db91223f7cbed7da92ab,https://github.com/apache/apex-core/commit/3178f13f49695aa4f6910006ecd4efbca8dad6a9
"""apex-core""",16,,
"""apex-core""",15,,
"""apex-core""",13,,
"""apex-core""",11,https://github.com/apache/apex-core/commit/92bbb4dab339ad6f5bd25b57ecab2b75154c26cb,https://github.com/apache/apex-core/commit/977093e171f1183985ae80d42b0d6dbc3af6cbc5
"""apex-core""",7,,
"""apex-core""",6,https://github.com/apache/apex-core/commit/4ac25041d3444b5c3f00d6905d02b2a7cb725e0f,https://github.com/apache/apex-core/commit/00b486f0040294870df3d42a88b6fd0ce143d520
"""apex-core""",4,,
"""apex-core""",3,https://github.com/apache/apex-core/commit/b13f17e6aa77812286d9e2c7ab812ff1afe73766,https://github.com/apache/apex-core/commit/d748ed46fb2ef91d74a70c2be52dc4a56bb4df71
"""apex-core""",2,,
