repo,pr_number,before_commit,after_commit
"""incubator-iotdb""",374,,
"""incubator-iotdb""",373,,
"""incubator-iotdb""",371,,
"""incubator-iotdb""",369,https://github.com/apache/incubator-iotdb/commit/057e01e1109af9c14354bd62b466d74e8648737b,https://github.com/apache/incubator-iotdb/commit/44054ccb4aa14477b75aae9d6d9244cee9ffe397
"""incubator-iotdb""",368,,
"""incubator-iotdb""",367,,
"""incubator-iotdb""",364,,
"""incubator-iotdb""",363,,
"""incubator-iotdb""",361,,
"""incubator-iotdb""",360,,
"""incubator-iotdb""",359,,
"""incubator-iotdb""",358,,
"""incubator-iotdb""",357,https://github.com/apache/incubator-iotdb/commit/e50da15a479823d6772d4f7146a5824078c4e1ff,https://github.com/apache/incubator-iotdb/commit/c297c5cf2d973b51ea89845d57476b71d0201ef6
"""incubator-iotdb""",356,,
"""incubator-iotdb""",355,,
"""incubator-iotdb""",354,,
"""incubator-iotdb""",353,,
"""incubator-iotdb""",352,https://github.com/apache/incubator-iotdb/commit/6f645a4b9cac511907b4164cdca69fe86026686d,https://github.com/apache/incubator-iotdb/commit/c4b39b7996be0f82c5419bd05f70fb6d2d6d6b60
"""incubator-iotdb""",351,https://github.com/apache/incubator-iotdb/commit/0e493c753a5d1fce0956ce433a609d30483e3256,https://github.com/apache/incubator-iotdb/commit/c9d040ca4d0109fdb63a83f095fdafc404bd017a
"""incubator-iotdb""",350,,
"""incubator-iotdb""",348,,
"""incubator-iotdb""",347,,
"""incubator-iotdb""",346,,
"""incubator-iotdb""",345,,
"""incubator-iotdb""",344,,
"""incubator-iotdb""",342,,
"""incubator-iotdb""",341,,
"""incubator-iotdb""",340,,
"""incubator-iotdb""",337,https://github.com/apache/incubator-iotdb/commit/e5bef6eda805c844a697ab751d95127a25363fd8,https://github.com/apache/incubator-iotdb/commit/e2de6cea9377c45a402b9cdffb62355387fff8d7
"""incubator-iotdb""",335,,
"""incubator-iotdb""",334,,
"""incubator-iotdb""",333,,
"""incubator-iotdb""",332,,
"""incubator-iotdb""",331,https://github.com/apache/incubator-iotdb/commit/5d72913611a586b7f28afe6ac8f8dacfe9f946db,https://github.com/apache/incubator-iotdb/commit/920a362f50605aa0c597fe618b01290ea28b7a68
"""incubator-iotdb""",329,,
"""incubator-iotdb""",328,,
"""incubator-iotdb""",327,,
"""incubator-iotdb""",326,https://github.com/apache/incubator-iotdb/commit/5fed7819ee1de24d5fb477b5a0e43887e3dd4e33,https://github.com/apache/incubator-iotdb/commit/a9ac31846d0f017f6916b6cad5ab7fb1a3bb9f7a
"""incubator-iotdb""",325,,
"""incubator-iotdb""",324,,
"""incubator-iotdb""",323,,
"""incubator-iotdb""",322,https://github.com/apache/incubator-iotdb/commit/172bc1b29e90b3a6dbdd67833d8ac0db77252446,https://github.com/apache/incubator-iotdb/commit/215d72555fb8dd2224a13f714106bae582969051
"""incubator-iotdb""",321,,
"""incubator-iotdb""",320,,
"""incubator-iotdb""",319,,
"""incubator-iotdb""",318,,
"""incubator-iotdb""",317,,
"""incubator-iotdb""",316,,
"""incubator-iotdb""",315,,
"""incubator-iotdb""",314,,
"""incubator-iotdb""",312,,
"""incubator-iotdb""",311,https://github.com/apache/incubator-iotdb/commit/9fee993c9aef10648824fec25586137c88dc41bd,https://github.com/apache/incubator-iotdb/commit/16851ce2731c8a28f9cb688d79aa3e34945eaebb
"""incubator-iotdb""",310,,
"""incubator-iotdb""",309,,
"""incubator-iotdb""",308,,
"""incubator-iotdb""",307,,
"""incubator-iotdb""",305,,
"""incubator-iotdb""",304,,
"""incubator-iotdb""",302,,
"""incubator-iotdb""",301,,
"""incubator-iotdb""",300,,
"""incubator-iotdb""",297,,
"""incubator-iotdb""",296,,
"""incubator-iotdb""",295,,
"""incubator-iotdb""",294,,
"""incubator-iotdb""",293,,
"""incubator-iotdb""",292,,
"""incubator-iotdb""",291,,
"""incubator-iotdb""",290,,
"""incubator-iotdb""",289,,
"""incubator-iotdb""",288,,
"""incubator-iotdb""",285,,
"""incubator-iotdb""",284,,
"""incubator-iotdb""",283,,
"""incubator-iotdb""",282,,
"""incubator-iotdb""",281,,
"""incubator-iotdb""",280,,
"""incubator-iotdb""",278,,
"""incubator-iotdb""",277,,
"""incubator-iotdb""",275,,
"""incubator-iotdb""",273,,
"""incubator-iotdb""",272,,
"""incubator-iotdb""",271,,
"""incubator-iotdb""",270,,
"""incubator-iotdb""",269,,
"""incubator-iotdb""",268,,
"""incubator-iotdb""",267,,
"""incubator-iotdb""",265,,
"""incubator-iotdb""",263,,
"""incubator-iotdb""",262,,
"""incubator-iotdb""",259,,
"""incubator-iotdb""",258,,
"""incubator-iotdb""",257,,
"""incubator-iotdb""",256,https://github.com/apache/incubator-iotdb/commit/040b6b05b18b0c4e002a29a32d25157ee9b19304,https://github.com/apache/incubator-iotdb/commit/629b6dc9137058f6d4466f96289b4fc2f56c1d70
"""incubator-iotdb""",255,,
"""incubator-iotdb""",254,,
"""incubator-iotdb""",252,,
"""incubator-iotdb""",251,,
"""incubator-iotdb""",250,,
"""incubator-iotdb""",249,,
"""incubator-iotdb""",247,,
"""incubator-iotdb""",245,,
"""incubator-iotdb""",244,,
"""incubator-iotdb""",243,,
"""incubator-iotdb""",241,https://github.com/apache/incubator-iotdb/commit/e31e8826512faaad09a94e6ea06cca23b39268cb,https://github.com/apache/incubator-iotdb/commit/62c32857ef5271a5bff75c590e165facdb78f66a
"""incubator-iotdb""",240,,
"""incubator-iotdb""",239,,
"""incubator-iotdb""",238,,
"""incubator-iotdb""",237,,
"""incubator-iotdb""",235,,
"""incubator-iotdb""",234,,
"""incubator-iotdb""",233,,
"""incubator-iotdb""",232,https://github.com/apache/incubator-iotdb/commit/23bf543c686a5be349fbed42962712eb96795103,https://github.com/apache/incubator-iotdb/commit/121df94b75d65ece6d24166df5ce6ce463cd3f55
"""incubator-iotdb""",231,https://github.com/apache/incubator-iotdb/commit/0b2c876fd8c07313446f72aeac7bfb5b9e81ae28,https://github.com/apache/incubator-iotdb/commit/d1522e7d259f67dc51867615ec90f0813202f92e
"""incubator-iotdb""",230,,
"""incubator-iotdb""",229,,
"""incubator-iotdb""",228,,
"""incubator-iotdb""",227,,
"""incubator-iotdb""",225,,
"""incubator-iotdb""",224,,
"""incubator-iotdb""",223,,
"""incubator-iotdb""",221,,
"""incubator-iotdb""",220,,
"""incubator-iotdb""",219,,
"""incubator-iotdb""",218,,
"""incubator-iotdb""",217,,
"""incubator-iotdb""",213,https://github.com/apache/incubator-iotdb/commit/3f54983d236fb69720fb294c230c34ee7726d39a,https://github.com/apache/incubator-iotdb/commit/5f9d539413d13a2d2444c96e9e46ccb22654c4db
"""incubator-iotdb""",211,,
"""incubator-iotdb""",210,,
"""incubator-iotdb""",209,,
"""incubator-iotdb""",208,,
"""incubator-iotdb""",206,,
"""incubator-iotdb""",205,,
"""incubator-iotdb""",204,,
"""incubator-iotdb""",203,,
"""incubator-iotdb""",202,,
"""incubator-iotdb""",201,,
"""incubator-iotdb""",200,,
"""incubator-iotdb""",198,,
"""incubator-iotdb""",197,,
"""incubator-iotdb""",196,,
"""incubator-iotdb""",195,,
"""incubator-iotdb""",194,,
"""incubator-iotdb""",193,,
"""incubator-iotdb""",192,,
"""incubator-iotdb""",191,,
"""incubator-iotdb""",190,,
"""incubator-iotdb""",189,,
"""incubator-iotdb""",187,,
"""incubator-iotdb""",186,,
"""incubator-iotdb""",184,,
"""incubator-iotdb""",182,,
"""incubator-iotdb""",181,,
"""incubator-iotdb""",180,,
"""incubator-iotdb""",179,,
"""incubator-iotdb""",177,,
"""incubator-iotdb""",176,,
"""incubator-iotdb""",175,,
"""incubator-iotdb""",173,,
"""incubator-iotdb""",172,,
"""incubator-iotdb""",171,,
"""incubator-iotdb""",169,,
"""incubator-iotdb""",168,https://github.com/apache/incubator-iotdb/commit/91476d44b7202ed95f23885259d6b64278b14663,https://github.com/apache/incubator-iotdb/commit/a389f0638b994e93032d9db6fb2bdb75d00dee31
"""incubator-iotdb""",167,,
"""incubator-iotdb""",166,,
"""incubator-iotdb""",165,,
"""incubator-iotdb""",164,,
"""incubator-iotdb""",163,,
"""incubator-iotdb""",162,,
"""incubator-iotdb""",161,,
"""incubator-iotdb""",160,,
"""incubator-iotdb""",159,,
"""incubator-iotdb""",156,,
"""incubator-iotdb""",155,,
"""incubator-iotdb""",154,,
"""incubator-iotdb""",153,,
"""incubator-iotdb""",152,https://github.com/apache/incubator-iotdb/commit/d5d36071eea921131361cf4770fc6bf4f20ec955,https://github.com/apache/incubator-iotdb/commit/66c25acc5b5143415ed083da4a15e7d32d7eb376
"""incubator-iotdb""",151,,
"""incubator-iotdb""",150,,
"""incubator-iotdb""",149,,
"""incubator-iotdb""",148,,
"""incubator-iotdb""",147,,
"""incubator-iotdb""",146,,
"""incubator-iotdb""",145,,
"""incubator-iotdb""",144,,
"""incubator-iotdb""",143,,
"""incubator-iotdb""",142,https://github.com/apache/incubator-iotdb/commit/59c44f4fb00a9b17b9338f2a013105c2a836fba6,https://github.com/apache/incubator-iotdb/commit/f538bc96b6475e3475a5e157aa5633cedeee6363
"""incubator-iotdb""",141,,
"""incubator-iotdb""",138,,
"""incubator-iotdb""",137,,
"""incubator-iotdb""",136,,
"""incubator-iotdb""",135,,
"""incubator-iotdb""",134,,
"""incubator-iotdb""",133,,
"""incubator-iotdb""",132,,
"""incubator-iotdb""",130,https://github.com/apache/incubator-iotdb/commit/1d2cef31489992d74bb09ab12382c644790fe7f8,https://github.com/apache/incubator-iotdb/commit/010f8558a1299e837986544264ae338208b191a3
"""incubator-iotdb""",129,,
"""incubator-iotdb""",128,,
"""incubator-iotdb""",127,https://github.com/apache/incubator-iotdb/commit/1f7814b2cc3c5e77233622b810d47f0ce4a38d16,https://github.com/apache/incubator-iotdb/commit/8aa9f803054e0d3da0bf8fefd7fb70e5a9134b89
"""incubator-iotdb""",126,,
"""incubator-iotdb""",125,,
"""incubator-iotdb""",123,,
"""incubator-iotdb""",122,,
"""incubator-iotdb""",121,,
"""incubator-iotdb""",120,,
"""incubator-iotdb""",119,,
"""incubator-iotdb""",118,https://github.com/apache/incubator-iotdb/commit/35fa6a132ee11770e9349462c165ada11c3edfe0,https://github.com/apache/incubator-iotdb/commit/0e74fa1e171437eddf96d16341e582f0d2fa438a
"""incubator-iotdb""",117,,
"""incubator-iotdb""",116,,
"""incubator-iotdb""",115,https://github.com/apache/incubator-iotdb/commit/f72c1f8cd9462d5bd7492978645b81ef76abfdcb,https://github.com/apache/incubator-iotdb/commit/e0f265bd0c820bbe10728bff525b27ecd33ea31e
"""incubator-iotdb""",114,,
"""incubator-iotdb""",113,,
"""incubator-iotdb""",112,,
"""incubator-iotdb""",111,,
"""incubator-iotdb""",110,,
"""incubator-iotdb""",108,,
"""incubator-iotdb""",107,,
"""incubator-iotdb""",105,,
"""incubator-iotdb""",104,,
"""incubator-iotdb""",103,,
"""incubator-iotdb""",101,https://github.com/apache/incubator-iotdb/commit/f828f941bcf163d285862e8fd2cfc018dd3092d8,https://github.com/apache/incubator-iotdb/commit/0bbf2f35a879c1ea8f31213bbfe75a2695e5fcfb
"""incubator-iotdb""",100,,
"""incubator-iotdb""",99,,
"""incubator-iotdb""",98,,
"""incubator-iotdb""",97,,
"""incubator-iotdb""",96,,
"""incubator-iotdb""",95,,
"""incubator-iotdb""",94,,
"""incubator-iotdb""",93,,
"""incubator-iotdb""",92,,
"""incubator-iotdb""",91,,
"""incubator-iotdb""",90,,
"""incubator-iotdb""",89,,
"""incubator-iotdb""",88,,
"""incubator-iotdb""",87,,
"""incubator-iotdb""",86,,
"""incubator-iotdb""",85,,
"""incubator-iotdb""",84,,
"""incubator-iotdb""",83,,
"""incubator-iotdb""",82,,
"""incubator-iotdb""",81,,
"""incubator-iotdb""",78,,
"""incubator-iotdb""",76,,
"""incubator-iotdb""",75,,
"""incubator-iotdb""",74,,
"""incubator-iotdb""",73,,
"""incubator-iotdb""",72,,
"""incubator-iotdb""",71,,
"""incubator-iotdb""",70,,
"""incubator-iotdb""",69,,
"""incubator-iotdb""",68,,
"""incubator-iotdb""",67,,
"""incubator-iotdb""",65,,
"""incubator-iotdb""",64,,
"""incubator-iotdb""",63,,
"""incubator-iotdb""",61,,
"""incubator-iotdb""",60,,
"""incubator-iotdb""",59,,
"""incubator-iotdb""",58,,
"""incubator-iotdb""",57,,
"""incubator-iotdb""",55,,
"""incubator-iotdb""",54,,
"""incubator-iotdb""",53,,
"""incubator-iotdb""",52,,
"""incubator-iotdb""",51,,
"""incubator-iotdb""",50,,
"""incubator-iotdb""",49,,
"""incubator-iotdb""",48,,
"""incubator-iotdb""",47,,
"""incubator-iotdb""",46,,
"""incubator-iotdb""",45,,
"""incubator-iotdb""",44,,
"""incubator-iotdb""",43,,
"""incubator-iotdb""",42,,
"""incubator-iotdb""",41,,
"""incubator-iotdb""",40,,
"""incubator-iotdb""",39,,
"""incubator-iotdb""",38,,
"""incubator-iotdb""",37,,
"""incubator-iotdb""",36,,
"""incubator-iotdb""",34,,
"""incubator-iotdb""",33,,
"""incubator-iotdb""",32,,
"""incubator-iotdb""",31,,
"""incubator-iotdb""",30,,
"""incubator-iotdb""",29,,
"""incubator-iotdb""",28,,
"""incubator-iotdb""",27,,
"""incubator-iotdb""",26,,
"""incubator-iotdb""",25,,
"""incubator-iotdb""",24,,
"""incubator-iotdb""",23,,
"""incubator-iotdb""",22,,
"""incubator-iotdb""",21,,
"""incubator-iotdb""",20,,
"""incubator-iotdb""",19,,
"""incubator-iotdb""",18,,
"""incubator-iotdb""",17,,
"""incubator-iotdb""",16,,
"""incubator-iotdb""",15,,
"""incubator-iotdb""",14,,
"""incubator-iotdb""",13,,
"""incubator-iotdb""",11,,
"""incubator-iotdb""",10,,
"""incubator-iotdb""",8,,
"""incubator-iotdb""",5,,
"""incubator-iotdb""",4,,
"""incubator-iotdb""",3,,
"""incubator-iotdb""",2,,
