repo,pr_number,before_commit,after_commit
"""camel-k-runtime""",136,,
"""camel-k-runtime""",135,https://github.com/apache/camel-k-runtime/commit/fd1759991d2841460a1d1d81bab4d7a561fee513,https://github.com/apache/camel-k-runtime/commit/140cc41bb1934dafd0c14c9bc2f09f74bd32072a
"""camel-k-runtime""",133,,
"""camel-k-runtime""",132,,
"""camel-k-runtime""",131,,
"""camel-k-runtime""",129,,
"""camel-k-runtime""",128,https://github.com/apache/camel-k-runtime/commit/abd521c5e122e6627ed9fda1aa3761508c4b0178,https://github.com/apache/camel-k-runtime/commit/a1bde0df4d83fe9ae56e7634501dbb5d2bf49d13
"""camel-k-runtime""",127,,
"""camel-k-runtime""",125,https://github.com/apache/camel-k-runtime/commit/6d5e8d052ee55a5b3031408bc46f197290c2db6c,https://github.com/apache/camel-k-runtime/commit/5cb760f6938a776da7d86160dcc13f28e902ab77
"""camel-k-runtime""",124,,
"""camel-k-runtime""",123,,
"""camel-k-runtime""",120,,
"""camel-k-runtime""",119,,
"""camel-k-runtime""",117,,
"""camel-k-runtime""",116,,
"""camel-k-runtime""",114,,
"""camel-k-runtime""",113,,
"""camel-k-runtime""",111,https://github.com/apache/camel-k-runtime/commit/ab931923f0df4d908e4b10cfff6e9748472dffd5,https://github.com/apache/camel-k-runtime/commit/afa08cc928625821e4b7519794b9d652a5bbf8a1
"""camel-k-runtime""",110,,
"""camel-k-runtime""",109,https://github.com/apache/camel-k-runtime/commit/17dbd05ec771fcab2088ced737bfdd89da7244bf,https://github.com/apache/camel-k-runtime/commit/2a6661909fce26df85680744e5eea779408fccf5
"""camel-k-runtime""",108,,
"""camel-k-runtime""",107,,
"""camel-k-runtime""",106,https://github.com/apache/camel-k-runtime/commit/22bfeab8921786bda6c837aeb5fd8072042220ba,https://github.com/apache/camel-k-runtime/commit/f870dc8cc6ac27ac54f9acc3d567d3895c457bc1
"""camel-k-runtime""",102,https://github.com/apache/camel-k-runtime/commit/c8278f4742c45aac74edef78d0fe59ab07fde754,https://github.com/apache/camel-k-runtime/commit/8719abd3e69964f98d4f4b80f336803736a9610b
"""camel-k-runtime""",98,,
"""camel-k-runtime""",97,,
"""camel-k-runtime""",96,,
"""camel-k-runtime""",95,,
"""camel-k-runtime""",93,,
"""camel-k-runtime""",92,,
"""camel-k-runtime""",91,https://github.com/apache/camel-k-runtime/commit/0cb20b8668874470e394eb1abfe9600278f42fc8,https://github.com/apache/camel-k-runtime/commit/84ac25256127351eec9bb938213bc655caaccac5
"""camel-k-runtime""",90,,
"""camel-k-runtime""",89,,
"""camel-k-runtime""",88,,
"""camel-k-runtime""",85,,
"""camel-k-runtime""",84,https://github.com/apache/camel-k-runtime/commit/55a53d8227da65ed6c219f41d93383fc3bda63c4,https://github.com/apache/camel-k-runtime/commit/b478188cc74b7492b3801559d5b9b4dde24d9863
"""camel-k-runtime""",81,https://github.com/apache/camel-k-runtime/commit/aeb320c691eb8624e0539a0d69c7637f65147df0,https://github.com/apache/camel-k-runtime/commit/1abe55b25a7b8f29af45edbb769e3ce87e65df42
"""camel-k-runtime""",78,,
"""camel-k-runtime""",77,,
"""camel-k-runtime""",76,https://github.com/apache/camel-k-runtime/commit/caf49ced9f2ccf31b2c7aee326c799ef34dfce83,https://github.com/apache/camel-k-runtime/commit/9011a03fd3c7813fcf6b5c64699af2abebbbe678
"""camel-k-runtime""",75,https://github.com/apache/camel-k-runtime/commit/036ce728f9de8e8b8bb9587ec3afd8611a075510,https://github.com/apache/camel-k-runtime/commit/a4e785c4158c21851377fa6d270c9a2aaac40d85
"""camel-k-runtime""",74,https://github.com/apache/camel-k-runtime/commit/7fb7e5289b2234640ea17c8045198a81de97f526,https://github.com/apache/camel-k-runtime/commit/989e25c4397dd5be2c7bc011335ef1d8fc964969
"""camel-k-runtime""",73,https://github.com/apache/camel-k-runtime/commit/d6733f920476b296d2295678ba32db1584870c5e,https://github.com/apache/camel-k-runtime/commit/b53529e1a1aae5cfa906ee02fd0e112c66d431c0
"""camel-k-runtime""",71,https://github.com/apache/camel-k-runtime/commit/f064b7600e0bdd27919c12b6ce8fb7f3e1473ecd,https://github.com/apache/camel-k-runtime/commit/0b028b2342a8fb80f69e33d2d67c8ba9e8504977
"""camel-k-runtime""",70,https://github.com/apache/camel-k-runtime/commit/58d17c67a33eb459145dc0bf9e0f83253ff828c7,https://github.com/apache/camel-k-runtime/commit/a266de04b33e4ad3fba5cfe3088eaffb47078104
"""camel-k-runtime""",68,,
"""camel-k-runtime""",67,https://github.com/apache/camel-k-runtime/commit/d31df8aef6ea9a4e8930359bd233e778f7b374f9,https://github.com/apache/camel-k-runtime/commit/d2833a85fde2ba430ec49360f74c012cc5d35e21
"""camel-k-runtime""",66,https://github.com/apache/camel-k-runtime/commit/4d1e9fc0a104f1891742610f2b9ed827652686fe,https://github.com/apache/camel-k-runtime/commit/efe0d8dcd596c95d5de4c101bb9caed2d0cce7aa
"""camel-k-runtime""",64,,
"""camel-k-runtime""",63,,
"""camel-k-runtime""",62,,
"""camel-k-runtime""",61,,
"""camel-k-runtime""",54,,
"""camel-k-runtime""",53,,
"""camel-k-runtime""",52,,
"""camel-k-runtime""",50,,
"""camel-k-runtime""",49,,
"""camel-k-runtime""",47,,
"""camel-k-runtime""",45,https://github.com/apache/camel-k-runtime/commit/fc53148618ba79fc6f8dde5d7c56682bbf6280df,https://github.com/apache/camel-k-runtime/commit/79c7910fb2d7e0f16df3d366af5792463745d0c5
"""camel-k-runtime""",43,,
"""camel-k-runtime""",42,,
"""camel-k-runtime""",40,,
"""camel-k-runtime""",38,https://github.com/apache/camel-k-runtime/commit/715d0afae47b621870365950b786d3ef4870305a,https://github.com/apache/camel-k-runtime/commit/dee0265c148c4979a7dadaf57da91273e43d6c10
"""camel-k-runtime""",37,,
"""camel-k-runtime""",36,,
"""camel-k-runtime""",35,https://github.com/apache/camel-k-runtime/commit/7e9c88f14c70fd241fb36e29b458a77923b8df15,https://github.com/apache/camel-k-runtime/commit/eb29d56959cd76585fc0deffaa77e09687653ebc
"""camel-k-runtime""",34,,
"""camel-k-runtime""",33,,
"""camel-k-runtime""",32,,
"""camel-k-runtime""",30,,
"""camel-k-runtime""",27,,
"""camel-k-runtime""",26,https://github.com/apache/camel-k-runtime/commit/2bc3e2c60a5ebef3df7a1f21782855bd0d06cb94,https://github.com/apache/camel-k-runtime/commit/28304328578e0121fab7ef12f9ce8f350d401c36
"""camel-k-runtime""",25,,
"""camel-k-runtime""",24,,
"""camel-k-runtime""",23,,
"""camel-k-runtime""",22,https://github.com/apache/camel-k-runtime/commit/779e1a3e40b986be149168a8581e35fe69e1bc55,https://github.com/apache/camel-k-runtime/commit/c7fd884676838ec99826e03c5a62778b8f1888d3
"""camel-k-runtime""",20,,
"""camel-k-runtime""",16,,
"""camel-k-runtime""",15,,
"""camel-k-runtime""",13,,
"""camel-k-runtime""",10,,
"""camel-k-runtime""",9,,
"""camel-k-runtime""",8,,
"""camel-k-runtime""",7,,
"""camel-k-runtime""",5,,
"""camel-k-runtime""",4,,
"""camel-k-runtime""",3,,
"""camel-k-runtime""",2,,
"""camel-k-runtime""",1,,
