repo,pr_number,before_commit,after_commit
"""geode-benchmarks""",105,,
"""geode-benchmarks""",104,https://github.com/apache/geode-benchmarks/commit/132716f4927d368ce26f7729426db013a5d0f0bd,https://github.com/apache/geode-benchmarks/commit/7172b6383d3d100c588345ff2f3feeb4ca2d1890
"""geode-benchmarks""",102,,
"""geode-benchmarks""",101,,
"""geode-benchmarks""",100,,
"""geode-benchmarks""",98,,
"""geode-benchmarks""",95,,
"""geode-benchmarks""",93,,
"""geode-benchmarks""",91,,
"""geode-benchmarks""",90,,
"""geode-benchmarks""",89,,
"""geode-benchmarks""",88,,
"""geode-benchmarks""",87,https://github.com/apache/geode-benchmarks/commit/0001b3d8885c301a6dd8800cf956c3d8d9e90507,https://github.com/apache/geode-benchmarks/commit/62332d22f6a07695c70209265b63b09d093ce2cb
"""geode-benchmarks""",86,,
"""geode-benchmarks""",85,,
"""geode-benchmarks""",84,,
"""geode-benchmarks""",83,,
"""geode-benchmarks""",82,,
"""geode-benchmarks""",81,,
"""geode-benchmarks""",80,,
"""geode-benchmarks""",79,,
"""geode-benchmarks""",78,,
"""geode-benchmarks""",76,,
"""geode-benchmarks""",75,,
"""geode-benchmarks""",74,,
"""geode-benchmarks""",73,,
"""geode-benchmarks""",72,,
"""geode-benchmarks""",71,,
"""geode-benchmarks""",70,,
"""geode-benchmarks""",69,,
"""geode-benchmarks""",68,,
"""geode-benchmarks""",67,,
"""geode-benchmarks""",66,,
"""geode-benchmarks""",65,https://github.com/apache/geode-benchmarks/commit/ff53adac19057293adfbe87b8d72e74e6c503d94,https://github.com/apache/geode-benchmarks/commit/9c33de048109ac7902311f9302b552919d73466f
"""geode-benchmarks""",64,https://github.com/apache/geode-benchmarks/commit/5a139d6ba333faa707f30360499c57075b31dc85,https://github.com/apache/geode-benchmarks/commit/5c384b15fb4eb71b99ef108555c0838950429304
"""geode-benchmarks""",63,,
"""geode-benchmarks""",62,https://github.com/apache/geode-benchmarks/commit/d2c94879a81909d97b2b8c67d4ed59dd4629f223,https://github.com/apache/geode-benchmarks/commit/9ef88897fbcf540c5285265dff48df5476dd0a09
"""geode-benchmarks""",61,,
"""geode-benchmarks""",60,,
"""geode-benchmarks""",59,,
"""geode-benchmarks""",58,,
"""geode-benchmarks""",57,,
"""geode-benchmarks""",56,https://github.com/apache/geode-benchmarks/commit/83bdcdd3837f4bd1818b59b4ab700ef5bb2a376e,https://github.com/apache/geode-benchmarks/commit/72a845813576f21d240b4a6bac02ee81689eb95c
"""geode-benchmarks""",55,https://github.com/apache/geode-benchmarks/commit/a38a101b88d6f639931d20a296697282a36fa83b,https://github.com/apache/geode-benchmarks/commit/e052b281f007c44b79ffcf50f5e483588eec3189
"""geode-benchmarks""",54,,
"""geode-benchmarks""",53,,
"""geode-benchmarks""",52,,
"""geode-benchmarks""",51,https://github.com/apache/geode-benchmarks/commit/a1cfcc769ec21d92cda0a241e012379a6794a51c,https://github.com/apache/geode-benchmarks/commit/8e36b6e1a0c6596b241d6ea0c136a79c6446576e
"""geode-benchmarks""",50,,
"""geode-benchmarks""",49,,
"""geode-benchmarks""",48,,
"""geode-benchmarks""",47,,
"""geode-benchmarks""",46,,
"""geode-benchmarks""",45,,
"""geode-benchmarks""",44,,
"""geode-benchmarks""",43,,
"""geode-benchmarks""",42,,
"""geode-benchmarks""",41,,
"""geode-benchmarks""",40,,
"""geode-benchmarks""",39,,
"""geode-benchmarks""",38,,
"""geode-benchmarks""",37,,
"""geode-benchmarks""",36,,
"""geode-benchmarks""",35,,
"""geode-benchmarks""",34,,
"""geode-benchmarks""",33,,
"""geode-benchmarks""",32,,
"""geode-benchmarks""",31,,
"""geode-benchmarks""",30,https://github.com/apache/geode-benchmarks/commit/dd1b6119389e8978ac29c1368fd5316db3b6fb8a,https://github.com/apache/geode-benchmarks/commit/344c788f72c9a0aaefbc051d640696c539b6e39f
"""geode-benchmarks""",29,,
"""geode-benchmarks""",28,,
"""geode-benchmarks""",27,,
"""geode-benchmarks""",26,,
"""geode-benchmarks""",25,https://github.com/apache/geode-benchmarks/commit/dba016a3a2cb0f87fd93510d22e88a5fe9fcc7be,https://github.com/apache/geode-benchmarks/commit/3ea37854e2c00d20dd3412fa51502f9410804b86
"""geode-benchmarks""",24,,
"""geode-benchmarks""",23,,
"""geode-benchmarks""",22,https://github.com/apache/geode-benchmarks/commit/019ff88f0c7ab578d8413738235c43df79174a51,https://github.com/apache/geode-benchmarks/commit/06c96c934b97bb40f742af2cd364af063d0c184a
"""geode-benchmarks""",21,,
"""geode-benchmarks""",20,,
"""geode-benchmarks""",19,,
"""geode-benchmarks""",18,,
"""geode-benchmarks""",17,,
"""geode-benchmarks""",16,https://github.com/apache/geode-benchmarks/commit/90ffe688fc2f3dc122da5d81c8a8bdfac6bd12ac,https://github.com/apache/geode-benchmarks/commit/87ac9b12f5f43b0f197840f8b33376c296cee6c0
"""geode-benchmarks""",15,,
"""geode-benchmarks""",14,,
"""geode-benchmarks""",13,,
"""geode-benchmarks""",12,,
"""geode-benchmarks""",11,,
"""geode-benchmarks""",10,https://github.com/apache/geode-benchmarks/commit/7944ed59a66a07ff4e0aec1cb81fedf68b7a74ff,https://github.com/apache/geode-benchmarks/commit/f40d478aae4f4469bd28ad0c972d22703f6c433e
"""geode-benchmarks""",9,https://github.com/apache/geode-benchmarks/commit/d65abf8ce555841b0d5d99a1a4fd5a5d45a9fb6d,https://github.com/apache/geode-benchmarks/commit/f4b22b5aa19482798588fd6f07e098d4af628ca5
"""geode-benchmarks""",8,,
"""geode-benchmarks""",7,,
"""geode-benchmarks""",6,,
"""geode-benchmarks""",5,,
"""geode-benchmarks""",4,,
"""geode-benchmarks""",3,https://github.com/apache/geode-benchmarks/commit/17ee20e151c7eaed5182062d9d2468cc9afb224b,https://github.com/apache/geode-benchmarks/commit/0678cdb9fb00b78e474bf047df09f7cffa054606
"""geode-benchmarks""",2,,
"""geode-benchmarks""",1,,
