repo,pr_number,before_commit,after_commit
"""commons-io""",93,,
"""commons-io""",90,,
"""commons-io""",87,,
"""commons-io""",86,,
"""commons-io""",85,,
"""commons-io""",80,,
"""commons-io""",77,,
"""commons-io""",73,https://github.com/apache/commons-io/commit/968f909cd9b098c72f478be2873f2bd3032a56c4,https://github.com/apache/commons-io/commit/b5886cf2c0294ee5c4206174c49a278ebf09e2e4
"""commons-io""",63,https://github.com/apache/commons-io/commit/29c39200d03f60f9f18a413b7e473e5d18041aef,https://github.com/apache/commons-io/commit/0775abc22a32baa8fbd99d86c393d5d85e32529e
"""commons-io""",62,https://github.com/apache/commons-io/commit/ecb2693e04c05be7ee6000137259be1fb6ca84bd,https://github.com/apache/commons-io/commit/84a02e8f0394a7cd54f7870147f0f4db367e6a0c
"""commons-io""",44,,
"""commons-io""",43,,
"""commons-io""",19,,
