repo,pr_number,before_commit,after_commit
"""incubator-datasketches-hive""",40,,
"""incubator-datasketches-hive""",39,,
"""incubator-datasketches-hive""",38,,
"""incubator-datasketches-hive""",37,,
"""incubator-datasketches-hive""",36,,
"""incubator-datasketches-hive""",35,,
"""incubator-datasketches-hive""",32,,
"""incubator-datasketches-hive""",31,,
"""incubator-datasketches-hive""",30,,
"""incubator-datasketches-hive""",29,,
"""incubator-datasketches-hive""",28,,
"""incubator-datasketches-hive""",27,,
"""incubator-datasketches-hive""",26,,
"""incubator-datasketches-hive""",25,,
"""incubator-datasketches-hive""",24,,
"""incubator-datasketches-hive""",23,,
"""incubator-datasketches-hive""",22,,
"""incubator-datasketches-hive""",21,,
"""incubator-datasketches-hive""",20,,
"""incubator-datasketches-hive""",19,,
"""incubator-datasketches-hive""",18,,
"""incubator-datasketches-hive""",17,,
"""incubator-datasketches-hive""",16,,
"""incubator-datasketches-hive""",15,,
"""incubator-datasketches-hive""",14,,
"""incubator-datasketches-hive""",13,,
"""incubator-datasketches-hive""",12,,
"""incubator-datasketches-hive""",11,,
"""incubator-datasketches-hive""",10,,
"""incubator-datasketches-hive""",9,,
"""incubator-datasketches-hive""",7,,
"""incubator-datasketches-hive""",3,,
"""incubator-datasketches-hive""",2,,
"""incubator-datasketches-hive""",1,,
