repo,pr_number,before_commit,after_commit
"""fineract-cn-portfolio""",17,,
"""fineract-cn-portfolio""",16,,
"""fineract-cn-portfolio""",15,,
"""fineract-cn-portfolio""",14,,
"""fineract-cn-portfolio""",13,,
"""fineract-cn-portfolio""",12,,
"""fineract-cn-portfolio""",11,,
"""fineract-cn-portfolio""",10,,
"""fineract-cn-portfolio""",8,,
"""fineract-cn-portfolio""",7,,
"""fineract-cn-portfolio""",6,,
"""fineract-cn-portfolio""",5,,
"""fineract-cn-portfolio""",4,,
"""fineract-cn-portfolio""",3,,
"""fineract-cn-portfolio""",2,,
"""fineract-cn-portfolio""",1,,
