repo,pr_number,before_commit,after_commit
"""incubator-myriad""",141,,
"""incubator-myriad""",140,,
"""incubator-myriad""",139,,
"""incubator-myriad""",137,,
"""incubator-myriad""",136,,
"""incubator-myriad""",135,,
"""incubator-myriad""",134,,
"""incubator-myriad""",133,,
"""incubator-myriad""",132,,
"""incubator-myriad""",131,,
"""incubator-myriad""",130,,
"""incubator-myriad""",129,,
"""incubator-myriad""",128,,
"""incubator-myriad""",127,,
"""incubator-myriad""",126,,
"""incubator-myriad""",125,,
"""incubator-myriad""",124,,
"""incubator-myriad""",123,,
"""incubator-myriad""",122,,
"""incubator-myriad""",121,,
"""incubator-myriad""",120,,
"""incubator-myriad""",119,,
"""incubator-myriad""",102,,
"""incubator-myriad""",94,,
"""incubator-myriad""",58,,
"""incubator-myriad""",56,,
"""incubator-myriad""",53,,
"""incubator-myriad""",48,,
"""incubator-myriad""",7,,
