repo,pr_number,before_commit,after_commit
"""mahout""",374,,
"""mahout""",373,,
"""mahout""",372,,
"""mahout""",371,https://github.com/apache/mahout/commit/14d51d207e3270926e7525fdb651eab733215c25,https://github.com/apache/mahout/commit/3556e9612df7f32ea9836bc2576b3ccfa5900c47
"""mahout""",369,,
"""mahout""",368,,
"""mahout""",367,,
"""mahout""",366,,
"""mahout""",365,,
"""mahout""",364,,
"""mahout""",359,,
"""mahout""",336,,
"""mahout""",311,,
"""mahout""",309,,
"""mahout""",308,,
"""mahout""",297,,
"""mahout""",227,,
"""mahout""",226,https://github.com/apache/mahout/commit/8814c0d34611cf5752a263fc311b19c37a60a495,https://github.com/apache/mahout/commit/7ae549fa8e93bace810bf1c41df7cf45a72dcaa2
"""mahout""",225,https://github.com/apache/mahout/commit/88e996355a0c66eab10aa952df28e4c6e43ff007,https://github.com/apache/mahout/commit/c14a4d705272c0b5c22b1f88f4cbd286266e5dfe
"""mahout""",203,https://github.com/apache/mahout/commit/22a529dc95a2c724f6eddebea7206c779b7025c7,https://github.com/apache/mahout/commit/b45f982581b2a2bed75b771672b4f2d66ef32840
"""mahout""",200,https://github.com/apache/mahout/commit/212452721ec593ae0d2837f8d311b952a3daaafa,https://github.com/apache/mahout/commit/e06fb119dc3a719651fd48f0d2aa3ee8adee9a1b
"""mahout""",196,,
"""mahout""",195,,
"""mahout""",178,,
"""mahout""",176,,
"""mahout""",175,,
"""mahout""",167,,
"""mahout""",165,,
"""mahout""",161,,
"""mahout""",147,,
"""mahout""",137,https://github.com/apache/mahout/commit/380b0f9d50475c09a99bdfae4c7d324e0b215a12,https://github.com/apache/mahout/commit/c72698aca16368c4f16d5181fbdd3db6314c04e3
"""mahout""",85,,
"""mahout""",80,,
"""mahout""",79,,
"""mahout""",34,,
"""mahout""",7,,
"""mahout""",5,,
