repo,pr_number,before_commit,after_commit
"""incubator-shardingsphere-example""",169,,
"""incubator-shardingsphere-example""",167,,
"""incubator-shardingsphere-example""",166,,
"""incubator-shardingsphere-example""",164,,
"""incubator-shardingsphere-example""",163,,
"""incubator-shardingsphere-example""",160,,
"""incubator-shardingsphere-example""",158,,
"""incubator-shardingsphere-example""",157,,
"""incubator-shardingsphere-example""",155,,
"""incubator-shardingsphere-example""",154,,
"""incubator-shardingsphere-example""",150,,
"""incubator-shardingsphere-example""",149,,
"""incubator-shardingsphere-example""",145,,
"""incubator-shardingsphere-example""",140,,
"""incubator-shardingsphere-example""",139,,
"""incubator-shardingsphere-example""",137,,
"""incubator-shardingsphere-example""",133,,
"""incubator-shardingsphere-example""",132,,
"""incubator-shardingsphere-example""",131,,
"""incubator-shardingsphere-example""",129,,
"""incubator-shardingsphere-example""",128,,
"""incubator-shardingsphere-example""",127,,
"""incubator-shardingsphere-example""",126,,
"""incubator-shardingsphere-example""",125,,
"""incubator-shardingsphere-example""",124,,
"""incubator-shardingsphere-example""",123,,
"""incubator-shardingsphere-example""",122,,
"""incubator-shardingsphere-example""",121,,
"""incubator-shardingsphere-example""",120,,
"""incubator-shardingsphere-example""",119,,
"""incubator-shardingsphere-example""",118,,
"""incubator-shardingsphere-example""",113,,
"""incubator-shardingsphere-example""",112,,
"""incubator-shardingsphere-example""",111,,
"""incubator-shardingsphere-example""",110,,
"""incubator-shardingsphere-example""",109,,
"""incubator-shardingsphere-example""",108,,
"""incubator-shardingsphere-example""",107,,
"""incubator-shardingsphere-example""",100,,
"""incubator-shardingsphere-example""",99,,
"""incubator-shardingsphere-example""",97,,
"""incubator-shardingsphere-example""",96,,
"""incubator-shardingsphere-example""",94,,
"""incubator-shardingsphere-example""",93,,
"""incubator-shardingsphere-example""",90,,
"""incubator-shardingsphere-example""",88,,
"""incubator-shardingsphere-example""",86,,
"""incubator-shardingsphere-example""",85,,
"""incubator-shardingsphere-example""",83,,
"""incubator-shardingsphere-example""",82,,
"""incubator-shardingsphere-example""",81,,
"""incubator-shardingsphere-example""",80,,
"""incubator-shardingsphere-example""",79,,
"""incubator-shardingsphere-example""",78,,
"""incubator-shardingsphere-example""",77,,
"""incubator-shardingsphere-example""",76,,
"""incubator-shardingsphere-example""",75,,
"""incubator-shardingsphere-example""",71,,
"""incubator-shardingsphere-example""",70,,
"""incubator-shardingsphere-example""",69,,
"""incubator-shardingsphere-example""",67,,
"""incubator-shardingsphere-example""",66,,
"""incubator-shardingsphere-example""",65,,
"""incubator-shardingsphere-example""",64,,
"""incubator-shardingsphere-example""",63,,
"""incubator-shardingsphere-example""",62,,
"""incubator-shardingsphere-example""",61,,
"""incubator-shardingsphere-example""",60,,
"""incubator-shardingsphere-example""",59,,
"""incubator-shardingsphere-example""",55,,
"""incubator-shardingsphere-example""",52,,
"""incubator-shardingsphere-example""",51,,
"""incubator-shardingsphere-example""",50,,
"""incubator-shardingsphere-example""",48,,
"""incubator-shardingsphere-example""",47,,
"""incubator-shardingsphere-example""",45,,
"""incubator-shardingsphere-example""",41,,
"""incubator-shardingsphere-example""",40,,
"""incubator-shardingsphere-example""",38,,
"""incubator-shardingsphere-example""",37,,
"""incubator-shardingsphere-example""",36,,
"""incubator-shardingsphere-example""",35,,
"""incubator-shardingsphere-example""",33,,
"""incubator-shardingsphere-example""",32,,
"""incubator-shardingsphere-example""",31,,
"""incubator-shardingsphere-example""",30,,
"""incubator-shardingsphere-example""",28,,
"""incubator-shardingsphere-example""",27,,
"""incubator-shardingsphere-example""",25,,
"""incubator-shardingsphere-example""",23,,
"""incubator-shardingsphere-example""",18,,
"""incubator-shardingsphere-example""",17,,
"""incubator-shardingsphere-example""",13,,
