repo,pr_number,before_commit,after_commit
"""incubator-datasketches-memory""",114,,
"""incubator-datasketches-memory""",113,,
"""incubator-datasketches-memory""",112,,
"""incubator-datasketches-memory""",111,,
"""incubator-datasketches-memory""",110,,
"""incubator-datasketches-memory""",109,,
"""incubator-datasketches-memory""",108,,
"""incubator-datasketches-memory""",107,,
"""incubator-datasketches-memory""",106,,
"""incubator-datasketches-memory""",105,,
"""incubator-datasketches-memory""",104,,
"""incubator-datasketches-memory""",103,,
"""incubator-datasketches-memory""",102,,
"""incubator-datasketches-memory""",101,,
"""incubator-datasketches-memory""",100,,
"""incubator-datasketches-memory""",99,,
"""incubator-datasketches-memory""",98,,
"""incubator-datasketches-memory""",96,,
"""incubator-datasketches-memory""",95,,
"""incubator-datasketches-memory""",94,,
"""incubator-datasketches-memory""",93,,
"""incubator-datasketches-memory""",88,,
"""incubator-datasketches-memory""",86,,
"""incubator-datasketches-memory""",81,,
"""incubator-datasketches-memory""",78,https://github.com/apache/incubator-datasketches-memory/commit/f3d29acfc52c51029802d67c8051f63c4241a49e,https://github.com/apache/incubator-datasketches-memory/commit/9e194d71e077ffcca90c71d0acb0e1e912f3f75e
"""incubator-datasketches-memory""",77,,
"""incubator-datasketches-memory""",75,,
"""incubator-datasketches-memory""",73,,
"""incubator-datasketches-memory""",72,,
"""incubator-datasketches-memory""",71,,
"""incubator-datasketches-memory""",66,,
"""incubator-datasketches-memory""",65,,
"""incubator-datasketches-memory""",64,,
"""incubator-datasketches-memory""",61,,
"""incubator-datasketches-memory""",60,,
"""incubator-datasketches-memory""",54,,
"""incubator-datasketches-memory""",52,,
"""incubator-datasketches-memory""",50,,
"""incubator-datasketches-memory""",49,,
"""incubator-datasketches-memory""",46,,
"""incubator-datasketches-memory""",45,,
"""incubator-datasketches-memory""",44,,
"""incubator-datasketches-memory""",40,,
"""incubator-datasketches-memory""",37,https://github.com/apache/incubator-datasketches-memory/commit/e56f1920dd221cae3b5c8a471422c14e515b1028,https://github.com/apache/incubator-datasketches-memory/commit/c536d4d28f178b61cfbde9b20fb27cc83608978c
"""incubator-datasketches-memory""",34,,
"""incubator-datasketches-memory""",30,,
"""incubator-datasketches-memory""",29,,
"""incubator-datasketches-memory""",23,,
"""incubator-datasketches-memory""",18,,
"""incubator-datasketches-memory""",17,,
"""incubator-datasketches-memory""",16,,
"""incubator-datasketches-memory""",13,,
"""incubator-datasketches-memory""",11,,
"""incubator-datasketches-memory""",9,,
"""incubator-datasketches-memory""",8,,
"""incubator-datasketches-memory""",7,,
"""incubator-datasketches-memory""",6,https://github.com/apache/incubator-datasketches-memory/commit/fb7a2482d8d294d0e2086fd6380091e76425e6c5,https://github.com/apache/incubator-datasketches-memory/commit/09dd2ec1bfeab4376b6187acc08ae64b72d3867a
"""incubator-datasketches-memory""",5,https://github.com/apache/incubator-datasketches-memory/commit/926347ba8dbdf4df200916d0115afc554c5baff2,https://github.com/apache/incubator-datasketches-memory/commit/9da566a1aebd3838a1b5b2df58379bbc3aab5675
"""incubator-datasketches-memory""",4,,
"""incubator-datasketches-memory""",3,,
