repo,pr_number,before_commit,after_commit
"""commons-crypto""",94,,
"""commons-crypto""",93,,
"""commons-crypto""",92,,
"""commons-crypto""",62,https://github.com/apache/commons-crypto/commit/5dbe0542d0fcc848102b5e1c81ea51d443d1d02c,https://github.com/apache/commons-crypto/commit/800c831ac90e17e214484e5e761df3ee1212a9fc
"""commons-crypto""",61,https://github.com/apache/commons-crypto/commit/bd5db5ca561ba55518be81551a8724de53ba9eea,https://github.com/apache/commons-crypto/commit/9f1e2015dfe93b472e265c3feac49ea5e6d62c85
"""commons-crypto""",59,https://github.com/apache/commons-crypto/commit/a6af0943b5ed2958137ad1109a8a8c5d364eb377,https://github.com/apache/commons-crypto/commit/363ec7404c632afaf93cf6e9290baccf99463541
"""commons-crypto""",57,https://github.com/apache/commons-crypto/commit/9e5ebb31433d5befd144904d7b3fea39be9900bb,https://github.com/apache/commons-crypto/commit/4bbb57a05d49dad0fd493c8fabfad3cf7991215a
"""commons-crypto""",34,https://github.com/apache/commons-crypto/commit/628e50cc21f8fce2c0b7d2480918111237becc81,https://github.com/apache/commons-crypto/commit/95a8d486eac81fbb84a42df35d5c00fe6d6dace8
"""commons-crypto""",33,https://github.com/apache/commons-crypto/commit/656c21d883371473ad13b2c2f122788bb647c212,https://github.com/apache/commons-crypto/commit/04fe3daf1b0dde73c76c827165909682773fc798
"""commons-crypto""",22,https://github.com/apache/commons-crypto/commit/866a46aec8fbc2143d62185a84daa265c7a512f8,https://github.com/apache/commons-crypto/commit/c0c2e6fb98275a5b7445952ea5033c1c212e7601
"""commons-crypto""",21,,
"""commons-crypto""",20,https://github.com/apache/commons-crypto/commit/0582b3da24436977b3c0ba8a2832dc94d0fc4b97,https://github.com/apache/commons-crypto/commit/617318bf65cbd74fda7bab7ebedf2d2d24c680fa
"""commons-crypto""",18,https://github.com/apache/commons-crypto/commit/67716a45ca70307b74f7e4735157977edbe51f8e,https://github.com/apache/commons-crypto/commit/90e67c99a5a02436622807095beab7c50a500cbf
"""commons-crypto""",16,https://github.com/apache/commons-crypto/commit/794cde48b5d4306dc15a3f2f69b18f22c4cc27c9,https://github.com/apache/commons-crypto/commit/9bbbe4a5792c84446ca456fca7fe8427b1ac5acd
