repo,pr_number,before_commit,after_commit
"""fineract-cn-office""",12,,
"""fineract-cn-office""",11,,
"""fineract-cn-office""",10,,
"""fineract-cn-office""",9,,
"""fineract-cn-office""",8,https://github.com/apache/fineract-cn-office/commit/39822a7435340394e30d302aee059ced490e1f7e,https://github.com/apache/fineract-cn-office/commit/77bb50c95484ca8b656d0a780ffeffa1663aa890
"""fineract-cn-office""",7,,
"""fineract-cn-office""",6,,
"""fineract-cn-office""",5,,
"""fineract-cn-office""",4,,
"""fineract-cn-office""",3,,
"""fineract-cn-office""",2,,
"""fineract-cn-office""",1,,
