repo,pr_number,before_commit,after_commit
"""incubator-tuweni""",28,,
"""incubator-tuweni""",27,,
"""incubator-tuweni""",26,,
"""incubator-tuweni""",25,,
"""incubator-tuweni""",24,https://github.com/apache/incubator-tuweni/commit/ff8000afde4208c3781b523009900231a885afe6,https://github.com/apache/incubator-tuweni/commit/c01318c5ceb643ac70be501f69c4be0ccd5d71d0
"""incubator-tuweni""",22,https://github.com/apache/incubator-tuweni/commit/879a0eaa455d77492bfd8187dc8a266b285c199f,https://github.com/apache/incubator-tuweni/commit/9423db827cbbb104dadaeb7795679736f00590ae
"""incubator-tuweni""",21,,
"""incubator-tuweni""",20,,
"""incubator-tuweni""",19,,
"""incubator-tuweni""",18,https://github.com/apache/incubator-tuweni/commit/d2fafd72d0535b5de68a74842cb7a0bd07ef914a,https://github.com/apache/incubator-tuweni/commit/666e2eb4a4b905fdb3ca2139e60fb23ff389aac9
"""incubator-tuweni""",15,,
"""incubator-tuweni""",14,https://github.com/apache/incubator-tuweni/commit/20fcb98a1be16e2afe86cce1069caa0690dac820,https://github.com/apache/incubator-tuweni/commit/e2ddfeb557e5be42d35e5baf5e0e02767622ef9e
"""incubator-tuweni""",13,,
"""incubator-tuweni""",12,,
"""incubator-tuweni""",11,,
"""incubator-tuweni""",10,,
"""incubator-tuweni""",9,,
"""incubator-tuweni""",8,,
"""incubator-tuweni""",7,,
"""incubator-tuweni""",6,,
"""incubator-tuweni""",5,https://github.com/apache/incubator-tuweni/commit/b45e284b647ba58575c5c4a76deefb16ececc260,https://github.com/apache/incubator-tuweni/commit/b98d45931122a02a6582d62565601acad585cf0b
"""incubator-tuweni""",4,,
"""incubator-tuweni""",3,,
"""incubator-tuweni""",2,,
"""incubator-tuweni""",1,,
