repo,pr_number,before_commit,after_commit
"""aries-rsa""",29,https://github.com/apache/aries-rsa/commit/ef2c4bfd78bc631dde1d4aa699af751aa8ddbd5c,https://github.com/apache/aries-rsa/commit/dc2505c0facd5768e19583fb6c9f43951dd34f30
"""aries-rsa""",28,https://github.com/apache/aries-rsa/commit/29a945744108f020ac5c0e2155177b83aadf1437,https://github.com/apache/aries-rsa/commit/b2325ce116ab53eead73bb80873b371088615da5
"""aries-rsa""",27,https://github.com/apache/aries-rsa/commit/f6858e7c5a1b0ef1aa3f9af2cdc26aa5b62e420f,https://github.com/apache/aries-rsa/commit/4de068d9da582b9de7e732391929480c3865592a
"""aries-rsa""",26,https://github.com/apache/aries-rsa/commit/5fc5dfb977547b3f47b9dad68c6518e7d39a7774,https://github.com/apache/aries-rsa/commit/6c1f83ae05bc0c3ad657373fc07c107de32edc87
"""aries-rsa""",25,https://github.com/apache/aries-rsa/commit/41c67e1dff928c3e98a668b671b9c5137a078b21,https://github.com/apache/aries-rsa/commit/91d2410710aa59f057a0c076cf175138052f4b1c
"""aries-rsa""",24,https://github.com/apache/aries-rsa/commit/1aadf3b1fbed48661aee6d897d87aceee73d9f09,https://github.com/apache/aries-rsa/commit/540999b50122b0ba47fdc5762feab0dd2282ff03
"""aries-rsa""",23,,
"""aries-rsa""",22,,
"""aries-rsa""",20,https://github.com/apache/aries-rsa/commit/38d9fc67d25c897078dccee60435a73b7fb20752,https://github.com/apache/aries-rsa/commit/340d37617fc838ac537c6f009dc337d6e2dd98bc
"""aries-rsa""",19,,
"""aries-rsa""",18,,
"""aries-rsa""",16,,
"""aries-rsa""",1,,
