repo,pr_number,before_commit,after_commit
"""brooklyn-server""",1065,,
"""brooklyn-server""",1064,https://github.com/apache/brooklyn-server/commit/242d86cdc7919b61a6c5bede023c37ece1cc1dc6,https://github.com/apache/brooklyn-server/commit/9361fa64a999490b9b67fe748f3a25dab8317732
"""brooklyn-server""",1063,,
"""brooklyn-server""",1062,,
"""brooklyn-server""",1061,,
"""brooklyn-server""",1059,,
"""brooklyn-server""",1057,,
"""brooklyn-server""",1056,,
"""brooklyn-server""",1050,,
"""brooklyn-server""",1049,,
"""brooklyn-server""",1046,,
"""brooklyn-server""",1045,,
"""brooklyn-server""",1044,,
"""brooklyn-server""",1043,,
"""brooklyn-server""",1041,,
"""brooklyn-server""",1038,,
"""brooklyn-server""",1037,https://github.com/apache/brooklyn-server/commit/98e335b4ea1f138d1d9c82377f92b7a25e90a2d7,https://github.com/apache/brooklyn-server/commit/360c4eb359efe156699cdd531f58b5463e8f0554
"""brooklyn-server""",1036,,
"""brooklyn-server""",1035,,
"""brooklyn-server""",1034,,
"""brooklyn-server""",1032,https://github.com/apache/brooklyn-server/commit/55ef6ef2068fa4676d5abbd9a7238888a4143aea,https://github.com/apache/brooklyn-server/commit/1d6f63af29128f8e60b696637e7ac4c5d503024f
"""brooklyn-server""",1031,,
"""brooklyn-server""",1030,,
"""brooklyn-server""",1029,,
"""brooklyn-server""",1028,,
"""brooklyn-server""",1026,https://github.com/apache/brooklyn-server/commit/ef720706088b0f0ca2d7d75b54eb9d78383146fc,https://github.com/apache/brooklyn-server/commit/ea28e8a7715beda0f628b64c9dad1e724d871e78
"""brooklyn-server""",1025,,
"""brooklyn-server""",1024,https://github.com/apache/brooklyn-server/commit/291560e579a209b0b2c5a4a7364c53e6f960be29,https://github.com/apache/brooklyn-server/commit/7f2ad46c71fca2d8b9817332595ac66c1c1c24eb
"""brooklyn-server""",1023,,
"""brooklyn-server""",1016,,
"""brooklyn-server""",1015,https://github.com/apache/brooklyn-server/commit/4100f9b7121a11329ea5b8e9edaf56e90c1c4a86,https://github.com/apache/brooklyn-server/commit/5dbf70de77518c7ad0a3ae3e8520ee48c8833b32
"""brooklyn-server""",1013,,
"""brooklyn-server""",1012,,
"""brooklyn-server""",1011,,
"""brooklyn-server""",1010,https://github.com/apache/brooklyn-server/commit/82d454ce9ebf764f07e9b53291d5782de5effd6c,https://github.com/apache/brooklyn-server/commit/2e025d10328609148ceae766a4f7e4f6cc2c62af
"""brooklyn-server""",1009,,
"""brooklyn-server""",1008,,
"""brooklyn-server""",1007,,
"""brooklyn-server""",1004,https://github.com/apache/brooklyn-server/commit/1a410be58602d063161fdf746c7aa048b6da9be5,https://github.com/apache/brooklyn-server/commit/eafd8d047f0746c953ebc42385c332591a515ecc
"""brooklyn-server""",1002,,
"""brooklyn-server""",1001,,
"""brooklyn-server""",1000,,
"""brooklyn-server""",999,https://github.com/apache/brooklyn-server/commit/27e95e0496453867f3fd537a594cf63d0788018a,https://github.com/apache/brooklyn-server/commit/3d214b89fc5308451e5078ee4651f878eab6d081
"""brooklyn-server""",998,,
"""brooklyn-server""",997,,
"""brooklyn-server""",996,,
"""brooklyn-server""",995,,
"""brooklyn-server""",992,,
"""brooklyn-server""",991,,
"""brooklyn-server""",990,,
"""brooklyn-server""",989,,
"""brooklyn-server""",988,,
"""brooklyn-server""",987,,
"""brooklyn-server""",986,,
"""brooklyn-server""",985,,
"""brooklyn-server""",984,,
"""brooklyn-server""",983,,
"""brooklyn-server""",982,https://github.com/apache/brooklyn-server/commit/6618d727a5ccfa04050f948ad8e1917f834018d2,https://github.com/apache/brooklyn-server/commit/bae72fc4ed1bc1813a4014e71955f51dad1e1994
"""brooklyn-server""",981,,
"""brooklyn-server""",980,,
"""brooklyn-server""",979,,
"""brooklyn-server""",978,,
"""brooklyn-server""",977,https://github.com/apache/brooklyn-server/commit/5882a2e6ef5b08d214c096b9b5677af2fe23ccc7,https://github.com/apache/brooklyn-server/commit/2fafe5dc1c946c76748aac48a15ebc8a45a60a6f
"""brooklyn-server""",976,,
"""brooklyn-server""",975,,
"""brooklyn-server""",974,,
"""brooklyn-server""",973,,
"""brooklyn-server""",972,,
"""brooklyn-server""",971,https://github.com/apache/brooklyn-server/commit/760a62be37222653f893abb367865be94b7629b8,https://github.com/apache/brooklyn-server/commit/f996bfe9757bb8f98f353d19c637fcce6bf2dbc1
"""brooklyn-server""",970,,
"""brooklyn-server""",969,https://github.com/apache/brooklyn-server/commit/89c1cb98ba3be40e69463d6e637711a4471cb3e9,https://github.com/apache/brooklyn-server/commit/1962b04e539d08154000c70559213e8b54c7191d
"""brooklyn-server""",967,,
"""brooklyn-server""",966,,
"""brooklyn-server""",965,,
"""brooklyn-server""",964,,
"""brooklyn-server""",963,,
"""brooklyn-server""",962,,
"""brooklyn-server""",961,,
"""brooklyn-server""",960,,
"""brooklyn-server""",959,https://github.com/apache/brooklyn-server/commit/0f44903f97220849915bbffff93fff65bbf4c73c,https://github.com/apache/brooklyn-server/commit/d490115023b6c53d3a79b72f8ec190f14e5eb949
"""brooklyn-server""",958,,
"""brooklyn-server""",957,,
"""brooklyn-server""",956,https://github.com/apache/brooklyn-server/commit/085fbe85f468a94f19449c78a2b35502f6114cdd,https://github.com/apache/brooklyn-server/commit/5a353b6ed41f45e43cb9bdf0ac590dc8c1613124
"""brooklyn-server""",953,https://github.com/apache/brooklyn-server/commit/d643a545b320779601a6287f4e0bf59e915e144e,https://github.com/apache/brooklyn-server/commit/4e5dfc3418bc362000a760fd48230862cda6c5c2
"""brooklyn-server""",952,https://github.com/apache/brooklyn-server/commit/c3214e9f1eb4904a427a68afc3ccb4f8a4a1e387,https://github.com/apache/brooklyn-server/commit/847f8c3e542392912838524cc09c1df4de4cddd7
"""brooklyn-server""",951,,
"""brooklyn-server""",950,,
"""brooklyn-server""",949,https://github.com/apache/brooklyn-server/commit/a955503d627c857acdb09d59cb5b32af2857dbc4,https://github.com/apache/brooklyn-server/commit/639e3d809b850879db29f6dd532f5653f22df62f
"""brooklyn-server""",948,,
"""brooklyn-server""",947,,
"""brooklyn-server""",946,,
"""brooklyn-server""",945,,
"""brooklyn-server""",944,,
"""brooklyn-server""",943,https://github.com/apache/brooklyn-server/commit/3b64d8bb1eda5e438026481efae850c747ceb9b1,https://github.com/apache/brooklyn-server/commit/a088f468d6968de2ab8352019c64e654f42782ba
"""brooklyn-server""",942,,
"""brooklyn-server""",941,,
"""brooklyn-server""",940,https://github.com/apache/brooklyn-server/commit/d52c1ae881b36897713d47a65506550a677a284d,https://github.com/apache/brooklyn-server/commit/1fb6e3deb5030467b50fb50998d8b3e1961f169c
"""brooklyn-server""",939,,
"""brooklyn-server""",938,,
"""brooklyn-server""",937,,
"""brooklyn-server""",936,https://github.com/apache/brooklyn-server/commit/69e4b15b1ca0c743c6f74b829f74c49879f0bc6c,https://github.com/apache/brooklyn-server/commit/2ad4c8fa327564159ea5570a5bc315ba7f860368
"""brooklyn-server""",935,,
"""brooklyn-server""",934,,
"""brooklyn-server""",932,,
"""brooklyn-server""",931,,
"""brooklyn-server""",930,,
"""brooklyn-server""",929,,
"""brooklyn-server""",928,https://github.com/apache/brooklyn-server/commit/8d35ddb2b7a072213e8dfb01bcccf9d74accd55b,https://github.com/apache/brooklyn-server/commit/e968621ed2e46e06fefd18c8b630d94c9408f342
"""brooklyn-server""",927,,
"""brooklyn-server""",925,,
"""brooklyn-server""",924,,
"""brooklyn-server""",923,,
"""brooklyn-server""",922,,
"""brooklyn-server""",921,,
"""brooklyn-server""",920,https://github.com/apache/brooklyn-server/commit/1ff949428eff05274fcf158fae7e013783d093fd,https://github.com/apache/brooklyn-server/commit/482a8ae565a1c6744d0d2fbd7f0abd3630f002c4
"""brooklyn-server""",919,,
"""brooklyn-server""",918,,
"""brooklyn-server""",917,https://github.com/apache/brooklyn-server/commit/704ad5e8ad729f5a35c29d7eb29009cd7fb09bc4,https://github.com/apache/brooklyn-server/commit/9b999d5390e099eb40476d19370ec6d1c325f260
"""brooklyn-server""",916,https://github.com/apache/brooklyn-server/commit/5125850b4a5be5296f680d9b27d5a3f931be2797,https://github.com/apache/brooklyn-server/commit/c0f409f6437e5abcaf5a703ea5c7b92b388263ce
"""brooklyn-server""",915,https://github.com/apache/brooklyn-server/commit/c41b3e758a30a511cf189109517a57a7b0447cf9,https://github.com/apache/brooklyn-server/commit/e7238512451359fbe3ac2dc2aa9568cee719868b
"""brooklyn-server""",914,https://github.com/apache/brooklyn-server/commit/23facd0edbbd22c58059d41cdf86d7ea38e9d2a3,https://github.com/apache/brooklyn-server/commit/f3d55b3b658a8d779cae1081023ad2763bf11b9f
"""brooklyn-server""",913,https://github.com/apache/brooklyn-server/commit/2412e9afbd425f60b0afda39f745b61e2f3a16e1,https://github.com/apache/brooklyn-server/commit/0f9d538ba398c5352f69e6f5ef2cce32fba87110
"""brooklyn-server""",912,,
"""brooklyn-server""",911,,
"""brooklyn-server""",910,,
"""brooklyn-server""",908,,
"""brooklyn-server""",907,,
"""brooklyn-server""",906,https://github.com/apache/brooklyn-server/commit/0bf1520ab5b5f8416d3c6e85ff43b4a6b3803490,https://github.com/apache/brooklyn-server/commit/d2ecd112601ba709fc8fd5ae6cb30f4be2a967b4
"""brooklyn-server""",905,,
"""brooklyn-server""",904,,
"""brooklyn-server""",903,,
"""brooklyn-server""",902,,
"""brooklyn-server""",901,,
"""brooklyn-server""",900,https://github.com/apache/brooklyn-server/commit/dc34d06ed15f82b00d89dcebbcdbce28d6b80056,https://github.com/apache/brooklyn-server/commit/9dea09c9a84fb7a285629f42cd194386d5601fde
"""brooklyn-server""",899,https://github.com/apache/brooklyn-server/commit/928c09925a0fbfa237d4cd4a9e050e9d69a2c712,https://github.com/apache/brooklyn-server/commit/353bc5408115121da6ce95093e3891b021fd2ccb
"""brooklyn-server""",898,,
"""brooklyn-server""",897,,
"""brooklyn-server""",896,,
"""brooklyn-server""",895,,
"""brooklyn-server""",894,https://github.com/apache/brooklyn-server/commit/7b55dc0405b6aaed712242316acb7c4cb8499836,https://github.com/apache/brooklyn-server/commit/2ffd8281c05542293848d0ec1dcd4cf7472f53c1
"""brooklyn-server""",893,,
"""brooklyn-server""",892,,
"""brooklyn-server""",891,,
"""brooklyn-server""",890,,
"""brooklyn-server""",889,,
"""brooklyn-server""",888,https://github.com/apache/brooklyn-server/commit/cba92c52277ab04f2c767915e7f1620c22ae08eb,https://github.com/apache/brooklyn-server/commit/b2dd25cbb1788bf978f359236e68e65036e0b7f7
"""brooklyn-server""",887,,
"""brooklyn-server""",886,,
"""brooklyn-server""",885,https://github.com/apache/brooklyn-server/commit/c7e26e621a87fd249ff4436d578eb35ba8211025,https://github.com/apache/brooklyn-server/commit/6bab2d67f85cc1776d6390bb132a4481778b3e8a
"""brooklyn-server""",884,,
"""brooklyn-server""",883,,
"""brooklyn-server""",882,,
"""brooklyn-server""",881,,
"""brooklyn-server""",880,https://github.com/apache/brooklyn-server/commit/c57b85065c3df5ba59f2036c6e105e0e390c1483,https://github.com/apache/brooklyn-server/commit/59800ab51f8dbe09fcff6ea3eee86f48effdd0a9
"""brooklyn-server""",879,https://github.com/apache/brooklyn-server/commit/2054bb276c088bec4085c23a9778f21196e08e72,https://github.com/apache/brooklyn-server/commit/331238622709e41dd8f4912bc17144e159f65bbf
"""brooklyn-server""",878,,
"""brooklyn-server""",877,,
"""brooklyn-server""",876,https://github.com/apache/brooklyn-server/commit/4695a9e1f60b3821202d2c91a378bba3befa1b27,https://github.com/apache/brooklyn-server/commit/2d14f6406ad6fe60ff29ed50b527095426077df1
"""brooklyn-server""",875,,
"""brooklyn-server""",874,,
"""brooklyn-server""",873,,
"""brooklyn-server""",872,,
"""brooklyn-server""",871,,
"""brooklyn-server""",870,https://github.com/apache/brooklyn-server/commit/84431b972ad6a1f3de1caece6a6330bea8414826,https://github.com/apache/brooklyn-server/commit/3cd8f0b61750a66729f51d20178a927b10da8708
"""brooklyn-server""",868,,
"""brooklyn-server""",867,https://github.com/apache/brooklyn-server/commit/6f7776bb816ce4bd95d77cbc2938e1feb1f5f022,https://github.com/apache/brooklyn-server/commit/8a2d51eadac445d24e4b3b05b55b6c0478d0a058
"""brooklyn-server""",866,https://github.com/apache/brooklyn-server/commit/495ea30f7b1451ac73c7a8619d4811c24d79d80e,https://github.com/apache/brooklyn-server/commit/dba226fc2aa7fa6fd8eb6569fadb3aaf6bb6b052
"""brooklyn-server""",865,,
"""brooklyn-server""",864,https://github.com/apache/brooklyn-server/commit/f69c695a298729b3b4551139a2f51956d3c1c7c6,https://github.com/apache/brooklyn-server/commit/bea2e7d8dfdea2d677ea3bbd243652c8b55b5ce0
"""brooklyn-server""",863,,
"""brooklyn-server""",862,,
"""brooklyn-server""",861,,
"""brooklyn-server""",860,,
"""brooklyn-server""",859,https://github.com/apache/brooklyn-server/commit/847a4da863519928dc73c0c8c0efc6a86637a6b3,https://github.com/apache/brooklyn-server/commit/4f86cfd3151b12e24470d7e5f583503b109a3fb8
"""brooklyn-server""",858,,
"""brooklyn-server""",857,,
"""brooklyn-server""",854,,
"""brooklyn-server""",852,https://github.com/apache/brooklyn-server/commit/089002c3c1e546874cb954aa01f1a60712b1d67c,https://github.com/apache/brooklyn-server/commit/48d99991654f8add08c4025a66be8e7c97678620
"""brooklyn-server""",851,,
"""brooklyn-server""",850,,
"""brooklyn-server""",849,https://github.com/apache/brooklyn-server/commit/2455e054a62cbfff874c07c70f6cdf897f19769e,https://github.com/apache/brooklyn-server/commit/8877368aa4c04e21eecd167538f878c4e0681900
"""brooklyn-server""",848,,
"""brooklyn-server""",847,https://github.com/apache/brooklyn-server/commit/1e23abd15d4713b0a9368d9e9a422febb2be503c,https://github.com/apache/brooklyn-server/commit/d268fe36d404935411d854c3c99f8084c49ff0d4
"""brooklyn-server""",846,https://github.com/apache/brooklyn-server/commit/19bf0075c843c83b6f9164601efc405daa0da302,https://github.com/apache/brooklyn-server/commit/af1396fa110ed02c31427ab62beae4139a336ba2
"""brooklyn-server""",845,,
"""brooklyn-server""",844,,
"""brooklyn-server""",843,,
"""brooklyn-server""",842,,
"""brooklyn-server""",840,,
"""brooklyn-server""",839,,
"""brooklyn-server""",838,,
"""brooklyn-server""",837,,
"""brooklyn-server""",836,https://github.com/apache/brooklyn-server/commit/935c743d57bc3199d2b333a34b09ec9f0b4b71fc,https://github.com/apache/brooklyn-server/commit/d1ab00c0f65c9444fd655bbf8759c982fe1d02ab
"""brooklyn-server""",835,https://github.com/apache/brooklyn-server/commit/9b8d13e02b281d2cad8247cc7966383ca7585e72,https://github.com/apache/brooklyn-server/commit/2dcb0a03a9e9b27a81535a13bd48d1958f8984d9
"""brooklyn-server""",834,https://github.com/apache/brooklyn-server/commit/a3959d10a92b3e95136ce228af3f5b0de004b238,https://github.com/apache/brooklyn-server/commit/dc82022b306eb8dbc22246398a9e18cadedd6f66
"""brooklyn-server""",833,,
"""brooklyn-server""",832,https://github.com/apache/brooklyn-server/commit/4b37647bfc13affcb9e52e155e3ee923314216ec,https://github.com/apache/brooklyn-server/commit/1883380a87c793cb006586698768449b6702e0cd
"""brooklyn-server""",831,,
"""brooklyn-server""",830,https://github.com/apache/brooklyn-server/commit/96015e6d03d4885e5123fea930131fda68c32abc,https://github.com/apache/brooklyn-server/commit/6ddc595dd549e13343fc4896fc05224c420ed136
"""brooklyn-server""",828,,
"""brooklyn-server""",827,,
"""brooklyn-server""",826,https://github.com/apache/brooklyn-server/commit/99a1b2b04a720aa6bd678f729118e21942f07fc2,https://github.com/apache/brooklyn-server/commit/d113c7f856c1c3a9855d1fb71c5188234fba3561
"""brooklyn-server""",825,,
"""brooklyn-server""",824,https://github.com/apache/brooklyn-server/commit/ed21979bd65b98ae14eaf5bb505d50d6bb2b7248,https://github.com/apache/brooklyn-server/commit/509747f95fa10a319549b9e2065f86119c0324cc
"""brooklyn-server""",823,,
"""brooklyn-server""",822,https://github.com/apache/brooklyn-server/commit/d47edceee3c2bae9b863cf0803ab2d14914736bc,https://github.com/apache/brooklyn-server/commit/0a71cf58b018cde15b2f71f8b97dc063b871ebd6
"""brooklyn-server""",821,https://github.com/apache/brooklyn-server/commit/e2c3f4c1d2f02efda07875a6a61952988b595173,https://github.com/apache/brooklyn-server/commit/28dbb83e0d52a978b4756b7a1c379da309ee820a
"""brooklyn-server""",820,,
"""brooklyn-server""",819,,
"""brooklyn-server""",818,,
"""brooklyn-server""",817,https://github.com/apache/brooklyn-server/commit/aee1b610b6827dce89b5c4e0423b1c16a4d0c3b8,https://github.com/apache/brooklyn-server/commit/22acd5d6301898e0d226588fae0f7dd8344cd465
"""brooklyn-server""",816,https://github.com/apache/brooklyn-server/commit/3a882123085dee3c72eefe44c872ab26c5236cbc,https://github.com/apache/brooklyn-server/commit/c1f78bb2ba82504b2f0bfc1aa4831564d1f314b4
"""brooklyn-server""",815,https://github.com/apache/brooklyn-server/commit/18ccb58f04de8483371097e7cff77f857234fa62,https://github.com/apache/brooklyn-server/commit/6a37ead3f16ee8e372482c430eb3698068f120aa
"""brooklyn-server""",814,,
"""brooklyn-server""",813,,
"""brooklyn-server""",812,,
"""brooklyn-server""",811,,
"""brooklyn-server""",810,https://github.com/apache/brooklyn-server/commit/412ce6c44c77dd298f405af006558de8e02202ec,https://github.com/apache/brooklyn-server/commit/8e693305d50a82ffa4567e900ed2686187ccf7fb
"""brooklyn-server""",809,,
"""brooklyn-server""",808,,
"""brooklyn-server""",806,https://github.com/apache/brooklyn-server/commit/b1646184accac462657367de18ed3a4362c16ac8,https://github.com/apache/brooklyn-server/commit/2b6479f1c6a8ec1f4828994cdc0888beb80ae6dc
"""brooklyn-server""",805,,
"""brooklyn-server""",804,,
"""brooklyn-server""",803,https://github.com/apache/brooklyn-server/commit/6598ee1b7d22107434824bfafad6d8d2e31271e5,https://github.com/apache/brooklyn-server/commit/b48a8d65eaa824bc090fa0e158253ce0ed37df8d
"""brooklyn-server""",802,https://github.com/apache/brooklyn-server/commit/d135e01c271e575c8679985d274f9367560f1bc7,https://github.com/apache/brooklyn-server/commit/01f8c452e3d0975726824edab8e704c27d46933a
"""brooklyn-server""",801,https://github.com/apache/brooklyn-server/commit/cc31925472142dc8754646c2f8b289d4c9b5bec6,https://github.com/apache/brooklyn-server/commit/162fb1fdf77c125d7005190b6ae8f134ac1d25f4
"""brooklyn-server""",800,https://github.com/apache/brooklyn-server/commit/0cb1ed2563d82b85769f1b2646afcd9df547886b,https://github.com/apache/brooklyn-server/commit/00318ef30bac60f0f3d0147f868918999b1b1833
"""brooklyn-server""",799,,
"""brooklyn-server""",798,,
"""brooklyn-server""",797,,
"""brooklyn-server""",795,,
"""brooklyn-server""",794,https://github.com/apache/brooklyn-server/commit/8aa22199266e071da2e7f4dc113c2193510909bd,https://github.com/apache/brooklyn-server/commit/c91d7582d4d1f24952ccac5caedaf7382004b4e2
"""brooklyn-server""",793,,
"""brooklyn-server""",792,,
"""brooklyn-server""",791,https://github.com/apache/brooklyn-server/commit/b3f3ce76a55414d282ae2f914008690ae26841e2,https://github.com/apache/brooklyn-server/commit/9fe0179a5fb04b7578c94684ecc5a6342ed79c06
"""brooklyn-server""",790,,
"""brooklyn-server""",789,https://github.com/apache/brooklyn-server/commit/64d9862443c6bf2ed018ab717b43930914872484,https://github.com/apache/brooklyn-server/commit/cb3b19f491c52a6b8542e6c0e4517d815395753a
"""brooklyn-server""",788,https://github.com/apache/brooklyn-server/commit/1bb785cc55cc65ab2fb6ca87ab167ca998f528c8,https://github.com/apache/brooklyn-server/commit/b91f03b71283e751250beec7ec5e11cdf9f240c1
"""brooklyn-server""",787,,
"""brooklyn-server""",786,https://github.com/apache/brooklyn-server/commit/a4546de595724f5e65b7b8c36b422223bd23fabc,https://github.com/apache/brooklyn-server/commit/dbaf6755675a7cad60548ba38932300abcfc4156
"""brooklyn-server""",785,,
"""brooklyn-server""",784,https://github.com/apache/brooklyn-server/commit/23bee4427d0017d33266843e84e2035af3bda9df,https://github.com/apache/brooklyn-server/commit/495d73a288d4619a35c9a1cffc6502524a809ee0
"""brooklyn-server""",783,,
"""brooklyn-server""",782,,
"""brooklyn-server""",781,https://github.com/apache/brooklyn-server/commit/78fdb779e407c0f19f8684a0c39c30c341332eaa,https://github.com/apache/brooklyn-server/commit/676b50fe0f6bf21f59fcbd185ee8e47a25cdd4e1
"""brooklyn-server""",780,,
"""brooklyn-server""",777,,
"""brooklyn-server""",776,,
"""brooklyn-server""",775,,
"""brooklyn-server""",774,,
"""brooklyn-server""",773,,
"""brooklyn-server""",772,https://github.com/apache/brooklyn-server/commit/56e3eec6a608af67f597ea062f7585d13b0bb9f1,https://github.com/apache/brooklyn-server/commit/bb9d1f89e495b39a59cd7a9c05726e8500b19d7f
"""brooklyn-server""",771,https://github.com/apache/brooklyn-server/commit/62e1b445018b6ebcf1a17f453cc509e16438ede1,https://github.com/apache/brooklyn-server/commit/9cf4687ffa5319ac843c3042df0980f2152bb248
"""brooklyn-server""",770,,
"""brooklyn-server""",769,,
"""brooklyn-server""",768,https://github.com/apache/brooklyn-server/commit/dcb61a7a05507c09eb63e3ab597546110c7ee43d,https://github.com/apache/brooklyn-server/commit/73a337232f3ceafda01e4f8119463231204f3d7c
"""brooklyn-server""",767,https://github.com/apache/brooklyn-server/commit/352e9cf2d01cbe859938d1f79a91bee786ca323a,https://github.com/apache/brooklyn-server/commit/753c3c608793285aa5adc99e3321bf991253e0e1
"""brooklyn-server""",766,,
"""brooklyn-server""",765,,
"""brooklyn-server""",764,,
"""brooklyn-server""",763,,
"""brooklyn-server""",762,,
"""brooklyn-server""",761,https://github.com/apache/brooklyn-server/commit/d3e8cac8dd1dbe86c5494dcf4bb0d7fd0bcc6e16,https://github.com/apache/brooklyn-server/commit/13c817720e82984f120d2356c7f9722560cd133b
"""brooklyn-server""",760,,
"""brooklyn-server""",759,https://github.com/apache/brooklyn-server/commit/d4c4195042cb0745e57a107f2a8c1934eda24fa3,https://github.com/apache/brooklyn-server/commit/e330c73de52f7dac8d5e7a81f7e54e367bc2cb91
"""brooklyn-server""",758,,
"""brooklyn-server""",756,,
"""brooklyn-server""",755,https://github.com/apache/brooklyn-server/commit/ed21fe80399e70658f92a2e4309d5574408794cf,https://github.com/apache/brooklyn-server/commit/b78bb26faa99af5cd5e8630aebecd6bef63d535d
"""brooklyn-server""",754,https://github.com/apache/brooklyn-server/commit/c54775a565c002e095100282e08ecd4271db25c3,https://github.com/apache/brooklyn-server/commit/299c2ab8f36439212cbd09cf58f67a4d74f13df9
"""brooklyn-server""",753,https://github.com/apache/brooklyn-server/commit/e89c43daa346caaeb098ef521e8b05d1577d7bee,https://github.com/apache/brooklyn-server/commit/247baa01ae64688dedd710cecf89ef75a5f97fca
"""brooklyn-server""",751,,
"""brooklyn-server""",749,,
"""brooklyn-server""",748,,
"""brooklyn-server""",747,https://github.com/apache/brooklyn-server/commit/ddb6b8b4403ae65beebac5b40fd3985d02862333,https://github.com/apache/brooklyn-server/commit/eb03dca56796c72cace595a2b8a86224365da8bd
"""brooklyn-server""",746,https://github.com/apache/brooklyn-server/commit/f9c1af3dfcdc2dc9bf38ea2aef0052e2df62ddb2,https://github.com/apache/brooklyn-server/commit/98d9b0a37af4df33198ad8ad10aea5ba6fff52a8
"""brooklyn-server""",745,https://github.com/apache/brooklyn-server/commit/e21adb4dfe0232c43f8bf58f5adbcc32d4e43698,https://github.com/apache/brooklyn-server/commit/6d40d632cd9a49f0ab792af3714d87dfa4597ca1
"""brooklyn-server""",744,,
"""brooklyn-server""",743,,
"""brooklyn-server""",742,https://github.com/apache/brooklyn-server/commit/52e73f3d43507cfefbffd614fc9219df4199aeef,https://github.com/apache/brooklyn-server/commit/55b44603e4b0845f6d63f6d5e70953f6fdc1fffe
"""brooklyn-server""",741,,
"""brooklyn-server""",740,https://github.com/apache/brooklyn-server/commit/28c1b5c0a003dc9362f56de1d255d2f7a43d185e,https://github.com/apache/brooklyn-server/commit/ee853f5806f3d2d89f2c76521ec236695f61f80d
"""brooklyn-server""",739,https://github.com/apache/brooklyn-server/commit/86682d98b94fde59e4d40fd347998363b9be3936,https://github.com/apache/brooklyn-server/commit/44470854f19224fd3c62fb912db7951af0b38c3f
"""brooklyn-server""",738,https://github.com/apache/brooklyn-server/commit/96aaaf80bae4ba8a28438b55161f3c82a3e67818,https://github.com/apache/brooklyn-server/commit/52f9ebdd391f0fa876e47f87b397159d1a48b0f8
"""brooklyn-server""",737,,
"""brooklyn-server""",736,,
"""brooklyn-server""",735,,
"""brooklyn-server""",734,,
"""brooklyn-server""",733,,
"""brooklyn-server""",732,https://github.com/apache/brooklyn-server/commit/d7ab14b0594f3ea2c728bdd0e575e650b3d31530,https://github.com/apache/brooklyn-server/commit/0ce7a0ea65264ee06e6c615e14c85c9d99d7f227
"""brooklyn-server""",731,,
"""brooklyn-server""",730,,
"""brooklyn-server""",729,,
"""brooklyn-server""",728,,
"""brooklyn-server""",726,,
"""brooklyn-server""",725,,
"""brooklyn-server""",724,https://github.com/apache/brooklyn-server/commit/ea6c9578f337a674756d8e031699ede4ee999983,https://github.com/apache/brooklyn-server/commit/c526b308dd04d58cafc9c584a5d941163995000a
"""brooklyn-server""",723,,
"""brooklyn-server""",722,,
"""brooklyn-server""",721,,
"""brooklyn-server""",719,,
"""brooklyn-server""",718,https://github.com/apache/brooklyn-server/commit/2e83b0fd85598c0172da16702a6f04084df24f51,https://github.com/apache/brooklyn-server/commit/9d448f3204ee26b7f716f5e339fe07d814fb37c3
"""brooklyn-server""",717,,
"""brooklyn-server""",716,https://github.com/apache/brooklyn-server/commit/e3ec018c90172d1bb27596db9209aa15d6a31c46,https://github.com/apache/brooklyn-server/commit/41341c493341cd7d726d18dec7f690f5e4c47618
"""brooklyn-server""",715,,
"""brooklyn-server""",714,,
"""brooklyn-server""",713,,
"""brooklyn-server""",712,,
"""brooklyn-server""",711,,
"""brooklyn-server""",710,https://github.com/apache/brooklyn-server/commit/b4147125c0be0ec1e5c46b7ab62865a8e032faed,https://github.com/apache/brooklyn-server/commit/49543d09286ab72fc2d12afda8aa293011e32c53
"""brooklyn-server""",709,,
"""brooklyn-server""",708,,
"""brooklyn-server""",707,,
"""brooklyn-server""",706,,
"""brooklyn-server""",705,,
"""brooklyn-server""",704,https://github.com/apache/brooklyn-server/commit/3e1002d5be91ae9ff543a34a477ced3e35cf351f,https://github.com/apache/brooklyn-server/commit/7f3eda61b3e58b0675bb0074ecd23bd7d127e38a
"""brooklyn-server""",703,,
"""brooklyn-server""",702,,
"""brooklyn-server""",701,,
"""brooklyn-server""",700,,
"""brooklyn-server""",699,,
"""brooklyn-server""",698,,
"""brooklyn-server""",697,,
"""brooklyn-server""",696,,
"""brooklyn-server""",695,,
"""brooklyn-server""",694,,
"""brooklyn-server""",693,https://github.com/apache/brooklyn-server/commit/5ba9068e9b6973b5e4c126f5319072b2a956c755,https://github.com/apache/brooklyn-server/commit/610c720f73476b6a63770916f72cc9d8da75c334
"""brooklyn-server""",692,https://github.com/apache/brooklyn-server/commit/73936b449f9576c00471d2df88678d805fd641f2,https://github.com/apache/brooklyn-server/commit/b8d3b863b6ea2eebfa1bb14565c55a78a3e8706d
"""brooklyn-server""",691,https://github.com/apache/brooklyn-server/commit/1eb1a0b48dd09d843a511f1da35f344ecaaa3354,https://github.com/apache/brooklyn-server/commit/15a203c0cab2142d04d426d77db9c45a76e61bf6
"""brooklyn-server""",689,,
"""brooklyn-server""",688,,
"""brooklyn-server""",687,https://github.com/apache/brooklyn-server/commit/fdd2e11619d6e5888d58441a933ca580fa0b2b8b,https://github.com/apache/brooklyn-server/commit/24236966d2e1a06e251a2d971c7c4f7fb55479df
"""brooklyn-server""",686,,
"""brooklyn-server""",685,https://github.com/apache/brooklyn-server/commit/3fbd3752125a28241fa2abcb1855409a21285899,https://github.com/apache/brooklyn-server/commit/896a1739b833b6a57c30446ed79ba9eac046773f
"""brooklyn-server""",684,,
"""brooklyn-server""",683,,
"""brooklyn-server""",682,,
"""brooklyn-server""",681,https://github.com/apache/brooklyn-server/commit/e478e6b068b612b2c76bbc57390f18bd6ea693dd,https://github.com/apache/brooklyn-server/commit/6437d9d5f91fa8fafd31fb528947e64077857624
"""brooklyn-server""",680,https://github.com/apache/brooklyn-server/commit/320c29e06dca6c2e99cc79a8b373ba1f914a8a3d,https://github.com/apache/brooklyn-server/commit/4b29d0325a65eee23a30f3bd93aed6f3b6937da4
"""brooklyn-server""",679,,
"""brooklyn-server""",678,https://github.com/apache/brooklyn-server/commit/be816ec62a7f62759f6f2e08767e0cb2a2afb1ce,https://github.com/apache/brooklyn-server/commit/96967fbdb06fe1cc8725248cf5aa1ff15f5866e6
"""brooklyn-server""",677,https://github.com/apache/brooklyn-server/commit/7d260f326f04052cfa17e0736e9180917a99434b,https://github.com/apache/brooklyn-server/commit/6b828952bfb50246f0db7f8fe6ec195a9648661b
"""brooklyn-server""",676,,
"""brooklyn-server""",675,,
"""brooklyn-server""",672,https://github.com/apache/brooklyn-server/commit/1954ee26b2b540c610487e345ececf40baf637f6,https://github.com/apache/brooklyn-server/commit/33d9fd63aae2f7da3b2467bba3e47df8269d5acd
"""brooklyn-server""",671,,
"""brooklyn-server""",670,,
"""brooklyn-server""",669,,
"""brooklyn-server""",668,,
"""brooklyn-server""",667,,
"""brooklyn-server""",666,,
"""brooklyn-server""",665,https://github.com/apache/brooklyn-server/commit/cb20cce9afe9af4f0477b8c087951d057f2564a0,https://github.com/apache/brooklyn-server/commit/e0feddb7f0aaa43baed6d6be29325be97ec24f16
"""brooklyn-server""",663,,
"""brooklyn-server""",662,https://github.com/apache/brooklyn-server/commit/0deb36944032ee99b7a38ff5300e4275cb6d5aa2,https://github.com/apache/brooklyn-server/commit/c00af93f232e01a50cc3d30490749bc13d722598
"""brooklyn-server""",661,https://github.com/apache/brooklyn-server/commit/2768f559515f312b28d98d64546a693a776a041f,https://github.com/apache/brooklyn-server/commit/40fdfaf200885fcad119dbcca55e9aa27c82a993
"""brooklyn-server""",660,,
"""brooklyn-server""",659,,
"""brooklyn-server""",658,https://github.com/apache/brooklyn-server/commit/bdce14589453f02a00a092cf0ff383a4448e875b,https://github.com/apache/brooklyn-server/commit/94b0a3e762659b38888eb22d04fdaf12313083ba
"""brooklyn-server""",656,,
"""brooklyn-server""",655,,
"""brooklyn-server""",654,https://github.com/apache/brooklyn-server/commit/2c3904827da5a2ee8c5865a10374dc76871764f6,https://github.com/apache/brooklyn-server/commit/9a351349933cf35abc4f3aa7764a5671646bb3a7
"""brooklyn-server""",653,,
"""brooklyn-server""",652,https://github.com/apache/brooklyn-server/commit/371e7178e2501887e7d9820f3f05ff396bff00f3,https://github.com/apache/brooklyn-server/commit/f338dce6cf22d31f7abf4900a0093d7ab938b143
"""brooklyn-server""",651,https://github.com/apache/brooklyn-server/commit/9a824429bcd4b712333f95f72aace2bd0faaf701,https://github.com/apache/brooklyn-server/commit/db882bbc9581becfedb718054a5f0976db5e1d24
"""brooklyn-server""",650,,
"""brooklyn-server""",649,https://github.com/apache/brooklyn-server/commit/17aa4d36ad4059001f00f4c38a831138d53417c0,https://github.com/apache/brooklyn-server/commit/881ecd5641f8710924edb21f48b7c9a0fddf3f3a
"""brooklyn-server""",647,,
"""brooklyn-server""",646,https://github.com/apache/brooklyn-server/commit/323bb8144cd98f4487ec99e9777124c5621a5fd8,https://github.com/apache/brooklyn-server/commit/88a09bae443548cab24bd585b7e84f40125b0d4c
"""brooklyn-server""",645,https://github.com/apache/brooklyn-server/commit/eadc0c541054fe06058fc4b83773ff83259d0949,https://github.com/apache/brooklyn-server/commit/cee8e1eed5b069dee62462e5be0d4785502328ba
"""brooklyn-server""",644,https://github.com/apache/brooklyn-server/commit/d45991c26e42c05691425361cec9193a488dd6a9,https://github.com/apache/brooklyn-server/commit/62315261f7e6b011edccacb72992de61196d11da
"""brooklyn-server""",643,,
"""brooklyn-server""",642,,
"""brooklyn-server""",640,,
"""brooklyn-server""",639,https://github.com/apache/brooklyn-server/commit/2d165e2705532d6ae036fb76868a7f31cb573360,https://github.com/apache/brooklyn-server/commit/d292e3dbe37dfd7e32c081f755026b230758ca3b
"""brooklyn-server""",638,https://github.com/apache/brooklyn-server/commit/3320a51820fe77a60a994395e10eeb3ac98aec16,https://github.com/apache/brooklyn-server/commit/02305e71616fb0083f9f6bdd745c267b89718526
"""brooklyn-server""",637,,
"""brooklyn-server""",636,,
"""brooklyn-server""",635,,
"""brooklyn-server""",634,,
"""brooklyn-server""",633,,
"""brooklyn-server""",632,,
"""brooklyn-server""",631,,
"""brooklyn-server""",630,,
"""brooklyn-server""",629,,
"""brooklyn-server""",628,,
"""brooklyn-server""",627,,
"""brooklyn-server""",626,,
"""brooklyn-server""",625,https://github.com/apache/brooklyn-server/commit/0111b45c71438f53898e26cf0322458f725ccaf6,https://github.com/apache/brooklyn-server/commit/736db3ee40e6d5fbaca91e3514ecf6e484e7a9cd
"""brooklyn-server""",624,https://github.com/apache/brooklyn-server/commit/0ef4256e76e787415c033e6dbdb6122922172f15,https://github.com/apache/brooklyn-server/commit/2e3e82f57bb621b247a2849c26c7d87b73249846
"""brooklyn-server""",623,,
"""brooklyn-server""",622,https://github.com/apache/brooklyn-server/commit/71e93951659ce55eab76f5fe57c9df736f89ece6,https://github.com/apache/brooklyn-server/commit/28dc13e888edb77c9010c8ab13a56d7782f50e28
"""brooklyn-server""",621,,
"""brooklyn-server""",620,,
"""brooklyn-server""",619,https://github.com/apache/brooklyn-server/commit/cbb73d192215c986c1dd52ae05fe23be8ec39213,https://github.com/apache/brooklyn-server/commit/c51c69a2612adf3d10ae16f01b4e20d1f37e6297
"""brooklyn-server""",618,,
"""brooklyn-server""",617,https://github.com/apache/brooklyn-server/commit/a32aac65f7839ec9d28751a9578e97cc0d2d7e23,https://github.com/apache/brooklyn-server/commit/4405909e2f0a8981afe635191b081d69437813b6
"""brooklyn-server""",616,,
"""brooklyn-server""",615,,
"""brooklyn-server""",614,https://github.com/apache/brooklyn-server/commit/135274a25bd212a1d06d8bba05de09e9df8f0090,https://github.com/apache/brooklyn-server/commit/5e7a827a0cc4543a07498892703fb4ea1a23c67e
"""brooklyn-server""",613,,
"""brooklyn-server""",612,https://github.com/apache/brooklyn-server/commit/c6db8e0fe9401c300e478bdbe8d004e6c4fd2081,https://github.com/apache/brooklyn-server/commit/08d7bf9856f9d2f3c7e405dec76d5c7578842aeb
"""brooklyn-server""",611,https://github.com/apache/brooklyn-server/commit/1d52e2e468bdf3bf83ec1b61279c197577fb3e10,https://github.com/apache/brooklyn-server/commit/1d056d812d15a6ddd92e29cafd07d8f3b03c736e
"""brooklyn-server""",610,https://github.com/apache/brooklyn-server/commit/79efd1fbe94c5f130ab1886f462b871b087b1c07,https://github.com/apache/brooklyn-server/commit/363874e6f8a2d0d25930f4bf00038d8fbad15a94
"""brooklyn-server""",609,,
"""brooklyn-server""",608,https://github.com/apache/brooklyn-server/commit/61d6f338c0e363e63ec50221dbbe2e45e737b7b0,https://github.com/apache/brooklyn-server/commit/e2fa07759cb11c5c6fc268fe7b15a7aafebea859
"""brooklyn-server""",607,,
"""brooklyn-server""",606,,
"""brooklyn-server""",603,https://github.com/apache/brooklyn-server/commit/4334b12be5bd187d0017507037d63b7389acbcfc,https://github.com/apache/brooklyn-server/commit/245344f62b921a05c1acbc6b99b49e13910eee97
"""brooklyn-server""",602,,
"""brooklyn-server""",601,,
"""brooklyn-server""",600,https://github.com/apache/brooklyn-server/commit/cc850ef63544f9d1fd601309410d3c30a38ca1c9,https://github.com/apache/brooklyn-server/commit/f0fa7b90faa7b2578cbf463021fa666eadfc9a35
"""brooklyn-server""",599,,
"""brooklyn-server""",598,https://github.com/apache/brooklyn-server/commit/1482bf0cfc725478ad48ffc101896e62aeee2bfc,https://github.com/apache/brooklyn-server/commit/7ea207f8942370440e16daccc374d93c70bfaa0f
"""brooklyn-server""",596,,
"""brooklyn-server""",595,https://github.com/apache/brooklyn-server/commit/67c40077311b7889bf7d4e6ca1e8a7ac40ea959e,https://github.com/apache/brooklyn-server/commit/1cbfb8d8420ff00ca6798e5a0e122c305143c792
"""brooklyn-server""",594,https://github.com/apache/brooklyn-server/commit/cec85c486cd815c426d9c619b0a46cbad2e901df,https://github.com/apache/brooklyn-server/commit/ba2cf5d0af6a755769a0e1022ac077e81743c591
"""brooklyn-server""",593,https://github.com/apache/brooklyn-server/commit/c8b5e13d1b2d9708d8dbfbec1cd2e943d1bd13d1,https://github.com/apache/brooklyn-server/commit/a536cdc1066b64782d0d0333061d69ad63133557
"""brooklyn-server""",592,https://github.com/apache/brooklyn-server/commit/f8e0d98e2d04076ebe98a6b5ae32aa6cf649aa8d,https://github.com/apache/brooklyn-server/commit/0a6c7f0ae10495a7e3aaa1b564b33c94a7203365
"""brooklyn-server""",591,,
"""brooklyn-server""",590,https://github.com/apache/brooklyn-server/commit/8e4fc1740d6a1768d5e2315fe65c59ab10590c39,https://github.com/apache/brooklyn-server/commit/116de91e2f2ae86aa61c4f398a3354231e5f2985
"""brooklyn-server""",589,https://github.com/apache/brooklyn-server/commit/5bb7e56621911e10546aa18f6e1f321462ac9616,https://github.com/apache/brooklyn-server/commit/7b2b33ca715918993896c541cbe9846986455aff
"""brooklyn-server""",588,,
"""brooklyn-server""",587,,
"""brooklyn-server""",586,,
"""brooklyn-server""",585,,
"""brooklyn-server""",584,,
"""brooklyn-server""",582,https://github.com/apache/brooklyn-server/commit/ab4d57a9bf726adb3666020d3e2fb20487c9a0ff,https://github.com/apache/brooklyn-server/commit/09f8332fe5c496e7194ff59e2c77bc0870a2fe74
"""brooklyn-server""",581,https://github.com/apache/brooklyn-server/commit/29aa86fb68cceac0e88eba55aff46cea378fbcef,https://github.com/apache/brooklyn-server/commit/13ee36ed68291d382e1a6351b16c26ed15878a12
"""brooklyn-server""",580,,
"""brooklyn-server""",579,,
"""brooklyn-server""",578,https://github.com/apache/brooklyn-server/commit/73ca15345fd10c830de0e142376b0657f4025d44,https://github.com/apache/brooklyn-server/commit/7f4be5588233d97b332a75a82a8c9969cb8da0ec
"""brooklyn-server""",577,,
"""brooklyn-server""",576,https://github.com/apache/brooklyn-server/commit/d718a748fc7b52f31d637f477cc4ac420e1cd781,https://github.com/apache/brooklyn-server/commit/1d27f1aada201ab39109625e80bbcf21ea7318c8
"""brooklyn-server""",575,,
"""brooklyn-server""",574,,
"""brooklyn-server""",573,https://github.com/apache/brooklyn-server/commit/abb884d6d72e13c2431fe4fbb4b98f1f3420e878,https://github.com/apache/brooklyn-server/commit/40330602af958d1e3486feea81933168d44e936d
"""brooklyn-server""",572,https://github.com/apache/brooklyn-server/commit/0ac29a33d3bf891fdfd2662f0933fca5d187d7b6,https://github.com/apache/brooklyn-server/commit/01f935cd5956ddee8d91983a4b6ad4542b6f1de8
"""brooklyn-server""",571,https://github.com/apache/brooklyn-server/commit/178475859424a1c27bc3900c5fba780369981960,https://github.com/apache/brooklyn-server/commit/4807c626ac5d011878f15c50f41ac9464d47355e
"""brooklyn-server""",570,https://github.com/apache/brooklyn-server/commit/50c3dc594ef51b5784e7e546263ebad5f0dfbaa3,https://github.com/apache/brooklyn-server/commit/51b3c253e49b631ca2525ad5e537a1b14cd37e73
"""brooklyn-server""",569,,
"""brooklyn-server""",568,,
"""brooklyn-server""",566,,
"""brooklyn-server""",565,https://github.com/apache/brooklyn-server/commit/617256d312423f84c70baa35c1ab5218afedb6d1,https://github.com/apache/brooklyn-server/commit/d214ca99a865707db6d82b5f843c8a921657c886
"""brooklyn-server""",564,https://github.com/apache/brooklyn-server/commit/00d6404e1502ee55c2e2f5ec6b04d26672a1dcde,https://github.com/apache/brooklyn-server/commit/1382b384611d394d644cf2ada7d0867ab283c8fa
"""brooklyn-server""",562,https://github.com/apache/brooklyn-server/commit/33706e31ea1b0964321ade398328a262096b3ac7,https://github.com/apache/brooklyn-server/commit/90921b37220594ad73a8bbf7b25890041f83d770
"""brooklyn-server""",561,,
"""brooklyn-server""",560,https://github.com/apache/brooklyn-server/commit/4e19967633cd864169581dc8e6aa0b6bebdfefd1,https://github.com/apache/brooklyn-server/commit/0cfc27b188cd333b5991183b48693f82f7a8c154
"""brooklyn-server""",559,https://github.com/apache/brooklyn-server/commit/c2854b94159137788c4b587e968feb9769795c7f,https://github.com/apache/brooklyn-server/commit/99f0adc0b07023542e494f3aac86daa2788991ad
"""brooklyn-server""",558,https://github.com/apache/brooklyn-server/commit/0e69d27b96c64765e518b7d0b665f06860a2711e,https://github.com/apache/brooklyn-server/commit/4bda12b70ffc2146aa60ac0ab40de52b3b266a8d
"""brooklyn-server""",557,https://github.com/apache/brooklyn-server/commit/e1209d4d67039598b55a51bd2e6c809afa8a1e67,https://github.com/apache/brooklyn-server/commit/d66f7c63654022b4d473df37c4f481e1d2ef9993
"""brooklyn-server""",556,,
"""brooklyn-server""",555,https://github.com/apache/brooklyn-server/commit/ca72a51165e4ebafcd282ca83b3ca845e375ae79,https://github.com/apache/brooklyn-server/commit/070c6f54abb0c689e55656661f7f699c14c571e3
"""brooklyn-server""",553,,
"""brooklyn-server""",552,,
"""brooklyn-server""",551,,
"""brooklyn-server""",550,https://github.com/apache/brooklyn-server/commit/10866ae872cf6d7ed0b00071c018ccbd62c6e4f9,https://github.com/apache/brooklyn-server/commit/a49a7dba55b7670ea993a5704f05c44cd93706c7
"""brooklyn-server""",549,https://github.com/apache/brooklyn-server/commit/bb7fb5557f4fa42a72d02acfef6db66a4edc60a4,https://github.com/apache/brooklyn-server/commit/98f521b6c3e2c9491d4bb284f3e318795d45bbc9
"""brooklyn-server""",547,https://github.com/apache/brooklyn-server/commit/ef124283bfa3acbcb7a059dce7c90aa69bb0bf4a,https://github.com/apache/brooklyn-server/commit/07e1bc82deaafcb62116bc0407e97239b36f42ab
"""brooklyn-server""",546,https://github.com/apache/brooklyn-server/commit/9e6a8066928243848b0443019db000c3f72ba2d9,https://github.com/apache/brooklyn-server/commit/62989ac9d615d89d0e95e44fe6f772b116a9aaf8
"""brooklyn-server""",545,,
"""brooklyn-server""",544,https://github.com/apache/brooklyn-server/commit/86e958a4a4f0524e974567003f90dad7ef9575cf,https://github.com/apache/brooklyn-server/commit/3b74ed7a78da82db35c04f1775c5d64fa377d41f
"""brooklyn-server""",543,,
"""brooklyn-server""",542,https://github.com/apache/brooklyn-server/commit/ebb3229abcd4ed4289eb236fe2a4747a97a77d19,https://github.com/apache/brooklyn-server/commit/03dc429b1b75bf364e7601ded896d2bfb505a9c4
"""brooklyn-server""",541,,
"""brooklyn-server""",540,,
"""brooklyn-server""",539,https://github.com/apache/brooklyn-server/commit/c437a9cf23b2422919c84684d43e8e0b0f3796b2,https://github.com/apache/brooklyn-server/commit/fa56d10133496b191027dd027ccf64a78b6c93df
"""brooklyn-server""",538,,
"""brooklyn-server""",537,,
"""brooklyn-server""",536,,
"""brooklyn-server""",535,https://github.com/apache/brooklyn-server/commit/1bfb8eb9e569e94388dd617d07ac705e0b30b0b1,https://github.com/apache/brooklyn-server/commit/75d946e35cb6062d469f78626b3acbe8581d5a10
"""brooklyn-server""",534,,
"""brooklyn-server""",533,https://github.com/apache/brooklyn-server/commit/053dcae455863972e355370830e82bc2ec90b586,https://github.com/apache/brooklyn-server/commit/dfd4315565c6767ccb16979c8d098717ed2a4853
"""brooklyn-server""",532,,
"""brooklyn-server""",531,https://github.com/apache/brooklyn-server/commit/98edec705ce08b7fbca8e90759edde995f71c95b,https://github.com/apache/brooklyn-server/commit/1871a5219f2a25e172e2b5367315aef55bb79457
"""brooklyn-server""",530,https://github.com/apache/brooklyn-server/commit/b583616cec8639a5af532d68329345b2f7e37deb,https://github.com/apache/brooklyn-server/commit/645d59ba4ab3fa85cbf07449dbfaf4a1d0a396c9
"""brooklyn-server""",529,https://github.com/apache/brooklyn-server/commit/728fb467b52b23607aa1b35f47e48a71e7b0f1b1,https://github.com/apache/brooklyn-server/commit/3fd64c8992c5f561b591ea0239ceabbc5ae2719d
"""brooklyn-server""",528,,
"""brooklyn-server""",527,,
"""brooklyn-server""",526,,
"""brooklyn-server""",525,https://github.com/apache/brooklyn-server/commit/63d1e6bf413af8e99b6cba9f6393965f6fcef9bb,https://github.com/apache/brooklyn-server/commit/013b38bf0f146114d3a67423c0dcc3661b50f88c
"""brooklyn-server""",524,https://github.com/apache/brooklyn-server/commit/250f9f78d4c151422b5518cb0a3bf829ae5fb08a,https://github.com/apache/brooklyn-server/commit/048bb6bff5562f6884130391463da0d20dc9b60c
"""brooklyn-server""",523,,
"""brooklyn-server""",522,,
"""brooklyn-server""",521,,
"""brooklyn-server""",520,https://github.com/apache/brooklyn-server/commit/77005c63d42e5975c3a4d84902492631d0bbc121,https://github.com/apache/brooklyn-server/commit/ae8eb9e346df7f91acf229e3d6fd8f68c41a9c69
"""brooklyn-server""",519,https://github.com/apache/brooklyn-server/commit/e92bfc0b273700bbdc2bb03dd4b2cbf7d2300d7e,https://github.com/apache/brooklyn-server/commit/51e568e6c0b5c9582c97067b8e7aa6918cb80b64
"""brooklyn-server""",518,,
"""brooklyn-server""",517,,
"""brooklyn-server""",516,https://github.com/apache/brooklyn-server/commit/dbae41dbd4f93c3185c2cc97a894f050bdc8f440,https://github.com/apache/brooklyn-server/commit/e058ceda888c86b96b23f4876da9acc7ac230ab2
"""brooklyn-server""",515,,
"""brooklyn-server""",514,,
"""brooklyn-server""",513,https://github.com/apache/brooklyn-server/commit/119450205e5578182b3c5ccbce81d9e180227040,https://github.com/apache/brooklyn-server/commit/2396f226e78a6d6e273d0a8a8068467d4c1f3b00
"""brooklyn-server""",512,,
"""brooklyn-server""",511,,
"""brooklyn-server""",510,,
"""brooklyn-server""",509,,
"""brooklyn-server""",508,https://github.com/apache/brooklyn-server/commit/4e6b17490990d0bbacb4331cf80ecdb8ed6977c4,https://github.com/apache/brooklyn-server/commit/fdae5858e5f971e3ef7acfe568b213ee653a3890
"""brooklyn-server""",507,,
"""brooklyn-server""",506,,
"""brooklyn-server""",505,https://github.com/apache/brooklyn-server/commit/d8a2e24aa4782473265206b34e6a166593af68af,https://github.com/apache/brooklyn-server/commit/4c1fe06042eca2be3edcd8c603d8435559b4a9a9
"""brooklyn-server""",503,https://github.com/apache/brooklyn-server/commit/0fde329b817ec491df06d85bb0c43a15b4997dfa,https://github.com/apache/brooklyn-server/commit/eb6014c74be2b075ea4099a7321f7491e4ea8022
"""brooklyn-server""",502,https://github.com/apache/brooklyn-server/commit/025e535a4141ad17f7fa9a0527944c9846adbc8f,https://github.com/apache/brooklyn-server/commit/0fc7820dba7ce149fb172527b0bca66d058fe7af
"""brooklyn-server""",501,https://github.com/apache/brooklyn-server/commit/fc2d9ebb9f5695f9aa73b5a1d4a9fd29c686559b,https://github.com/apache/brooklyn-server/commit/c5e41af2e8113113c1c6908ca43edbf29575963c
"""brooklyn-server""",500,,
"""brooklyn-server""",499,https://github.com/apache/brooklyn-server/commit/e320be2d32b6bce90f6e78080ba8173679b0f860,https://github.com/apache/brooklyn-server/commit/969ed826142c9d03605bb75cdc967d54f231cf21
"""brooklyn-server""",498,https://github.com/apache/brooklyn-server/commit/d73221f1cd445f84c9d0fea8879323d985d36934,https://github.com/apache/brooklyn-server/commit/6946a4a0465928c7c1fd9f440825a19560967e45
"""brooklyn-server""",497,https://github.com/apache/brooklyn-server/commit/5d0d505cab112fe79b7c2c43e3a08769a0099781,https://github.com/apache/brooklyn-server/commit/e15f23245ab99fabb12bd7cc7794ab3f5e3b1d9d
"""brooklyn-server""",496,,
"""brooklyn-server""",495,,
"""brooklyn-server""",494,,
"""brooklyn-server""",493,https://github.com/apache/brooklyn-server/commit/8f65875041d5dd4959d0a1016c0db8e04db7ea40,https://github.com/apache/brooklyn-server/commit/2a3da72e418d94a7222e8462cf2dd783abba94fa
"""brooklyn-server""",492,https://github.com/apache/brooklyn-server/commit/4899990954d6b89ef66503db46839092a8b971bf,https://github.com/apache/brooklyn-server/commit/a34e8ab59a0e09a3c83150c4732df2269dbba5fd
"""brooklyn-server""",490,https://github.com/apache/brooklyn-server/commit/0691b20b52c3f1e437725b5f7ddc53d4a43090fc,https://github.com/apache/brooklyn-server/commit/c964e36b82652e61220ad41d367dd09762b88c7d
"""brooklyn-server""",489,https://github.com/apache/brooklyn-server/commit/92d67a2593bb890508f451973c6c6728e0ee6136,https://github.com/apache/brooklyn-server/commit/ed560a740574bb4398d2debba353f90608b46ce9
"""brooklyn-server""",488,,
"""brooklyn-server""",487,,
"""brooklyn-server""",485,https://github.com/apache/brooklyn-server/commit/777e5585fea3650a7f9d094f68a1e468574671d3,https://github.com/apache/brooklyn-server/commit/67419b65c3976292ca35b7c26cd3804fca7cd182
"""brooklyn-server""",484,https://github.com/apache/brooklyn-server/commit/8ce35976fe1ba856737de9b158882553f7fac4d8,https://github.com/apache/brooklyn-server/commit/f89ba453253cadf2d0df1bf05d741543d8e36a9b
"""brooklyn-server""",483,,
"""brooklyn-server""",482,https://github.com/apache/brooklyn-server/commit/e634760951fc536fb5885f76b2d3639c7b604e65,https://github.com/apache/brooklyn-server/commit/6607ccbc3adff741c23d1aff7fb13fa9e6e16a8d
"""brooklyn-server""",481,,
"""brooklyn-server""",480,https://github.com/apache/brooklyn-server/commit/dd887dda687cba3ef14207ffef05b2267d512867,https://github.com/apache/brooklyn-server/commit/49f0e225f8196c9d2314afe52cffbc1839cdfcf6
"""brooklyn-server""",479,,
"""brooklyn-server""",478,,
"""brooklyn-server""",477,https://github.com/apache/brooklyn-server/commit/201861552b33b5c7e89e3feb1e9c2d8b99c1aeca,https://github.com/apache/brooklyn-server/commit/ab42d1068223643f489874f77d35db4813fbbfc4
"""brooklyn-server""",476,,
"""brooklyn-server""",475,https://github.com/apache/brooklyn-server/commit/0e509420c052534a0378adc3b3b94b24ef0898ac,https://github.com/apache/brooklyn-server/commit/171843ecef4b5432c91840de15399bf7aa42fed9
"""brooklyn-server""",474,https://github.com/apache/brooklyn-server/commit/ee0a90abed6fd7bfb4c8746a55fb54c4c68271a2,https://github.com/apache/brooklyn-server/commit/8add71424ca010ad65355f7a7dacb74533cbc332
"""brooklyn-server""",473,https://github.com/apache/brooklyn-server/commit/69e18cacee3a27257ce309cdec54004ac52a99fe,https://github.com/apache/brooklyn-server/commit/816dc56a6eec32f426b5d6a758e4b8890d523e3e
"""brooklyn-server""",472,https://github.com/apache/brooklyn-server/commit/1be97d7f81ed4c6d2a128a4597fb4f5cc69adb9e,https://github.com/apache/brooklyn-server/commit/6d710b7a77220f5ecba82fd32d7d04480ffa5855
"""brooklyn-server""",470,,
"""brooklyn-server""",469,,
"""brooklyn-server""",468,,
"""brooklyn-server""",467,,
"""brooklyn-server""",466,,
"""brooklyn-server""",464,https://github.com/apache/brooklyn-server/commit/2c4de93df3d54e4a6de8e52f2ad6be1f248463fb,https://github.com/apache/brooklyn-server/commit/0de1d01cd255143170b87a156ab7923bb59ac9de
"""brooklyn-server""",463,,
"""brooklyn-server""",462,https://github.com/apache/brooklyn-server/commit/ad23953941de88bb24182cf148213a57b4987fb6,https://github.com/apache/brooklyn-server/commit/49835acf3581d208350af184a4c0fdfca34ef6b5
"""brooklyn-server""",461,,
"""brooklyn-server""",460,https://github.com/apache/brooklyn-server/commit/8c155879f789c1cdf19a8f620d08ec24a205a1b4,https://github.com/apache/brooklyn-server/commit/95d5ecd8e9a5ad68df9e3dbee147364df6bae404
"""brooklyn-server""",459,,
"""brooklyn-server""",458,,
"""brooklyn-server""",457,,
"""brooklyn-server""",456,,
"""brooklyn-server""",455,,
"""brooklyn-server""",454,https://github.com/apache/brooklyn-server/commit/06a19507a3f3bf0c2fcd739ca193b4aca59c9ccb,https://github.com/apache/brooklyn-server/commit/717ceb786c8f8e26c9fefbdfadd19931fdfde92f
"""brooklyn-server""",453,,
"""brooklyn-server""",452,https://github.com/apache/brooklyn-server/commit/fffff834f80cf0591139d7549905d9222eaf9457,https://github.com/apache/brooklyn-server/commit/33858931884831bd76af8b8c209aa6ab47194a79
"""brooklyn-server""",451,,
"""brooklyn-server""",450,,
"""brooklyn-server""",449,https://github.com/apache/brooklyn-server/commit/a9fb2e91889cf597309c67381ef798cbc41f4a1c,https://github.com/apache/brooklyn-server/commit/c56e203d9b838eef34b03bfd0c3dbe29f6fdbbd5
"""brooklyn-server""",448,,
"""brooklyn-server""",447,,
"""brooklyn-server""",446,,
"""brooklyn-server""",445,https://github.com/apache/brooklyn-server/commit/7dafdafb2b601cdbfad2cce0ce0a2abe80ba3e2f,https://github.com/apache/brooklyn-server/commit/4f3a3da979c4b0a6011bf2f2dcdfa0e3d873d1fa
"""brooklyn-server""",444,,
"""brooklyn-server""",443,https://github.com/apache/brooklyn-server/commit/705b415def8646d547f08ba415d0e461dd547676,https://github.com/apache/brooklyn-server/commit/4e30074ca9b09a49c6a4b052d6f28d05608b36eb
"""brooklyn-server""",442,https://github.com/apache/brooklyn-server/commit/ea9084e2c583e32ca2a843b89ac889799f890a74,https://github.com/apache/brooklyn-server/commit/bad328004bdedf7771d350aa25839e9dc4c6dc2c
"""brooklyn-server""",441,,
"""brooklyn-server""",440,https://github.com/apache/brooklyn-server/commit/8ebbf6b086ab13a9b0a53d565bebf695b3cda7ca,https://github.com/apache/brooklyn-server/commit/e28c4b3916c5e6e35892147a5e0a87f1e11e7d5f
"""brooklyn-server""",439,,
"""brooklyn-server""",438,,
"""brooklyn-server""",437,,
"""brooklyn-server""",436,,
"""brooklyn-server""",435,https://github.com/apache/brooklyn-server/commit/7969d22dfc11bb707d8447e94cf35d28eae479ae,https://github.com/apache/brooklyn-server/commit/8bef4c7a3db3584c8c383a32eb1c4a62f90f7272
"""brooklyn-server""",434,,
"""brooklyn-server""",433,,
"""brooklyn-server""",432,,
"""brooklyn-server""",431,,
"""brooklyn-server""",430,https://github.com/apache/brooklyn-server/commit/94e71a8130588f0ef73dba924141ee64c76655ca,https://github.com/apache/brooklyn-server/commit/45686e4c837478f682d6aec3792c4371b9d0e7cf
"""brooklyn-server""",429,https://github.com/apache/brooklyn-server/commit/deb2335a7c7d9bef14ccaae6ecbd3d80bcb3e2d4,https://github.com/apache/brooklyn-server/commit/413fb03a79cee4244e7de2b6601a60e512cb42f2
"""brooklyn-server""",428,https://github.com/apache/brooklyn-server/commit/9943655ea24e29d25fd219bd899d2669b6ea88b9,https://github.com/apache/brooklyn-server/commit/70baabbd9b4b0a2b6c4af0bcf265d48f9b5aa125
"""brooklyn-server""",427,,
"""brooklyn-server""",426,,
"""brooklyn-server""",425,https://github.com/apache/brooklyn-server/commit/c383af2cf4b9ef67da650ff8a4df567223d49976,https://github.com/apache/brooklyn-server/commit/a27656c431a38cd7926288ddded7516532dd6ecf
"""brooklyn-server""",424,https://github.com/apache/brooklyn-server/commit/7d0bb562cd5332a7cf0bac8c0f00fbe728d1861a,https://github.com/apache/brooklyn-server/commit/a36ecc8eb3f018444d50b7406b6b5ae06ce59b3f
"""brooklyn-server""",423,https://github.com/apache/brooklyn-server/commit/151763c3bf11dc0bcfd72dff90b74d3f7e000372,https://github.com/apache/brooklyn-server/commit/02881692851648ddeaa3d7a03b234eb69b5f363c
"""brooklyn-server""",422,https://github.com/apache/brooklyn-server/commit/fc3394c2705ec7e945172c3170c0a37e4401c5f6,https://github.com/apache/brooklyn-server/commit/c256fa97014b2515cf54486b77b2a8f8c3645e14
"""brooklyn-server""",421,,
"""brooklyn-server""",419,,
"""brooklyn-server""",418,,
"""brooklyn-server""",417,https://github.com/apache/brooklyn-server/commit/82d5aedf3f5d63200f9aa35f1f264f5e1400116a,https://github.com/apache/brooklyn-server/commit/62a295cc6967ed507f041365f91bd1fbfd377d8e
"""brooklyn-server""",416,https://github.com/apache/brooklyn-server/commit/cfd41f39d301973717034d6884119216f24bc618,https://github.com/apache/brooklyn-server/commit/bebd180be5be073cb1ba479e344c778c3706ec6d
"""brooklyn-server""",415,https://github.com/apache/brooklyn-server/commit/7b425c727ffb689bbd8a429cc47d3616be4b8949,https://github.com/apache/brooklyn-server/commit/a5e565233854dccba309e01f22887443a4bd456a
"""brooklyn-server""",414,https://github.com/apache/brooklyn-server/commit/f5ebabcf3e69aa6c0cade166d6ba1a1142688049,https://github.com/apache/brooklyn-server/commit/5529d79ec6f265fc4890cda3860a1d3d5d29cb63
"""brooklyn-server""",413,,
"""brooklyn-server""",412,https://github.com/apache/brooklyn-server/commit/a3a05448359369a6318a43e183a1916ed5dc9b5c,https://github.com/apache/brooklyn-server/commit/3ec0dd45acbf5a06265f05f6aaa2d764245f3144
"""brooklyn-server""",411,,
"""brooklyn-server""",410,,
"""brooklyn-server""",407,https://github.com/apache/brooklyn-server/commit/7c345a42bcc1c5c15b9333629d9b61622bc0cd14,https://github.com/apache/brooklyn-server/commit/cd3fd347529d53614ab7690e6528fd6103ea797b
"""brooklyn-server""",406,,
"""brooklyn-server""",405,https://github.com/apache/brooklyn-server/commit/831c403a99ab12651a646254f16d7f203ba98009,https://github.com/apache/brooklyn-server/commit/290feb936e93f893df0d5a426ca92b64f9b1a2e3
"""brooklyn-server""",404,,
"""brooklyn-server""",403,https://github.com/apache/brooklyn-server/commit/796d053b2a0b3575e95937612bfe79a9f38a1c7e,https://github.com/apache/brooklyn-server/commit/7c2379b246a1e93579008f67a68bde9c9d2b2549
"""brooklyn-server""",402,,
"""brooklyn-server""",401,,
"""brooklyn-server""",400,,
"""brooklyn-server""",399,,
"""brooklyn-server""",398,https://github.com/apache/brooklyn-server/commit/be532323bb6bf976de090cfad7827072230a84f4,https://github.com/apache/brooklyn-server/commit/c8c746cdcaacb96928e983c0ed6fb93aef344f4b
"""brooklyn-server""",395,,
"""brooklyn-server""",394,,
"""brooklyn-server""",393,https://github.com/apache/brooklyn-server/commit/5977a4131866d3221a64d0ffbf8e1aae5306d2df,https://github.com/apache/brooklyn-server/commit/124b336aa07c60ae7c06048882f30d64c732d8ec
"""brooklyn-server""",391,,
"""brooklyn-server""",390,https://github.com/apache/brooklyn-server/commit/9b896cbc5abdb03d886a4c98d8323d63fa7bc26f,https://github.com/apache/brooklyn-server/commit/cee60cc84510aebb548cecc9c2a3e65e96635406
"""brooklyn-server""",389,,
"""brooklyn-server""",388,https://github.com/apache/brooklyn-server/commit/0559ff08919ad09ca2333fd6f6cf3c9ddaab8197,https://github.com/apache/brooklyn-server/commit/1a875982ffebaad3a43c0302649dddbc0df78925
"""brooklyn-server""",387,https://github.com/apache/brooklyn-server/commit/0123a4bf257b8bc420a86fb3b531245708e1dd09,https://github.com/apache/brooklyn-server/commit/29bcac7778793a1da9c9095ebc55af4ca9f1a364
"""brooklyn-server""",386,https://github.com/apache/brooklyn-server/commit/6d2bb4c5b4887013debc802d2f053375313832be,https://github.com/apache/brooklyn-server/commit/a413cedf5cffec87a343ee3041b37db538d6a03a
"""brooklyn-server""",385,https://github.com/apache/brooklyn-server/commit/08869098765a8f4f6640aca5612bb65cf4211abe,https://github.com/apache/brooklyn-server/commit/0019473fb2cdd5dffee1115873afe59357b20e88
"""brooklyn-server""",384,,
"""brooklyn-server""",383,,
"""brooklyn-server""",382,https://github.com/apache/brooklyn-server/commit/14ca750d8edd268de14d8f552d1671b524b1035a,https://github.com/apache/brooklyn-server/commit/414f881a68920f3781aab40f4d0a9f8ad43e2c9a
"""brooklyn-server""",381,,
"""brooklyn-server""",380,,
"""brooklyn-server""",379,,
"""brooklyn-server""",378,https://github.com/apache/brooklyn-server/commit/ed6a8f580a7d6bf55cff37f9dc4ac858e091b310,https://github.com/apache/brooklyn-server/commit/042afe5f7c1619fbaa048f23ac0efd60b5864a8b
"""brooklyn-server""",377,,
"""brooklyn-server""",376,,
"""brooklyn-server""",375,,
"""brooklyn-server""",374,,
"""brooklyn-server""",372,,
"""brooklyn-server""",371,https://github.com/apache/brooklyn-server/commit/3134d358a8ee142e0be7086ed5848da77ad12b39,https://github.com/apache/brooklyn-server/commit/a5470a8b31baca9194353ffebaed8c9be8cedd06
"""brooklyn-server""",370,https://github.com/apache/brooklyn-server/commit/0956f63a83b07e18957eedadbc24b03a709c39f3,https://github.com/apache/brooklyn-server/commit/ebd32a8c1ac1eb6a3daceb0bc5cd248c3014f3de
"""brooklyn-server""",369,https://github.com/apache/brooklyn-server/commit/9cfca1021f566c30509922522e64e220c82a1a69,https://github.com/apache/brooklyn-server/commit/ebdadc3d806a1c83bfa595f038c8c8ec8c9dd524
"""brooklyn-server""",368,,
"""brooklyn-server""",367,https://github.com/apache/brooklyn-server/commit/d7b8d814c5641076b20fad6b6970ae6e8b5a009d,https://github.com/apache/brooklyn-server/commit/4210077b33344f63075c6f1524f408b9d9ce99cd
"""brooklyn-server""",366,https://github.com/apache/brooklyn-server/commit/08bed44a342fc2404c4011ac6de3d926cac02e2f,https://github.com/apache/brooklyn-server/commit/1adc2187fb47bc2af16ddcd553aef7d6b5eddeff
"""brooklyn-server""",365,https://github.com/apache/brooklyn-server/commit/1f821090a0bd3604cc0e19f01fff6b35100a7d5f,https://github.com/apache/brooklyn-server/commit/670f83d19ce90ab94c5446506ebeb81c23cd2a56
"""brooklyn-server""",364,,
"""brooklyn-server""",361,https://github.com/apache/brooklyn-server/commit/09bed4940ffad6c9c4bbab3adafa28eabbb78f87,https://github.com/apache/brooklyn-server/commit/7184d6750b2b8614c4049c6a7a991e41743673c1
"""brooklyn-server""",360,https://github.com/apache/brooklyn-server/commit/e52c90343e16efb84b8375816e1bd3dbb053112a,https://github.com/apache/brooklyn-server/commit/598059c2ffd40fdf30932fc05bd9bb4a893c96f6
"""brooklyn-server""",359,,
"""brooklyn-server""",358,https://github.com/apache/brooklyn-server/commit/65ae9c15cd3cc1d965e547d035a21661e9e52876,https://github.com/apache/brooklyn-server/commit/e14e1a5951ba8f835578cfc48c45ca849b43b06f
"""brooklyn-server""",357,,
"""brooklyn-server""",356,https://github.com/apache/brooklyn-server/commit/da6aedddbc45a52e8d52673ff4595cb788605573,https://github.com/apache/brooklyn-server/commit/9b88108d23ed8fca2f959a79ac1879ac1b6571c7
"""brooklyn-server""",355,https://github.com/apache/brooklyn-server/commit/9c240bdc463b41464660e3320e5ae3d6837b1063,https://github.com/apache/brooklyn-server/commit/4feaf810f2616ee832e28192fab9abb213841e48
"""brooklyn-server""",353,https://github.com/apache/brooklyn-server/commit/a893ceac57d213c4c4aec09e3a167e525157317e,https://github.com/apache/brooklyn-server/commit/690661fa0dc5d1dc665900abf4ce646309d20653
"""brooklyn-server""",352,,
"""brooklyn-server""",351,https://github.com/apache/brooklyn-server/commit/24093a0bf4f147356e5b7489faf88e3178ee0691,https://github.com/apache/brooklyn-server/commit/819632dc06557eba5d1b250ebf2b22099d29d5f7
"""brooklyn-server""",350,,
"""brooklyn-server""",349,,
"""brooklyn-server""",348,,
"""brooklyn-server""",347,,
"""brooklyn-server""",346,,
"""brooklyn-server""",345,,
"""brooklyn-server""",343,https://github.com/apache/brooklyn-server/commit/e8d29facb1a74b1b7863483450caa5f4483e07ea,https://github.com/apache/brooklyn-server/commit/0674a5cc5b9abfe0202be6ec1f3a857e31428c0c
"""brooklyn-server""",342,https://github.com/apache/brooklyn-server/commit/507a364b436e177486307e290c431a6a709fa9c7,https://github.com/apache/brooklyn-server/commit/8acee9fcf1cf1e03e1c1223ffcb4c54c4602e2cf
"""brooklyn-server""",341,https://github.com/apache/brooklyn-server/commit/9e649db206ae143453e1e7b77797a97dfb866000,https://github.com/apache/brooklyn-server/commit/5533af13ed612186f83a2a2338dba4efb12a5f0f
"""brooklyn-server""",340,,
"""brooklyn-server""",339,https://github.com/apache/brooklyn-server/commit/befcb04c689356905c5d9f5e5f0234668179505a,https://github.com/apache/brooklyn-server/commit/de125b71bf3d31089d705ac656d29e52e40741b1
"""brooklyn-server""",338,https://github.com/apache/brooklyn-server/commit/a6304eb29d5670d8192afbbfc236ef25e4234740,https://github.com/apache/brooklyn-server/commit/fde6aa5f5aa85e50496db3a3662ad2068dfd74a5
"""brooklyn-server""",335,,
"""brooklyn-server""",334,https://github.com/apache/brooklyn-server/commit/0c966dd398082dfa05704ad41519aa7b259d3871,https://github.com/apache/brooklyn-server/commit/3ace5cf7f54e06e2befa2d15f0598d74f2fcc65d
"""brooklyn-server""",333,,
"""brooklyn-server""",332,https://github.com/apache/brooklyn-server/commit/a264984969f9d2cf9d42f0c8c1694ff0d928a9b4,https://github.com/apache/brooklyn-server/commit/c2b04ca16b59daa7d5ae3f26f1fc06559b32a322
"""brooklyn-server""",331,,
"""brooklyn-server""",329,,
"""brooklyn-server""",328,,
"""brooklyn-server""",327,,
"""brooklyn-server""",326,https://github.com/apache/brooklyn-server/commit/9c783a8ca6b6f7ec8eeccfc06c55ce799a1c174e,https://github.com/apache/brooklyn-server/commit/ae60ffe92ccdbc8462adf29ebddef46dddd515d8
"""brooklyn-server""",325,,
"""brooklyn-server""",324,,
"""brooklyn-server""",323,,
"""brooklyn-server""",321,https://github.com/apache/brooklyn-server/commit/064f578d7b379e1e367a16b4fef9893d588a71e0,https://github.com/apache/brooklyn-server/commit/6fd5100dd59d6ff7eff1685fa62f90a18558d36b
"""brooklyn-server""",320,,
"""brooklyn-server""",319,https://github.com/apache/brooklyn-server/commit/85a4db52c8130d3e308a48a6f4fc167b9181a60b,https://github.com/apache/brooklyn-server/commit/330965f659dac6cc4536b1e99a48c915130c4acd
"""brooklyn-server""",316,,
"""brooklyn-server""",315,,
"""brooklyn-server""",314,https://github.com/apache/brooklyn-server/commit/501ab565e84658afa81016033a0ba2fee96769ad,https://github.com/apache/brooklyn-server/commit/470dda2ced543bf68f4ae931c5c7090a08d799f3
"""brooklyn-server""",313,https://github.com/apache/brooklyn-server/commit/886538cfe97fe3534d754714f7127724787ee6ee,https://github.com/apache/brooklyn-server/commit/7d50ae153886073e227b9a602cf90bf101df4bdb
"""brooklyn-server""",312,,
"""brooklyn-server""",311,,
"""brooklyn-server""",310,https://github.com/apache/brooklyn-server/commit/0fcacedfe17456dd7274be8aed3ee5bc926b0f0a,https://github.com/apache/brooklyn-server/commit/1cdf00fab12033e7431b268a5727e148fee6e4b4
"""brooklyn-server""",309,https://github.com/apache/brooklyn-server/commit/21a6ceebe1ac4b963ae3d1da3a4534059707cc4d,https://github.com/apache/brooklyn-server/commit/dc2e14e596674e62a179edfd1fe883a897885d54
"""brooklyn-server""",308,,
"""brooklyn-server""",307,,
"""brooklyn-server""",306,,
"""brooklyn-server""",305,https://github.com/apache/brooklyn-server/commit/f270f09e345252e065fdc03ce70b02a2beb4de87,https://github.com/apache/brooklyn-server/commit/16eb543c6d158deee11dae4613eb5706cb304364
"""brooklyn-server""",304,https://github.com/apache/brooklyn-server/commit/26e2b2f7d338353dd8d8658aa1eab20f1cdfd7ef,https://github.com/apache/brooklyn-server/commit/6e1a00eb44f195dbeea39eeb430584aa14702f16
"""brooklyn-server""",303,,
"""brooklyn-server""",302,,
"""brooklyn-server""",301,https://github.com/apache/brooklyn-server/commit/c9647d717bec84b9ad8a5027fa8f50127b130e19,https://github.com/apache/brooklyn-server/commit/68877f9c81568c65a9e2ddbdc45b3ac89542c481
"""brooklyn-server""",299,,
"""brooklyn-server""",298,,
"""brooklyn-server""",297,,
"""brooklyn-server""",296,https://github.com/apache/brooklyn-server/commit/1c073cb7b96125723b54281f7e8571c594d5baf9,https://github.com/apache/brooklyn-server/commit/3eb85d361ee77597adf7cf282e07bb6149f49289
"""brooklyn-server""",295,https://github.com/apache/brooklyn-server/commit/08a0b7d29bc3e1f7d900806354f62019333945c8,https://github.com/apache/brooklyn-server/commit/724458a7e438f23e6fecb1da34b5f1598edf8faf
"""brooklyn-server""",294,,
"""brooklyn-server""",293,,
"""brooklyn-server""",292,https://github.com/apache/brooklyn-server/commit/effbc5d8d6c55c2847e798bd264103f80f94b64d,https://github.com/apache/brooklyn-server/commit/026d397e7f9ee70df33c0517b104702902485bd7
"""brooklyn-server""",291,,
"""brooklyn-server""",290,,
"""brooklyn-server""",289,https://github.com/apache/brooklyn-server/commit/bf9e32c808f6367616ab7892dedc93e2e7d6ceff,https://github.com/apache/brooklyn-server/commit/323433ed7c0ffcf08b0d4ca1c8d1fd575d646799
"""brooklyn-server""",287,https://github.com/apache/brooklyn-server/commit/21e1b321b65a937d5d44ad534a10de13acc8d08e,https://github.com/apache/brooklyn-server/commit/40cd24362c4e05ba7801221d4aa102f434a0afd3
"""brooklyn-server""",286,https://github.com/apache/brooklyn-server/commit/666d487b17190ebe3427e2395d0cd63d431dfa43,https://github.com/apache/brooklyn-server/commit/b54814d39bc3e9cd4a97c77bdfbcd2fd7b59516b
"""brooklyn-server""",285,https://github.com/apache/brooklyn-server/commit/07d2207a194b111a87d85d702294da5efa85729b,https://github.com/apache/brooklyn-server/commit/f9f3b997742835930078a3ccb86fcfe6aa1d0165
"""brooklyn-server""",284,https://github.com/apache/brooklyn-server/commit/91c8f3f6052985bb9b0bf8dd432025761caf6101,https://github.com/apache/brooklyn-server/commit/19b55ce2609266217cc3a522165eb0158112c359
"""brooklyn-server""",283,https://github.com/apache/brooklyn-server/commit/1e958d5ead8bbaae57f0b122866796257392541e,https://github.com/apache/brooklyn-server/commit/b1dee4a8e807bb05ffed2b1ced56561d5bee61a6
"""brooklyn-server""",281,https://github.com/apache/brooklyn-server/commit/467748939894326c5d33fd51a3718a02494ebace,https://github.com/apache/brooklyn-server/commit/6ff2aff5f59f69919ac746e5908f66089d1839d6
"""brooklyn-server""",280,https://github.com/apache/brooklyn-server/commit/5fb529cd9c2e8d517be2438028a171f6d78e1526,https://github.com/apache/brooklyn-server/commit/94ec61dd0d5a8e1e197aa3bf2b7c8947964c3077
"""brooklyn-server""",278,,
"""brooklyn-server""",277,https://github.com/apache/brooklyn-server/commit/cb0bbd4644789631a0a4f0f9a41558834166bb60,https://github.com/apache/brooklyn-server/commit/3e1171f7f8023da97d041d0f5dd5953182430a31
"""brooklyn-server""",276,https://github.com/apache/brooklyn-server/commit/d23fc1dceaf6323e87b93c85700cf082a461f30f,https://github.com/apache/brooklyn-server/commit/2e736083e55a273c3485ab3f9cb2b033156e091d
"""brooklyn-server""",275,,
"""brooklyn-server""",274,https://github.com/apache/brooklyn-server/commit/ae444d2c24ee33560ea07a6d8d0f31799f9685a0,https://github.com/apache/brooklyn-server/commit/8b301509d28987c6e81c38d1e9176c15df09d78a
"""brooklyn-server""",273,,
"""brooklyn-server""",272,https://github.com/apache/brooklyn-server/commit/bccf9c4f77b780708c95341f2578532c112ca5b3,https://github.com/apache/brooklyn-server/commit/19abd2282c7df9261d3bcec908895a15b46ed3a1
"""brooklyn-server""",271,https://github.com/apache/brooklyn-server/commit/e020f7e9d8fcc2e37a06dc9785bb2db74451aa67,https://github.com/apache/brooklyn-server/commit/a2f6cb5f442db426ba4f2acf752db56cb980cb90
"""brooklyn-server""",270,,
"""brooklyn-server""",269,https://github.com/apache/brooklyn-server/commit/3241c550fea6671011d2ed32f087f8b290e086e8,https://github.com/apache/brooklyn-server/commit/94c7183454a95c02b7622684187f240883748474
"""brooklyn-server""",268,,
"""brooklyn-server""",267,,
"""brooklyn-server""",266,,
"""brooklyn-server""",264,https://github.com/apache/brooklyn-server/commit/68a264d90e3403a38d3bb614422af132c101371f,https://github.com/apache/brooklyn-server/commit/213fc5ed95bc3dd08175f3fe67c846265ffb0f1d
"""brooklyn-server""",262,,
"""brooklyn-server""",261,https://github.com/apache/brooklyn-server/commit/d6acab16d0fdd66417fb965a238f8ccc747ef158,https://github.com/apache/brooklyn-server/commit/9a31d8ac76ea3df9df5233a2a68a1df8aa89a719
"""brooklyn-server""",260,,
"""brooklyn-server""",259,https://github.com/apache/brooklyn-server/commit/efc551c5815711eb76bc843c972a81d382673705,https://github.com/apache/brooklyn-server/commit/5731b9df57737aedab3175b9ebe6387fa4953829
"""brooklyn-server""",258,https://github.com/apache/brooklyn-server/commit/378295f0319f457f24be53ebb8a6157530281094,https://github.com/apache/brooklyn-server/commit/e98ab97400be35a771df07618f4ad26dc98aa8bb
"""brooklyn-server""",256,,
"""brooklyn-server""",255,https://github.com/apache/brooklyn-server/commit/23e08c87cafef82a8260587df782fe957a6552e1,https://github.com/apache/brooklyn-server/commit/ec487702b0782c5f70a349a3c3902c6c0c5ba28b
"""brooklyn-server""",254,,
"""brooklyn-server""",253,,
"""brooklyn-server""",252,,
"""brooklyn-server""",251,,
"""brooklyn-server""",250,https://github.com/apache/brooklyn-server/commit/3049aeec7f24417f70ef9c383c2d6937689a3c31,https://github.com/apache/brooklyn-server/commit/8cf4a9d3361a1ee5f1e4a9ebc627ccecc82d2651
"""brooklyn-server""",249,https://github.com/apache/brooklyn-server/commit/cf5f6c58e441932797a47de44fb2d924c450f532,https://github.com/apache/brooklyn-server/commit/85667911f588d825c60db4e026a742de6a97fae2
"""brooklyn-server""",248,https://github.com/apache/brooklyn-server/commit/2f2dcccf0ccc691dc21f60b8e1bbe57d42d6fe06,https://github.com/apache/brooklyn-server/commit/47a02dfcf67f57bb1c057edfaf6dcbe29edcddf1
"""brooklyn-server""",247,https://github.com/apache/brooklyn-server/commit/139797eaa51e0e69cc1e46eac972cc8dc7c4bf90,https://github.com/apache/brooklyn-server/commit/8bf33de6229778d8693389a5fc88fc6d4acb60c2
"""brooklyn-server""",246,https://github.com/apache/brooklyn-server/commit/acd7ad0dd7299cba9ba784c4ac3ee776bb673cd8,https://github.com/apache/brooklyn-server/commit/2c8e463b91ac950c22f0826b6eaf481a68d42ea1
"""brooklyn-server""",245,https://github.com/apache/brooklyn-server/commit/ce05be7598f599795954373815649455e5d09fda,https://github.com/apache/brooklyn-server/commit/b7cd606e93c25340ddfc869df8c2b2e489b1120e
"""brooklyn-server""",244,https://github.com/apache/brooklyn-server/commit/61a5989c053f3263a2fd64cb82bda2c2cdc4f13b,https://github.com/apache/brooklyn-server/commit/7d288f45f50cd40c84c32434e9b31bd9ed1325eb
"""brooklyn-server""",243,,
"""brooklyn-server""",242,https://github.com/apache/brooklyn-server/commit/f55e030db622f615baf51ec13b6ef257759bc5a2,https://github.com/apache/brooklyn-server/commit/b0d3070045b48abba532645df8ae95c20055cfaf
"""brooklyn-server""",241,https://github.com/apache/brooklyn-server/commit/76c11ab994429c50204fc3955e536e86dcaf1097,https://github.com/apache/brooklyn-server/commit/ac727fdf1d0108858ad60ce451d4b63b0f6e9777
"""brooklyn-server""",240,https://github.com/apache/brooklyn-server/commit/6126315643671be087fb564600ac705ccc00f91a,https://github.com/apache/brooklyn-server/commit/c8129867eb174e632c3c616c1462a14a323d812d
"""brooklyn-server""",239,https://github.com/apache/brooklyn-server/commit/9c8a51c11962c1bba842faa6520b88031afaeb09,https://github.com/apache/brooklyn-server/commit/3b6fb3e19bf4613e5794d1f05768375df6530da6
"""brooklyn-server""",238,,
"""brooklyn-server""",237,https://github.com/apache/brooklyn-server/commit/1078b36d1a7517b2ef82f3a754d38cd919177481,https://github.com/apache/brooklyn-server/commit/3bb478830deaec57ba6714695dd4e3094ba21349
"""brooklyn-server""",236,,
"""brooklyn-server""",235,,
"""brooklyn-server""",234,,
"""brooklyn-server""",233,https://github.com/apache/brooklyn-server/commit/a05bcaa4f1c90abb88d8262fe56c68418c199c97,https://github.com/apache/brooklyn-server/commit/f31547645060e69bcdc1b96882d0040e9a266333
"""brooklyn-server""",232,,
"""brooklyn-server""",231,https://github.com/apache/brooklyn-server/commit/c2a0dc04ddf79da2ded48586d6991b168f7a314d,https://github.com/apache/brooklyn-server/commit/588aebcee7fc659b681ca42f72a502fb5a9a6785
"""brooklyn-server""",230,https://github.com/apache/brooklyn-server/commit/b9dc74452fe6dfe2aab05bfc14b37f854e93fd02,https://github.com/apache/brooklyn-server/commit/65eea3c6068dbadae8ce97a58ce8cf8e06fb30d6
"""brooklyn-server""",229,https://github.com/apache/brooklyn-server/commit/585c770071e9c8ce663aa45aba28265167921372,https://github.com/apache/brooklyn-server/commit/f607990f48339283f9182feb9fd5e27cd3246299
"""brooklyn-server""",228,https://github.com/apache/brooklyn-server/commit/368a99ab2feae0ddaf3901c6a12b9d3c12cc8ebd,https://github.com/apache/brooklyn-server/commit/9eca4087670dbed2b504b59b5ff5c6cc2ca45f6a
"""brooklyn-server""",227,,
"""brooklyn-server""",226,https://github.com/apache/brooklyn-server/commit/4c9a4a796e50e9f6e473d5202cf760fdff1f255f,https://github.com/apache/brooklyn-server/commit/e239558be286bc3dc5524a9bd9e33400395e4cfc
"""brooklyn-server""",225,https://github.com/apache/brooklyn-server/commit/4200bef2aabd675207ba721d0d61d879c956a9ed,https://github.com/apache/brooklyn-server/commit/d2fe59181107a13afb9a169daffe6594356e0d4b
"""brooklyn-server""",224,,
"""brooklyn-server""",223,https://github.com/apache/brooklyn-server/commit/5cc274fa5f62eae18b6d259b78519b8c84b7d319,https://github.com/apache/brooklyn-server/commit/d24e0de157b0d666e3ad570a1ed7b1c5b13fba7c
"""brooklyn-server""",222,,
"""brooklyn-server""",221,,
"""brooklyn-server""",220,https://github.com/apache/brooklyn-server/commit/a2c4110a25eeaa50e7b5f36c7caa05a8777ead43,https://github.com/apache/brooklyn-server/commit/bcad2f0b3944918902fd5b24d6f8968a6782a70b
"""brooklyn-server""",219,https://github.com/apache/brooklyn-server/commit/63f779ab497086a9355e80dd079cccef0ee51708,https://github.com/apache/brooklyn-server/commit/d91d420f3b1c8ed1608878c34db0b220ec185ebf
"""brooklyn-server""",218,https://github.com/apache/brooklyn-server/commit/1f023f36bd9817f6b10b4e37c383c6cdc5b1095a,https://github.com/apache/brooklyn-server/commit/89ef9d533a4492e826687755368ae2f50f612290
"""brooklyn-server""",217,,
"""brooklyn-server""",216,https://github.com/apache/brooklyn-server/commit/7f730a1f0013051c37cf671606ee063ba3e41602,https://github.com/apache/brooklyn-server/commit/c1a991907b2aa3c9fc0872c3bc507096d657b8fc
"""brooklyn-server""",215,,
"""brooklyn-server""",214,https://github.com/apache/brooklyn-server/commit/22ab6a3da1159141b3470583b844c7e034ba3397,https://github.com/apache/brooklyn-server/commit/0ef20baf2af093373b97dd0e56566089bfa53bdd
"""brooklyn-server""",213,,
"""brooklyn-server""",212,,
"""brooklyn-server""",211,https://github.com/apache/brooklyn-server/commit/2bbd0083c6381fc081c34461401c5f36b0476782,https://github.com/apache/brooklyn-server/commit/5b3c412a229ab3b7f553148471989cf741d12a30
"""brooklyn-server""",210,https://github.com/apache/brooklyn-server/commit/e3cb37547f52bd53ad3c76bcca1a5850c74bf62e,https://github.com/apache/brooklyn-server/commit/a3f15bab85b0e465dbade506952b05b8ae18aa81
"""brooklyn-server""",209,https://github.com/apache/brooklyn-server/commit/01aac6ed2d5fbb18e4c6d9bc39638b4cd20bff77,https://github.com/apache/brooklyn-server/commit/07942b12168c591fe2a0b1cd1c791c36e5f1afc5
"""brooklyn-server""",208,https://github.com/apache/brooklyn-server/commit/6ec11c83eaef1c68faef03a1a00001620153fa2a,https://github.com/apache/brooklyn-server/commit/e4dfd87a74e58d373d45fa67f66656c9e6ac863c
"""brooklyn-server""",207,https://github.com/apache/brooklyn-server/commit/147e996f182f452c03fe3d65e25baafa2c117aba,https://github.com/apache/brooklyn-server/commit/d76315ff46c79bd9353961451d133790e4c65cf3
"""brooklyn-server""",205,https://github.com/apache/brooklyn-server/commit/9da193b3833e3a11b8122c7ab917b18643ca314b,https://github.com/apache/brooklyn-server/commit/8fe4140936792581b311cff39510b84f06ee22a0
"""brooklyn-server""",204,https://github.com/apache/brooklyn-server/commit/4c50cf0acdd5574e7566c24dc03c68f792bf1819,https://github.com/apache/brooklyn-server/commit/2d99fd4add5fd3f8eb1dedecfe5d314193203ec2
"""brooklyn-server""",202,https://github.com/apache/brooklyn-server/commit/93923ec9624451c7c00ba6875a9173acc4fe8dfd,https://github.com/apache/brooklyn-server/commit/882dbba30655498d96758aa2d33538f9462092bc
"""brooklyn-server""",201,https://github.com/apache/brooklyn-server/commit/c4f79794631ccd85c4a81adfb0c571b280e498a4,https://github.com/apache/brooklyn-server/commit/f8a03a88ccb6a62b20cbaaf8ff6e36bd6f99d7f4
"""brooklyn-server""",200,https://github.com/apache/brooklyn-server/commit/4c177bf30deddacfdb3db5bf19fa2870d817725a,https://github.com/apache/brooklyn-server/commit/9b951e0eae8b3db1d2bcd331aab8ef223589b2ce
"""brooklyn-server""",199,https://github.com/apache/brooklyn-server/commit/a1d3eca21888496573a0400f6a14bed093ecd270,https://github.com/apache/brooklyn-server/commit/dc0fd3c1a862a2a8e65cdc5f0d082716954b5c52
"""brooklyn-server""",198,,
"""brooklyn-server""",197,,
"""brooklyn-server""",196,https://github.com/apache/brooklyn-server/commit/70c6046db4dce2dc08c6e5cfb6bc2b3f1426fd5d,https://github.com/apache/brooklyn-server/commit/7ad473e40f5a51e21c5b02d74f568c236f5c6f28
"""brooklyn-server""",195,https://github.com/apache/brooklyn-server/commit/ba924559c21ac7f21a685e924282c4480954ac54,https://github.com/apache/brooklyn-server/commit/dfd6ef47ae8aafb71bddfeb504666790642ba81b
"""brooklyn-server""",194,https://github.com/apache/brooklyn-server/commit/7f90c3cea854214bd052393fc3a536be9e4705e3,https://github.com/apache/brooklyn-server/commit/11741d85b9f5417257c1e520553b700e8fdfa242
"""brooklyn-server""",193,https://github.com/apache/brooklyn-server/commit/cae88d9e10f03ad87d840b1cb9e71c440d800269,https://github.com/apache/brooklyn-server/commit/23aa9e87d8f4a587fb0ad8630638dd42112a5c70
"""brooklyn-server""",192,https://github.com/apache/brooklyn-server/commit/1660790c9c98b9993631f9107dd1c10c570de420,https://github.com/apache/brooklyn-server/commit/567b2acf47803fdb6e5b72c98f36553ee54a2794
"""brooklyn-server""",191,https://github.com/apache/brooklyn-server/commit/ac6b6fd606c82c34f1210c0434120463d593cbd6,https://github.com/apache/brooklyn-server/commit/544c73e9700969471bef872722b555e1435db058
"""brooklyn-server""",190,,
"""brooklyn-server""",189,,
"""brooklyn-server""",188,,
"""brooklyn-server""",187,,
"""brooklyn-server""",186,https://github.com/apache/brooklyn-server/commit/476e279b1f8478dad53371e2c067a7befcca1dac,https://github.com/apache/brooklyn-server/commit/be20f71f7be641bd32f07278ba086adb7dc8b24b
"""brooklyn-server""",185,https://github.com/apache/brooklyn-server/commit/def4173fcda0b5a65d9a569320399dcf902f96ac,https://github.com/apache/brooklyn-server/commit/c627ed7272a0a5bca1686daafb13f2195021b2b3
"""brooklyn-server""",183,,
"""brooklyn-server""",182,https://github.com/apache/brooklyn-server/commit/ade2dc04b6727af14b7063657aa11879eee7fddd,https://github.com/apache/brooklyn-server/commit/cfa51d95f2d8b862933663647d35d3d9f1aec8b2
"""brooklyn-server""",181,,
"""brooklyn-server""",180,,
"""brooklyn-server""",179,,
"""brooklyn-server""",178,,
"""brooklyn-server""",177,https://github.com/apache/brooklyn-server/commit/4b73f804f19371ff6f8c5c2e3b83ae50a699bd13,https://github.com/apache/brooklyn-server/commit/2066d4a3b21089efc566acec130b1c07503ffb5e
"""brooklyn-server""",176,https://github.com/apache/brooklyn-server/commit/8a5d7f6159afc23df239827b9d647b00b069fd4b,https://github.com/apache/brooklyn-server/commit/1ab75f38714293fb157f25071df54d454db5b6fe
"""brooklyn-server""",175,https://github.com/apache/brooklyn-server/commit/73e4469f7865b2986f64b09c77815f200c4acb53,https://github.com/apache/brooklyn-server/commit/bf84acc4696a3b14e8f16e9769395a500309de24
"""brooklyn-server""",174,,
"""brooklyn-server""",173,https://github.com/apache/brooklyn-server/commit/4e552ecc694f0ccdd0dfc3bdb468751488c38d2a,https://github.com/apache/brooklyn-server/commit/6dad5de0663076fb0c44fde1fc69df9eb7cd0be6
"""brooklyn-server""",172,,
"""brooklyn-server""",171,,
"""brooklyn-server""",170,,
"""brooklyn-server""",169,https://github.com/apache/brooklyn-server/commit/f0179b1572aee1a276e417520c386438c8963cf0,https://github.com/apache/brooklyn-server/commit/48a267079b4ab04ed68ce21f0b31941222c18488
"""brooklyn-server""",167,,
"""brooklyn-server""",166,,
"""brooklyn-server""",165,,
"""brooklyn-server""",164,https://github.com/apache/brooklyn-server/commit/28baad6b658c75dd0bb8d6b979ebbf063734b556,https://github.com/apache/brooklyn-server/commit/21de4ce6642f718a4ac0d81960bf59753077ffed
"""brooklyn-server""",163,,
"""brooklyn-server""",162,https://github.com/apache/brooklyn-server/commit/612f598f6b8248e398ab23e8f2164849f7ba31b3,https://github.com/apache/brooklyn-server/commit/a1c23f303dd70870b115a65fc4a0a4cf7ff5d03f
"""brooklyn-server""",161,https://github.com/apache/brooklyn-server/commit/2b3d548c4d0169453d35d4212831df07bef3b6c4,https://github.com/apache/brooklyn-server/commit/8339fc6061cff7f654970be5ecefc56d19827197
"""brooklyn-server""",160,,
"""brooklyn-server""",159,,
"""brooklyn-server""",158,,
"""brooklyn-server""",157,https://github.com/apache/brooklyn-server/commit/b56317f4e69cc838b4ae7ee3dd469bad23a3bdcf,https://github.com/apache/brooklyn-server/commit/c54f8ca90bf5b990d45ceac7bb873097c54dc088
"""brooklyn-server""",156,,
"""brooklyn-server""",155,https://github.com/apache/brooklyn-server/commit/d63f9dcfcb768285397f0453c5b3b20d78e22ff9,https://github.com/apache/brooklyn-server/commit/3bb0397cac9c2d62d757f5e27547a28c789cf2f4
"""brooklyn-server""",154,https://github.com/apache/brooklyn-server/commit/a8abaa60a2d2637e6f4c385ce8dd0ac006f9f96f,https://github.com/apache/brooklyn-server/commit/70d005c93acaf225e969552ffb8239200266a402
"""brooklyn-server""",150,https://github.com/apache/brooklyn-server/commit/6e859ff3cdd17dfe21bcdbf07b7574da5147a43a,https://github.com/apache/brooklyn-server/commit/e008d4a68db314d07d7d18a0d3f8d8ff98976852
"""brooklyn-server""",149,,
"""brooklyn-server""",148,https://github.com/apache/brooklyn-server/commit/7db4037ea4fc238cb6c5defcfd8161aee7da3a51,https://github.com/apache/brooklyn-server/commit/4070cbdccb5560b8f494b93e829551b3da8c34e5
"""brooklyn-server""",147,https://github.com/apache/brooklyn-server/commit/335a197a26411ebdaa1a4ed4deba869856007f5e,https://github.com/apache/brooklyn-server/commit/fe8a2f87168f1424b244bc7bf5ad40e37fd44f5d
"""brooklyn-server""",146,,
"""brooklyn-server""",145,https://github.com/apache/brooklyn-server/commit/a60b6e5b9ed8f742042e4bcf7c4f9a343d23d907,https://github.com/apache/brooklyn-server/commit/56735ee313bffa14f170e26dbd2b74c8ad25978f
"""brooklyn-server""",142,https://github.com/apache/brooklyn-server/commit/4361f32d12d5cec2879487c257faefb6a78be068,https://github.com/apache/brooklyn-server/commit/4f98035f21c2fba001b88317a4dca1209373505b
"""brooklyn-server""",141,https://github.com/apache/brooklyn-server/commit/0894c1bd0033c146b7f0e62d12033cc32087de00,https://github.com/apache/brooklyn-server/commit/43f5fd1f182d1807af0413ec1b90ae8178daf756
"""brooklyn-server""",140,,
"""brooklyn-server""",139,,
"""brooklyn-server""",138,,
"""brooklyn-server""",136,https://github.com/apache/brooklyn-server/commit/6b22430fc10df92639ccae03c27dc183db31cd77,https://github.com/apache/brooklyn-server/commit/2d5b14e879e8a8a4cf008d0a7e94f2fdace30835
"""brooklyn-server""",135,,
"""brooklyn-server""",134,https://github.com/apache/brooklyn-server/commit/78eb1350479a714e059bac717e3e09055cd74895,https://github.com/apache/brooklyn-server/commit/115edffe04949fccb77d2cb4270623c133b7941a
"""brooklyn-server""",133,,
"""brooklyn-server""",132,https://github.com/apache/brooklyn-server/commit/66be0cb4d0713ea019b48e215005e392697bafc3,https://github.com/apache/brooklyn-server/commit/a927f667a4e57c5c15f71b673e7dcd31e099c16c
"""brooklyn-server""",131,,
"""brooklyn-server""",130,,
"""brooklyn-server""",129,,
"""brooklyn-server""",127,https://github.com/apache/brooklyn-server/commit/0cc855088504a19df79b8b7ab7df14ac94062110,https://github.com/apache/brooklyn-server/commit/33b0b1c879a9ed07bcdc3138893cd8017e211cfa
"""brooklyn-server""",126,,
"""brooklyn-server""",125,https://github.com/apache/brooklyn-server/commit/c125dba5854a52af478389500eb3a27ac55333d6,https://github.com/apache/brooklyn-server/commit/61550529c1514d1ff2ac0b183b5aa22a3fe45d6d
"""brooklyn-server""",124,https://github.com/apache/brooklyn-server/commit/4fee1998d512b94dc9dcdbdabb5ea74ed2bf109d,https://github.com/apache/brooklyn-server/commit/d2f8ff16947dcbafd678841bcf64cb5d0214e0ef
"""brooklyn-server""",123,,
"""brooklyn-server""",122,https://github.com/apache/brooklyn-server/commit/96ec920af516f9c4b9a8f8c4d959a00de7b9c472,https://github.com/apache/brooklyn-server/commit/cb90e30ce0c677e1cb57ce33c9512683924d0345
"""brooklyn-server""",121,https://github.com/apache/brooklyn-server/commit/34b456acf44ef03458ab6efc51463b096283da1a,https://github.com/apache/brooklyn-server/commit/84ad923eb8125e62cc53fd7519a486c0a7916d68
"""brooklyn-server""",120,https://github.com/apache/brooklyn-server/commit/95b0b6b043f543f8bd1401a31532654c4ec945e7,https://github.com/apache/brooklyn-server/commit/a40fc785f1b82fb2448afe9bbcae87a60b91d8aa
"""brooklyn-server""",118,,
"""brooklyn-server""",117,,
"""brooklyn-server""",116,,
"""brooklyn-server""",115,,
"""brooklyn-server""",114,https://github.com/apache/brooklyn-server/commit/2f15e17844d9c4d1936975e8d353bfeb1cc0dca3,https://github.com/apache/brooklyn-server/commit/e00608804ff44b88dac0ac00a361de52c023010b
"""brooklyn-server""",113,https://github.com/apache/brooklyn-server/commit/24eecf04f3f9a57c6f9660723afd9840446cce0b,https://github.com/apache/brooklyn-server/commit/8163d02b02c48a3449891480c8f203fef606bb83
"""brooklyn-server""",112,https://github.com/apache/brooklyn-server/commit/a3bc43dc5b5273a5f6db4d6cb1bbb14305c41905,https://github.com/apache/brooklyn-server/commit/a97f8f4f2aa342a0077637fef11769ef309801fb
"""brooklyn-server""",111,,
"""brooklyn-server""",110,https://github.com/apache/brooklyn-server/commit/84f5c890d5faa18d7e8e3a36d4ce9146c29e3831,https://github.com/apache/brooklyn-server/commit/95f2874e03030099735383bbe9e69f7986f66cd2
"""brooklyn-server""",109,https://github.com/apache/brooklyn-server/commit/1e936afb5901e5e2084db71dea1c3f271909149f,https://github.com/apache/brooklyn-server/commit/ffa29816480ab6e386d62020931b7a639c4c7d4e
"""brooklyn-server""",108,https://github.com/apache/brooklyn-server/commit/50c3e81a7117e8050c3728aa803d90925ae02d6a,https://github.com/apache/brooklyn-server/commit/4ff1e1ae999147ae087e2adcec821ad0dbe3fc88
"""brooklyn-server""",107,https://github.com/apache/brooklyn-server/commit/099f35a7efa651bd59a4a4c378ea33bab6ae168b,https://github.com/apache/brooklyn-server/commit/0ac07fe3d010b5afa470e9489ba64aeafbd18537
"""brooklyn-server""",106,https://github.com/apache/brooklyn-server/commit/060edf0069e3ffd21ff7b69fc84da043b84c083d,https://github.com/apache/brooklyn-server/commit/3277583f5e64722ffbfaee6f4eda7b5c7ffd357b
"""brooklyn-server""",105,,
"""brooklyn-server""",104,https://github.com/apache/brooklyn-server/commit/79fe76572f40dae76919c802d2d5002627b00107,https://github.com/apache/brooklyn-server/commit/4e2114d6ebaec4aade56a3b67c83bd0acf26c70c
"""brooklyn-server""",103,https://github.com/apache/brooklyn-server/commit/f45b9d56de7bc78bf528ef4916bf0e2da8f09842,https://github.com/apache/brooklyn-server/commit/48cfa908a0001a3ab66a21febc7404ee34eb652d
"""brooklyn-server""",102,,
"""brooklyn-server""",101,https://github.com/apache/brooklyn-server/commit/fcbc941664221bf83c39a639f493076bf859dcdd,https://github.com/apache/brooklyn-server/commit/64bb70d2946841428e882d681aaa3cf8b8b31045
"""brooklyn-server""",100,https://github.com/apache/brooklyn-server/commit/1844634e86fe8eb1511c30b0a1a84db65637bc83,https://github.com/apache/brooklyn-server/commit/47421cbae6ed5fe0e7581ae5212fc2b31c60a5a9
"""brooklyn-server""",99,,
"""brooklyn-server""",98,https://github.com/apache/brooklyn-server/commit/c89e3d45f68202e4d83b1a97acc6a7d70226a549,https://github.com/apache/brooklyn-server/commit/76d1b780579b21f50fbebca99ac827ca73c5eccb
"""brooklyn-server""",97,,
"""brooklyn-server""",96,,
"""brooklyn-server""",95,https://github.com/apache/brooklyn-server/commit/bb3cc840ba6ce5dc36daba312b4337b07a4f40b5,https://github.com/apache/brooklyn-server/commit/5838d166f2bbe191bf1b8d1541ee36d3479fe96f
"""brooklyn-server""",94,https://github.com/apache/brooklyn-server/commit/c5c2380a221f6e383243b327d51e2a1923fdd36c,https://github.com/apache/brooklyn-server/commit/e0244a90e41a3f038ed35d517852abb58e1aecef
"""brooklyn-server""",93,,
"""brooklyn-server""",92,,
"""brooklyn-server""",91,,
"""brooklyn-server""",90,,
"""brooklyn-server""",89,,
"""brooklyn-server""",88,https://github.com/apache/brooklyn-server/commit/86fea16580e5cebdc5bad3b38c94512d80e5acc3,https://github.com/apache/brooklyn-server/commit/b9fc1cc85b438c8aeac72959e6f486db2e923c09
"""brooklyn-server""",87,https://github.com/apache/brooklyn-server/commit/2acf8cf9679a15e1b4a0474b9e059655e59724c9,https://github.com/apache/brooklyn-server/commit/2c0362572830e92f8355fc20a3c7bc36eac8a87f
"""brooklyn-server""",86,https://github.com/apache/brooklyn-server/commit/84d54f547db7c1b50ed50b1c2a6002a98732e1ad,https://github.com/apache/brooklyn-server/commit/71c44872c50b5a4f3647574aead1a09cc69f2d29
"""brooklyn-server""",85,https://github.com/apache/brooklyn-server/commit/12c752c5d4815450b395731107788b00d67961e1,https://github.com/apache/brooklyn-server/commit/6df6c7658258f50b375dcdbdc413be8edae792ef
"""brooklyn-server""",84,,
"""brooklyn-server""",83,,
"""brooklyn-server""",82,,
"""brooklyn-server""",81,,
"""brooklyn-server""",80,,
"""brooklyn-server""",79,,
"""brooklyn-server""",78,https://github.com/apache/brooklyn-server/commit/7f21d5930b3618b41bd91986ad1eda8b71b7fe6d,https://github.com/apache/brooklyn-server/commit/71932b2de5ef53c334353d2f6280766f66fe0657
"""brooklyn-server""",77,https://github.com/apache/brooklyn-server/commit/8f7d3e63299d60bffc17a3a6dc94bd361fa49e2d,https://github.com/apache/brooklyn-server/commit/d1abb9a0d278fd97ee29d20b98de45b21536a79a
"""brooklyn-server""",76,https://github.com/apache/brooklyn-server/commit/92fcf38e5ef698cb77f5f53b081e6826c1eaef22,https://github.com/apache/brooklyn-server/commit/1d63e39d3569ae9de23747e3e19590f19c67f743
"""brooklyn-server""",75,https://github.com/apache/brooklyn-server/commit/284391acb09897b91d0f7fd97f7643779bf6f06e,https://github.com/apache/brooklyn-server/commit/25aeb0bbaea82fe91332b28ac5c6da5b8885bf02
"""brooklyn-server""",74,https://github.com/apache/brooklyn-server/commit/d5938d804281483bf090527fb83738174480d9e0,https://github.com/apache/brooklyn-server/commit/3a2c4cb580ecf368740fe8c52b9aa37339f9cd0e
"""brooklyn-server""",72,,
"""brooklyn-server""",71,,
"""brooklyn-server""",70,https://github.com/apache/brooklyn-server/commit/a75e8f7d1b02a8e094f631a82e1cc6ddc4340fec,https://github.com/apache/brooklyn-server/commit/b05185eb59dcd6ba2c4f4110ca9a4557f6b8ee0e
"""brooklyn-server""",69,,
"""brooklyn-server""",68,,
"""brooklyn-server""",67,,
"""brooklyn-server""",66,https://github.com/apache/brooklyn-server/commit/e34ed44d3a278ee9910e34f8d08ee875e64fb098,https://github.com/apache/brooklyn-server/commit/f8db60f26f5ffccecad44b4c31727fd7a1637240
"""brooklyn-server""",65,,
"""brooklyn-server""",64,,
"""brooklyn-server""",63,,
"""brooklyn-server""",62,,
"""brooklyn-server""",61,https://github.com/apache/brooklyn-server/commit/e593d87b386005d6758eaf4c30b56d5cabfc0580,https://github.com/apache/brooklyn-server/commit/b98d5b2c33b26d128e7d8353d869edb261bbbdb0
"""brooklyn-server""",60,,
"""brooklyn-server""",59,https://github.com/apache/brooklyn-server/commit/009355ecd09f7ec8699982e84be0d2ce326ec4ee,https://github.com/apache/brooklyn-server/commit/0b9682b8830df7715bb8b579cfc40a1734f03038
"""brooklyn-server""",58,,
"""brooklyn-server""",57,,
"""brooklyn-server""",56,https://github.com/apache/brooklyn-server/commit/66d318ed7bf19fcb6205d87f8113df9fc24045e2,https://github.com/apache/brooklyn-server/commit/17044e8e707c1064e114a1ed11a6bcd4dc4abb1a
"""brooklyn-server""",55,https://github.com/apache/brooklyn-server/commit/1202a2e6008e891264d14b3fac91d1400fea5237,https://github.com/apache/brooklyn-server/commit/e8ba0da7e863e434e3a9339beaf0cf2ec8eab19d
"""brooklyn-server""",54,,
"""brooklyn-server""",53,https://github.com/apache/brooklyn-server/commit/f478c9c07ee58d1d40f64069e44affe338363906,https://github.com/apache/brooklyn-server/commit/84c21a8758944ff21664a0688cf4a970f7105af9
"""brooklyn-server""",51,https://github.com/apache/brooklyn-server/commit/dc221c7e8be379ac2142d7f24b3edf8b8a91746f,https://github.com/apache/brooklyn-server/commit/0689b68b7cb4fae1f71a6b493afb03a4605f5f11
"""brooklyn-server""",50,,
"""brooklyn-server""",49,https://github.com/apache/brooklyn-server/commit/0fa6863999907e59fe96ef33e4cbee37b2fc4674,https://github.com/apache/brooklyn-server/commit/ff22447551107492c6fe49f3f0b38b16b6736f6b
"""brooklyn-server""",48,,
"""brooklyn-server""",47,,
"""brooklyn-server""",46,,
"""brooklyn-server""",45,,
"""brooklyn-server""",44,https://github.com/apache/brooklyn-server/commit/d146de6ba6dc4d656eaf3f7dc107dddb733d44d9,https://github.com/apache/brooklyn-server/commit/c7bab3e35686186b89b57ef4542bb6513625df90
"""brooklyn-server""",43,,
"""brooklyn-server""",42,,
"""brooklyn-server""",41,https://github.com/apache/brooklyn-server/commit/905a02d880ef9bccda2edbbe198398988315c054,https://github.com/apache/brooklyn-server/commit/084c147e89588f6b60796bae5466f37a5a23ac33
"""brooklyn-server""",40,,
"""brooklyn-server""",39,,
"""brooklyn-server""",38,,
"""brooklyn-server""",37,https://github.com/apache/brooklyn-server/commit/f0d0c68dac478ba1f1a05eaf93a5296cfcabedaa,https://github.com/apache/brooklyn-server/commit/b688347f87f2c352e4161caadaa0f969b1a86336
"""brooklyn-server""",36,,
"""brooklyn-server""",35,,
"""brooklyn-server""",34,,
"""brooklyn-server""",33,,
"""brooklyn-server""",32,,
"""brooklyn-server""",31,https://github.com/apache/brooklyn-server/commit/7b01a2ccbaa1c7bf4f810acc24208b9740b928fa,https://github.com/apache/brooklyn-server/commit/e1e7b207fba819a988c91d41a32fecb69b6bcd50
"""brooklyn-server""",29,,
"""brooklyn-server""",28,https://github.com/apache/brooklyn-server/commit/d1c0584fcc0fef33ea8c326b0e4e414a972cf012,https://github.com/apache/brooklyn-server/commit/f9eab7477ea00fc7b17fcbf1dc577e8cd7b8743a
"""brooklyn-server""",27,,
"""brooklyn-server""",26,https://github.com/apache/brooklyn-server/commit/9bd7136fc0fa7fe91fff2ad7083f9df2661aee84,https://github.com/apache/brooklyn-server/commit/cef7f4683effbd208317f2d558766922bea8cdd4
"""brooklyn-server""",25,https://github.com/apache/brooklyn-server/commit/7cda95a76788bd8f6380793038c0142c47c814bf,https://github.com/apache/brooklyn-server/commit/fba4412e2bfe26a6da045a079b48bba663c691f2
"""brooklyn-server""",24,https://github.com/apache/brooklyn-server/commit/89f1a1b38cdd0b5863be307c2ab4872287f91f01,https://github.com/apache/brooklyn-server/commit/a721273c6eac9f969752babba86d249d97611fac
"""brooklyn-server""",23,,
"""brooklyn-server""",22,https://github.com/apache/brooklyn-server/commit/577fa24508b455116fb5f5d14b26af41495d482c,https://github.com/apache/brooklyn-server/commit/7dc0f8e9e9acbf09ce00820cd03bc6a2d91b0255
"""brooklyn-server""",21,https://github.com/apache/brooklyn-server/commit/6229cf9a1a229141ac8945b9089fa3dc4c9dc4e9,https://github.com/apache/brooklyn-server/commit/d0a764ef0f54e11b0d27f6b59b875882953cccbe
"""brooklyn-server""",20,https://github.com/apache/brooklyn-server/commit/18322a702d101b32521cca3014f44ad5852a43f4,https://github.com/apache/brooklyn-server/commit/9b9dfa4cacd74e58379dbf15412dee8431da8f08
"""brooklyn-server""",18,https://github.com/apache/brooklyn-server/commit/e53186d9706014869d9a112b088f6139fed36e1b,https://github.com/apache/brooklyn-server/commit/56ddfe6c59dfed02c31b48e6bc82045b00cd237e
"""brooklyn-server""",17,https://github.com/apache/brooklyn-server/commit/089006abe70d96344058e8bbba7ce09f42fcfb99,https://github.com/apache/brooklyn-server/commit/e5ad76add4c8f4e0174ec968fb69af5ee56ff691
"""brooklyn-server""",16,https://github.com/apache/brooklyn-server/commit/1eeed887fe9e99e4b6abbb81057031ecf12617af,https://github.com/apache/brooklyn-server/commit/4a3ab3355a750ed8540b7a9dbdd18e07ea2bb346
"""brooklyn-server""",15,https://github.com/apache/brooklyn-server/commit/481220f53398540565b096c9f6bdbf5d232bf20f,https://github.com/apache/brooklyn-server/commit/abd2d5f3b2a5584c639ca233acd474d2bc972035
"""brooklyn-server""",14,https://github.com/apache/brooklyn-server/commit/2c7f3922bb22daba35af33e03043f028d263ac67,https://github.com/apache/brooklyn-server/commit/e1e3764e63730199b0030fc06352a4ad90fc84e6
"""brooklyn-server""",13,,
"""brooklyn-server""",12,,
"""brooklyn-server""",11,https://github.com/apache/brooklyn-server/commit/20b8600068eafb45d9273d2454657aa1ed32c378,https://github.com/apache/brooklyn-server/commit/1a53a3f9de92ef9002c19bdad467b85699f32f1b
"""brooklyn-server""",10,,
"""brooklyn-server""",9,,
"""brooklyn-server""",8,,
"""brooklyn-server""",7,,
"""brooklyn-server""",5,,
"""brooklyn-server""",3,,
"""brooklyn-server""",2,,
"""brooklyn-server""",1,https://github.com/apache/brooklyn-server/commit/9d3251e95198de30972c8d03348440f62db5f59a,https://github.com/apache/brooklyn-server/commit/8b9f3ac25551d2ec0a85bcb7211e57e543b6ec58
