repo,pr_number,before_commit,after_commit
"""cxf-fediz""",45,,
"""cxf-fediz""",44,,
"""cxf-fediz""",43,,
"""cxf-fediz""",42,,
"""cxf-fediz""",38,,
"""cxf-fediz""",32,,
"""cxf-fediz""",31,,
"""cxf-fediz""",30,https://github.com/apache/cxf-fediz/commit/f46ba22bae7506e2b883cc15657c1a4ef244c42a,https://github.com/apache/cxf-fediz/commit/7d638a4c0cf0eb7119022369cebf0ed78b0ed1cc
"""cxf-fediz""",29,https://github.com/apache/cxf-fediz/commit/2d45b562f642989035beee43b628edd61b7d4301,https://github.com/apache/cxf-fediz/commit/ba952e7b35e9ca3561fb640b828654040af7c3b8
"""cxf-fediz""",27,,
"""cxf-fediz""",26,,
"""cxf-fediz""",25,,
"""cxf-fediz""",24,,
"""cxf-fediz""",23,,
"""cxf-fediz""",20,,
