repo,pr_number,before_commit,after_commit
"""karaf-cellar""",62,,
"""karaf-cellar""",61,,
"""karaf-cellar""",57,,
"""karaf-cellar""",56,,
"""karaf-cellar""",55,,
"""karaf-cellar""",54,,
"""karaf-cellar""",53,,
"""karaf-cellar""",52,,
"""karaf-cellar""",51,https://github.com/apache/karaf-cellar/commit/f80fdbc6ab01f75986f3d75b7004f2b6663f7550,https://github.com/apache/karaf-cellar/commit/2e81f8b1ef8e3951a2471eca542dce6fd23124d8
"""karaf-cellar""",50,,
"""karaf-cellar""",49,,
"""karaf-cellar""",48,,
"""karaf-cellar""",47,,
"""karaf-cellar""",46,,
"""karaf-cellar""",45,https://github.com/apache/karaf-cellar/commit/c5b9aa53be060c653a21d920335b9d63946880a3,https://github.com/apache/karaf-cellar/commit/d707ef47b65f660cfd40220c75389f339194b93a
"""karaf-cellar""",44,,
"""karaf-cellar""",43,,
"""karaf-cellar""",42,,
"""karaf-cellar""",41,,
"""karaf-cellar""",40,https://github.com/apache/karaf-cellar/commit/9fd029fa5cf1ac4796d95fad95524caae31aa7f3,https://github.com/apache/karaf-cellar/commit/518f5822313457c73dc0ac9e2b9f518c73bb8c0c
"""karaf-cellar""",26,,
"""karaf-cellar""",25,,
"""karaf-cellar""",24,,
"""karaf-cellar""",23,,
"""karaf-cellar""",22,,
"""karaf-cellar""",21,https://github.com/apache/karaf-cellar/commit/8d26bb449bcdf404fd9436ab39628d5dd3de98dd,https://github.com/apache/karaf-cellar/commit/f9cc1d5819fcd844245004a7b36ff2f267f02d62
"""karaf-cellar""",20,,
"""karaf-cellar""",19,,
"""karaf-cellar""",18,,
"""karaf-cellar""",17,,
"""karaf-cellar""",16,,
"""karaf-cellar""",15,,
"""karaf-cellar""",14,,
"""karaf-cellar""",12,,
"""karaf-cellar""",11,,
"""karaf-cellar""",8,,
"""karaf-cellar""",6,,
"""karaf-cellar""",5,,
"""karaf-cellar""",4,https://github.com/apache/karaf-cellar/commit/00f39e564e0b341c4da88c1af4647c0d463fde45,https://github.com/apache/karaf-cellar/commit/da1fdb304980f29a8b887efad1dec72c0c1aeef3
"""karaf-cellar""",3,,
