repo,pr_number,before_commit,after_commit
"""ignite-teamcity-bot""",150,,
"""ignite-teamcity-bot""",146,,
"""ignite-teamcity-bot""",141,,
"""ignite-teamcity-bot""",139,,
"""ignite-teamcity-bot""",137,,
"""ignite-teamcity-bot""",136,,
"""ignite-teamcity-bot""",133,,
"""ignite-teamcity-bot""",130,,
"""ignite-teamcity-bot""",129,,
"""ignite-teamcity-bot""",128,,
"""ignite-teamcity-bot""",127,,
"""ignite-teamcity-bot""",125,,
"""ignite-teamcity-bot""",124,,
"""ignite-teamcity-bot""",123,,
"""ignite-teamcity-bot""",122,,
"""ignite-teamcity-bot""",121,,
"""ignite-teamcity-bot""",120,,
"""ignite-teamcity-bot""",119,https://github.com/apache/ignite-teamcity-bot/commit/4f4486d84a524052f84c126336e0e64c14ea25fe,https://github.com/apache/ignite-teamcity-bot/commit/5c49e59fdb1d5f77446c5a47f1cc93981f1cb848
"""ignite-teamcity-bot""",118,,
"""ignite-teamcity-bot""",116,,
"""ignite-teamcity-bot""",115,,
"""ignite-teamcity-bot""",113,,
"""ignite-teamcity-bot""",112,,
"""ignite-teamcity-bot""",110,,
"""ignite-teamcity-bot""",105,,
"""ignite-teamcity-bot""",102,,
