repo,pr_number,before_commit,after_commit
"""aurora""",66,,
"""aurora""",65,,
"""aurora""",64,,
"""aurora""",63,,
"""aurora""",61,,
"""aurora""",60,,
"""aurora""",55,,
"""aurora""",54,https://github.com/apache/aurora/commit/024c57949f658d16e20b06682ed438a516d7bbec,https://github.com/apache/aurora/commit/ac296d5ee6146337e3c83de370e79363a28a6e20
"""aurora""",52,,
"""aurora""",50,https://github.com/apache/aurora/commit/7b0004f41419c368cf06081cf7954ce994661568,https://github.com/apache/aurora/commit/53d81f343758306e725fe5d896d759932e37ffdd
"""aurora""",46,,
"""aurora""",45,,
"""aurora""",44,,
"""aurora""",43,,
"""aurora""",42,https://github.com/apache/aurora/commit/8587992b70d38cb79baff1fab50d1bd1def4bba9,https://github.com/apache/aurora/commit/b682d1cde7232f22a407cdef8d327e58882b9cde
"""aurora""",41,,
"""aurora""",40,,
"""aurora""",37,,
"""aurora""",36,,
"""aurora""",35,,
"""aurora""",34,,
"""aurora""",33,,
"""aurora""",29,,
"""aurora""",28,https://github.com/apache/aurora/commit/64a764ac1d8921bbf57ed52f1ca4dde47c9e3216,https://github.com/apache/aurora/commit/13f5cffcf7478e0e1824410b350ad037b733a2da
"""aurora""",26,,
"""aurora""",16,https://github.com/apache/aurora/commit/1c437c8aa7388c7d7e2cc7e4207001bf80847d2f,https://github.com/apache/aurora/commit/4d5885b8442af7a37a06255db5b0918d991bd498
"""aurora""",11,,
