repo,pr_number,before_commit,after_commit
"""camel-quarkus""",175,,
"""camel-quarkus""",174,https://github.com/apache/camel-quarkus/commit/8bb6c41e903b65af956871bfcee58a9e1dbe88d9,https://github.com/apache/camel-quarkus/commit/af169a76561cef2a9b352f6d7a9abad1161865b0
"""camel-quarkus""",170,,
"""camel-quarkus""",169,,
"""camel-quarkus""",167,,
"""camel-quarkus""",166,,
"""camel-quarkus""",165,,
"""camel-quarkus""",161,,
"""camel-quarkus""",160,,
"""camel-quarkus""",158,,
"""camel-quarkus""",157,,
"""camel-quarkus""",156,,
"""camel-quarkus""",155,,
"""camel-quarkus""",154,,
"""camel-quarkus""",153,,
"""camel-quarkus""",152,,
"""camel-quarkus""",151,https://github.com/apache/camel-quarkus/commit/1a94ffaf62fc0b70867e7c296a97482d9d144374,https://github.com/apache/camel-quarkus/commit/15e8c24980e4af3f385f4219ed92b44d7261a776
"""camel-quarkus""",150,,
"""camel-quarkus""",148,https://github.com/apache/camel-quarkus/commit/ecb5a343dbad96c91e2891940593a615355e4f34,https://github.com/apache/camel-quarkus/commit/309c66222bd8c804ea7b8a33e6574301a70e0fc9
"""camel-quarkus""",146,,
"""camel-quarkus""",145,https://github.com/apache/camel-quarkus/commit/cd73d3122b4099cddd70bac2a7ae691acbd42c73,https://github.com/apache/camel-quarkus/commit/fbf0969aa047ae6ff3b9506b6298b8761fdf0b39
"""camel-quarkus""",144,https://github.com/apache/camel-quarkus/commit/eaa42d2b024fe21936cd46f0051822fe3795e929,https://github.com/apache/camel-quarkus/commit/35075434992f268f7865cfebcb9854290827437c
"""camel-quarkus""",138,https://github.com/apache/camel-quarkus/commit/96196a96f904aa5eba3ce55592851346d0d519c9,https://github.com/apache/camel-quarkus/commit/8d87b17c45d4b98e60d9230ccccbae06200e2a10
"""camel-quarkus""",137,,
"""camel-quarkus""",135,,
"""camel-quarkus""",130,https://github.com/apache/camel-quarkus/commit/d4e5f6b27e7f7e1a349cfdb014ffe9949cb1a097,https://github.com/apache/camel-quarkus/commit/da61ac5ea695ae30eee9bacafc9781cc565d8cc1
"""camel-quarkus""",127,,
"""camel-quarkus""",126,,
"""camel-quarkus""",125,,
"""camel-quarkus""",122,,
"""camel-quarkus""",121,,
"""camel-quarkus""",120,,
"""camel-quarkus""",119,https://github.com/apache/camel-quarkus/commit/76b358a1924af9c54132b901ae32215372526052,https://github.com/apache/camel-quarkus/commit/1e284db02fb6f4d7a2472e4304655dda4f9a260d
"""camel-quarkus""",117,https://github.com/apache/camel-quarkus/commit/175a8cfc6f928107aea9dd42b4e27da4ca5ae305,https://github.com/apache/camel-quarkus/commit/0e7a1ae8184e3a8124011350b8d909838f586d2b
"""camel-quarkus""",115,https://github.com/apache/camel-quarkus/commit/f09405a8fc624786c6b13f1ba3fbaa1d347de0e9,https://github.com/apache/camel-quarkus/commit/1b9c3979810ecb254617fc47b0842ccc3458f75b
"""camel-quarkus""",110,,
"""camel-quarkus""",106,,
"""camel-quarkus""",105,https://github.com/apache/camel-quarkus/commit/398b8ff452253bdca06cab90f3a36a135047cd55,https://github.com/apache/camel-quarkus/commit/e3f9e11868fdf540761e6b2969fe7848565374aa
"""camel-quarkus""",104,,
"""camel-quarkus""",103,,
"""camel-quarkus""",102,,
"""camel-quarkus""",101,,
"""camel-quarkus""",100,,
"""camel-quarkus""",99,https://github.com/apache/camel-quarkus/commit/30ade145c2dfc3f78e474cb7692a2653f23a3ef5,https://github.com/apache/camel-quarkus/commit/8a316979a9492cf2738c21aafd6f7d39a9895026
"""camel-quarkus""",95,,
"""camel-quarkus""",94,,
"""camel-quarkus""",93,,
"""camel-quarkus""",92,,
"""camel-quarkus""",91,,
"""camel-quarkus""",90,https://github.com/apache/camel-quarkus/commit/f916c6fb8c77d54ed8b00d4639ae61630cd8b85b,https://github.com/apache/camel-quarkus/commit/538447da2a1472b185700c69f04fea2b62631632
"""camel-quarkus""",89,,
"""camel-quarkus""",88,https://github.com/apache/camel-quarkus/commit/c7fea2efcc03edf805d1ff220a1526a2e8ff18db,https://github.com/apache/camel-quarkus/commit/35578bef694277a31b88dd1a53989680b1fdeab3
"""camel-quarkus""",87,https://github.com/apache/camel-quarkus/commit/0f375de281fefdb17cac0357997e6f5b7ace1724,https://github.com/apache/camel-quarkus/commit/b805f698def59a4fd02397e652a9b2d43fca0784
"""camel-quarkus""",86,,
"""camel-quarkus""",85,,
"""camel-quarkus""",84,,
"""camel-quarkus""",83,,
"""camel-quarkus""",79,,
"""camel-quarkus""",78,,
"""camel-quarkus""",77,https://github.com/apache/camel-quarkus/commit/e2a03c7d177ab5d7f61b43e81c8f7002e40ec216,https://github.com/apache/camel-quarkus/commit/8c9854d37234bdc4f9574970029bac04fb1c404d
"""camel-quarkus""",72,https://github.com/apache/camel-quarkus/commit/eec554d9437124e1c9a670e63fd0acef43be70b0,https://github.com/apache/camel-quarkus/commit/070205b1a53ea3639a573ed5afaddfec83e2159f
"""camel-quarkus""",67,,
"""camel-quarkus""",66,,
"""camel-quarkus""",64,,
"""camel-quarkus""",61,https://github.com/apache/camel-quarkus/commit/8c474a32281bc68cefad2ab97e19934a52396aaf,https://github.com/apache/camel-quarkus/commit/843f2afc8d0b05dcf90354481339c787c6bfa105
"""camel-quarkus""",59,,
"""camel-quarkus""",55,https://github.com/apache/camel-quarkus/commit/5936864a7194db50c6294246dad51fde85f74465,https://github.com/apache/camel-quarkus/commit/a92185a7621410c5f7cfd6760a03c9c8106438aa
"""camel-quarkus""",53,,
"""camel-quarkus""",52,,
"""camel-quarkus""",50,,
"""camel-quarkus""",49,,
"""camel-quarkus""",48,,
"""camel-quarkus""",47,https://github.com/apache/camel-quarkus/commit/2103348dcc6f5dcf225cbf463158bd0fcc8acaf1,https://github.com/apache/camel-quarkus/commit/0a01c1036e0eec390d422dcae0ef6da949c782af
"""camel-quarkus""",46,,
"""camel-quarkus""",43,,
"""camel-quarkus""",40,,
"""camel-quarkus""",35,,
"""camel-quarkus""",30,https://github.com/apache/camel-quarkus/commit/5e9beff44ade74a0d01f777a7b42a4e7805a656b,https://github.com/apache/camel-quarkus/commit/e3e1686293c6b8e2c374e24f9771b8f352904c56
"""camel-quarkus""",28,,
"""camel-quarkus""",27,,
"""camel-quarkus""",26,,
"""camel-quarkus""",23,,
"""camel-quarkus""",22,https://github.com/apache/camel-quarkus/commit/89455b2de25c2a6a163d3b7e943f13b15d4301cc,https://github.com/apache/camel-quarkus/commit/55eb40a5a2c23ced0abc1a6bc0906b8e2f1496df
"""camel-quarkus""",21,,
"""camel-quarkus""",15,https://github.com/apache/camel-quarkus/commit/212294230250127ccdf95007bd183f578e74aada,https://github.com/apache/camel-quarkus/commit/de05fbbfa6da6b5e720ac31892ff99a997f26424
"""camel-quarkus""",13,,
"""camel-quarkus""",12,https://github.com/apache/camel-quarkus/commit/5cd095266d1cbbfbb01a0004d7e6ffe2935c2cd7,https://github.com/apache/camel-quarkus/commit/3c106ef3d39a560fafa52fad8e100d4892622f08
"""camel-quarkus""",3,https://github.com/apache/camel-quarkus/commit/8ecbd58cc71ddec5928dbd119d1c1f320be127ec,https://github.com/apache/camel-quarkus/commit/4e0ac7bd767f5de656b0757f11f0b00b72fa7933
"""camel-quarkus""",2,https://github.com/apache/camel-quarkus/commit/640031cf3194faadc6c9c63875972eeda0b5ab3e,https://github.com/apache/camel-quarkus/commit/c7ddc51afee4c28620653834671629492824f287
"""camel-quarkus""",1,https://github.com/apache/camel-quarkus/commit/8f07e299932b760233473c2bf2a809e42dfd63b1,https://github.com/apache/camel-quarkus/commit/f50e786c5efe357ab64c82de37040374a45b7608
