repo,pr_number,before_commit,after_commit
"""directory-scimple""",22,,
"""directory-scimple""",21,,
"""directory-scimple""",19,,
"""directory-scimple""",18,,
"""directory-scimple""",17,,
"""directory-scimple""",16,https://github.com/apache/directory-scimple/commit/7bf47552a392951aacec7fe6a9c0e1cff4d12f1a,https://github.com/apache/directory-scimple/commit/76156de21520b7c94d64ce9930de33fdae20f191
"""directory-scimple""",15,,
"""directory-scimple""",13,,
"""directory-scimple""",11,,
"""directory-scimple""",10,,
"""directory-scimple""",9,,
"""directory-scimple""",7,,
"""directory-scimple""",6,,
"""directory-scimple""",5,,
"""directory-scimple""",4,https://github.com/apache/directory-scimple/commit/c0f861d4ef198cd1e5054a983bbfd53bccec8018,https://github.com/apache/directory-scimple/commit/248d41ee7e4281f27c966a8749f6465ec30ea229
"""directory-scimple""",3,,
"""directory-scimple""",2,https://github.com/apache/directory-scimple/commit/47f0a8e6f1d705f18eda79c0b03c27dadb211530,https://github.com/apache/directory-scimple/commit/b86b2a77d926c6de8daaf5e436ee467e8bbe7999
"""directory-scimple""",1,,
