repo,pr_number,before_commit,after_commit
"""dubbo-admin""",481,https://github.com/apache/dubbo-admin/commit/77579afb66e1a78eb491f0a783705d40484de5a7,https://github.com/apache/dubbo-admin/commit/9eb8030938d9132f3e072556e056549eaea6b5d0
"""dubbo-admin""",479,,
"""dubbo-admin""",465,,
"""dubbo-admin""",449,,
"""dubbo-admin""",442,,
"""dubbo-admin""",436,,
"""dubbo-admin""",435,,
"""dubbo-admin""",426,,
"""dubbo-admin""",422,,
"""dubbo-admin""",409,,
"""dubbo-admin""",389,,
"""dubbo-admin""",386,https://github.com/apache/dubbo-admin/commit/5ee49ad7c044473432e03bb9b5e829c01f1e3749,https://github.com/apache/dubbo-admin/commit/76a8665f11538b599cf5d87e424827ce68a18ecf
"""dubbo-admin""",383,https://github.com/apache/dubbo-admin/commit/88892af2ecacee032fdd8365e84a077a8bb10c42,https://github.com/apache/dubbo-admin/commit/da8c2db5626a94b7fe2e41666e59d20793179415
"""dubbo-admin""",371,,
"""dubbo-admin""",357,,
"""dubbo-admin""",348,,
"""dubbo-admin""",346,,
"""dubbo-admin""",341,https://github.com/apache/dubbo-admin/commit/c4e996b934ff297744949a0f78e4483a2a45b30b,https://github.com/apache/dubbo-admin/commit/c5e443012e0ad2e1ec786707d963e9fd2856819f
"""dubbo-admin""",332,,
"""dubbo-admin""",331,,
"""dubbo-admin""",324,,
"""dubbo-admin""",316,,
"""dubbo-admin""",306,,
"""dubbo-admin""",304,,
"""dubbo-admin""",303,,
"""dubbo-admin""",302,,
"""dubbo-admin""",292,,
"""dubbo-admin""",287,,
"""dubbo-admin""",286,,
"""dubbo-admin""",281,,
"""dubbo-admin""",279,,
"""dubbo-admin""",277,,
"""dubbo-admin""",275,,
"""dubbo-admin""",274,,
"""dubbo-admin""",273,,
"""dubbo-admin""",271,,
"""dubbo-admin""",269,,
"""dubbo-admin""",268,,
"""dubbo-admin""",267,,
"""dubbo-admin""",265,,
"""dubbo-admin""",263,https://github.com/apache/dubbo-admin/commit/d31c2e35cb92c8b3b1bcf62db342295026587b5b,https://github.com/apache/dubbo-admin/commit/c7457c5bd8544bff22225fb1aecadfb17a2603d1
"""dubbo-admin""",261,,
"""dubbo-admin""",258,,
"""dubbo-admin""",257,,
"""dubbo-admin""",254,,
"""dubbo-admin""",253,,
"""dubbo-admin""",249,,
"""dubbo-admin""",241,,
"""dubbo-admin""",240,,
"""dubbo-admin""",235,,
"""dubbo-admin""",233,,
"""dubbo-admin""",232,,
"""dubbo-admin""",231,,
"""dubbo-admin""",227,,
"""dubbo-admin""",226,,
"""dubbo-admin""",225,,
"""dubbo-admin""",222,,
"""dubbo-admin""",221,,
"""dubbo-admin""",220,,
"""dubbo-admin""",214,,
"""dubbo-admin""",208,,
"""dubbo-admin""",201,https://github.com/apache/dubbo-admin/commit/706fb87ae4af46dedfc3c895c4a0f7be73345e71,https://github.com/apache/dubbo-admin/commit/134ba933cb1d1ca39044eb8b3da79e66f2ee8e2f
"""dubbo-admin""",199,,
"""dubbo-admin""",188,https://github.com/apache/dubbo-admin/commit/524c34146a1635ef572eba03ab9944ee832e4a77,https://github.com/apache/dubbo-admin/commit/3fbf6be3f3122ac2d7469e57b1a1b7276ac6ac05
"""dubbo-admin""",183,,
"""dubbo-admin""",181,,
"""dubbo-admin""",178,,
"""dubbo-admin""",168,,
"""dubbo-admin""",167,,
"""dubbo-admin""",166,,
"""dubbo-admin""",165,,
"""dubbo-admin""",161,,
"""dubbo-admin""",157,,
"""dubbo-admin""",154,,
"""dubbo-admin""",148,,
"""dubbo-admin""",147,,
"""dubbo-admin""",145,,
"""dubbo-admin""",142,,
"""dubbo-admin""",139,,
"""dubbo-admin""",138,,
"""dubbo-admin""",137,,
"""dubbo-admin""",135,,
"""dubbo-admin""",127,,
"""dubbo-admin""",126,,
"""dubbo-admin""",124,,
"""dubbo-admin""",123,,
"""dubbo-admin""",122,,
"""dubbo-admin""",120,,
"""dubbo-admin""",119,,
"""dubbo-admin""",117,,
"""dubbo-admin""",111,,
"""dubbo-admin""",104,,
"""dubbo-admin""",101,,
"""dubbo-admin""",99,,
"""dubbo-admin""",97,,
"""dubbo-admin""",95,,
"""dubbo-admin""",93,,
"""dubbo-admin""",92,,
"""dubbo-admin""",87,,
"""dubbo-admin""",74,,
"""dubbo-admin""",70,,
"""dubbo-admin""",63,,
"""dubbo-admin""",57,,
"""dubbo-admin""",54,,
"""dubbo-admin""",50,,
"""dubbo-admin""",49,,
"""dubbo-admin""",47,,
"""dubbo-admin""",42,,
"""dubbo-admin""",40,,
"""dubbo-admin""",37,,
"""dubbo-admin""",36,,
"""dubbo-admin""",21,,
"""dubbo-admin""",20,,
"""dubbo-admin""",4,,
