repo,pr_number,before_commit,after_commit
"""activemq-artemis""",2813,https://github.com/apache/activemq-artemis/commit/0867286066628973f59b026d07df072c0b32393d,https://github.com/apache/activemq-artemis/commit/397cef699aea5a59cfc3970b7735aaf2068bf1ff
"""activemq-artemis""",2811,,
"""activemq-artemis""",2809,https://github.com/apache/activemq-artemis/commit/723c1b958892fcb0d3156071b8563618cff1efed,https://github.com/apache/activemq-artemis/commit/c929d34eed84d3114abc7075a809c5ee894ca2f3
"""activemq-artemis""",2807,,
"""activemq-artemis""",2801,https://github.com/apache/activemq-artemis/commit/7ecc6462ca30e310f84ff60793b342dadfee6dfc,https://github.com/apache/activemq-artemis/commit/5f75f68129f74d533a59b802112567b747352950
"""activemq-artemis""",2799,https://github.com/apache/activemq-artemis/commit/180d684749df04e83cbb2bf47868a27e4c74a55c,https://github.com/apache/activemq-artemis/commit/144c21fb6f9489174fc8ee0e8a37459a657b2b7a
"""activemq-artemis""",2798,https://github.com/apache/activemq-artemis/commit/4d69c50836e3acb07614fd585bd9972998c14840,https://github.com/apache/activemq-artemis/commit/61eb27e127fdaa024d40d49681bcbf4a3c8235fe
"""activemq-artemis""",2788,,
"""activemq-artemis""",2786,https://github.com/apache/activemq-artemis/commit/f0f66cf48ec1696f76acf7758f74cbddacf76542,https://github.com/apache/activemq-artemis/commit/205a1399e7777ec6abc9f0a8f2cfe8b337a861f0
"""activemq-artemis""",2782,https://github.com/apache/activemq-artemis/commit/31d5ec7d795260f617d4747e693eac8ddb455b10,https://github.com/apache/activemq-artemis/commit/f72409e38fe9a218bcc4180f41953fef2dc4c40d
"""activemq-artemis""",2778,https://github.com/apache/activemq-artemis/commit/be4b78de0b1658b710f711436bdd3390d7a63bc1,https://github.com/apache/activemq-artemis/commit/9c5a2f42de45d398c6048f2ae3b25a87bc6f86df
"""activemq-artemis""",2775,https://github.com/apache/activemq-artemis/commit/b6459c20125d112cc1030479290a6e36f62d1284,https://github.com/apache/activemq-artemis/commit/80190860cc09f5dfa5b628db9e4987dc21e7136b
"""activemq-artemis""",2774,,
"""activemq-artemis""",2773,https://github.com/apache/activemq-artemis/commit/1b90c62e8eb101cadea2000df72f59c392c3c8e3,https://github.com/apache/activemq-artemis/commit/28ea18ea790820257e279bd82d14aa857f37a80c
"""activemq-artemis""",2772,,
"""activemq-artemis""",2766,,
"""activemq-artemis""",2764,https://github.com/apache/activemq-artemis/commit/df2b3a5e22cd352c0c2d64fde838c97e2b18dda8,https://github.com/apache/activemq-artemis/commit/6ece896aee92e1da83814e9e3cb2306870c3f895
"""activemq-artemis""",2763,,
"""activemq-artemis""",2762,https://github.com/apache/activemq-artemis/commit/cfff939274740f12ffc2d2d7de307cb7ebf37719,https://github.com/apache/activemq-artemis/commit/2d7d714260297054ad38c4a52e43dcd4170cec27
"""activemq-artemis""",2761,https://github.com/apache/activemq-artemis/commit/b2cc971312231b831ff01d60621be1131d81a124,https://github.com/apache/activemq-artemis/commit/736045d73b9fab8ac894775fab6f258bbd7ff76b
"""activemq-artemis""",2756,https://github.com/apache/activemq-artemis/commit/03719cfc162e5fe50c462abdc2bf691fcf76f46a,https://github.com/apache/activemq-artemis/commit/20ca827d79282ca41b4f60f28e6b09333c3d82d5
"""activemq-artemis""",2755,,
"""activemq-artemis""",2748,,
"""activemq-artemis""",2721,,
"""activemq-artemis""",2719,,
"""activemq-artemis""",2708,,
"""activemq-artemis""",2705,,
"""activemq-artemis""",2699,,
"""activemq-artemis""",2698,https://github.com/apache/activemq-artemis/commit/092c55f62c817ada4912f5ed8d8953c587082353,https://github.com/apache/activemq-artemis/commit/7e3b68a4cf93d26af7258f1ee2c7e5a7f90bd5e9
"""activemq-artemis""",2696,https://github.com/apache/activemq-artemis/commit/da79f52623e5b6ed315c52d1a6f9023a9273b79d,https://github.com/apache/activemq-artemis/commit/bfe6b70c5ad63c6b1231f73e3ff8d9dbf0ecc6a8
"""activemq-artemis""",2692,,
"""activemq-artemis""",2687,https://github.com/apache/activemq-artemis/commit/b5fc3c0ab788d21e36e08a232fdef566e8b45123,https://github.com/apache/activemq-artemis/commit/d708be31896907e06c8790d1bc9a34abae21cdc7
"""activemq-artemis""",2686,https://github.com/apache/activemq-artemis/commit/71372d99529ccaf30a9457e92d61ab0acc0fb288,https://github.com/apache/activemq-artemis/commit/4fa2e75cdc5572e2e98d311fdcde0c2010726780
"""activemq-artemis""",2678,,
"""activemq-artemis""",2673,https://github.com/apache/activemq-artemis/commit/f5950372c8ed5228d42c51de1e5275d3eb3ebbd4,https://github.com/apache/activemq-artemis/commit/2cf7c321285583e7eb2722cef2fcbd24537b7d89
"""activemq-artemis""",2669,https://github.com/apache/activemq-artemis/commit/f446798f07e8a48a68cf01fdeac5d828e3491487,https://github.com/apache/activemq-artemis/commit/b9b6fddeea4082bd11d9dc1d3748ab80684bfd78
"""activemq-artemis""",2668,https://github.com/apache/activemq-artemis/commit/e14fc6e1164333cc01f9044675a86014ad125397,https://github.com/apache/activemq-artemis/commit/984a901d6a7dcc9d5987c6ba34f0ceef8868c5c2
"""activemq-artemis""",2665,,
"""activemq-artemis""",2664,,
"""activemq-artemis""",2663,,
"""activemq-artemis""",2660,https://github.com/apache/activemq-artemis/commit/a868388a63450a1ebb7ec61272188d57237efef1,https://github.com/apache/activemq-artemis/commit/0e409841458936e2a190f00539dc362935a5b504
"""activemq-artemis""",2659,https://github.com/apache/activemq-artemis/commit/5f137af051489a9b85c72145974cb772727dee7b,https://github.com/apache/activemq-artemis/commit/b5b2cc98b02e43101fb7449f59afc9c3f74f31e5
"""activemq-artemis""",2658,,
"""activemq-artemis""",2657,,
"""activemq-artemis""",2656,https://github.com/apache/activemq-artemis/commit/546d27f89a9b4bd08b8d8eb8fc4fad100994c625,https://github.com/apache/activemq-artemis/commit/fa259ba66e6fa653b90d81f64d5162b8f5d7b341
"""activemq-artemis""",2648,https://github.com/apache/activemq-artemis/commit/609fb81de8397b35e726c9687bcea00d0fb41d82,https://github.com/apache/activemq-artemis/commit/00a6b933bb183261603316e1113af9be55950844
"""activemq-artemis""",2644,,
"""activemq-artemis""",2642,https://github.com/apache/activemq-artemis/commit/1bdebb0a3ed3394af5d1b3086d3a82a9537a25ba,https://github.com/apache/activemq-artemis/commit/9ac7702c93767c6e0dd67981e99b385abcd96860
"""activemq-artemis""",2632,,
"""activemq-artemis""",2621,,
"""activemq-artemis""",2618,,
"""activemq-artemis""",2617,,
"""activemq-artemis""",2616,https://github.com/apache/activemq-artemis/commit/4421a2eb6d69e5b6f5934f6ec1018c272f688746,https://github.com/apache/activemq-artemis/commit/cf2540ebb197ba5802ffafa1d32ab0216e1090a3
"""activemq-artemis""",2614,https://github.com/apache/activemq-artemis/commit/619823762cd6da37e269f1968af5fd014f995898,https://github.com/apache/activemq-artemis/commit/9e45a4ac3a67c9aa56e6c07e845d4019f6783a8d
"""activemq-artemis""",2610,https://github.com/apache/activemq-artemis/commit/894a988a62ac902bd71620eff39b5745f75f4d72,https://github.com/apache/activemq-artemis/commit/16526433e1446223871ff02ad8da0b62825ff885
"""activemq-artemis""",2606,,
"""activemq-artemis""",2605,,
"""activemq-artemis""",2603,,
"""activemq-artemis""",2587,https://github.com/apache/activemq-artemis/commit/b7393a68cd359f216ce0d0ab4aa0901cc7c3f23f,https://github.com/apache/activemq-artemis/commit/9fbd86c18a34cccc770fb07309656a9af4843635
"""activemq-artemis""",2586,,
"""activemq-artemis""",2585,,
"""activemq-artemis""",2583,,
"""activemq-artemis""",2580,,
"""activemq-artemis""",2576,,
"""activemq-artemis""",2569,https://github.com/apache/activemq-artemis/commit/e2e96c537793b743c07f0daa9aee02c06e068465,https://github.com/apache/activemq-artemis/commit/9b01e9521c89105b4447aba7199b058478986c4f
"""activemq-artemis""",2567,,
"""activemq-artemis""",2562,,
"""activemq-artemis""",2560,,
"""activemq-artemis""",2550,,
"""activemq-artemis""",2544,,
"""activemq-artemis""",2538,,
"""activemq-artemis""",2535,,
"""activemq-artemis""",2520,https://github.com/apache/activemq-artemis/commit/a466bd3fb697623907b25f6f8a5d8bbfedcdaa07,https://github.com/apache/activemq-artemis/commit/e595b7ca169c0eaa3c5ebd10d102e4252685d201
"""activemq-artemis""",2514,https://github.com/apache/activemq-artemis/commit/e365f274b3cc549154eb4006d30913d04d09065b,https://github.com/apache/activemq-artemis/commit/d4c41e45bc762f2d8b7831529678bc4061bf9cd3
"""activemq-artemis""",2512,,
"""activemq-artemis""",2508,,
"""activemq-artemis""",2507,,
"""activemq-artemis""",2504,,
"""activemq-artemis""",2503,,
"""activemq-artemis""",2502,,
"""activemq-artemis""",2501,,
"""activemq-artemis""",2498,https://github.com/apache/activemq-artemis/commit/5e271c596a9282469bec60d4884ffab9665fd41e,https://github.com/apache/activemq-artemis/commit/ae1ccf034abb3b9fe6f84032a68b9c2816c4a7c6
"""activemq-artemis""",2475,https://github.com/apache/activemq-artemis/commit/3d74bdb929b811b6d6eeedacd02081fe5a552777,https://github.com/apache/activemq-artemis/commit/0f9bf15788096ad9dc795954174c3b496861932c
"""activemq-artemis""",2472,,
"""activemq-artemis""",2463,,
"""activemq-artemis""",2431,,
"""activemq-artemis""",2416,https://github.com/apache/activemq-artemis/commit/5534ee9d0ec78c45d151837e12309e75aa07bf02,https://github.com/apache/activemq-artemis/commit/80525f1c9165fde93fd3b0c73b77ff66fd02d1cb
"""activemq-artemis""",2414,https://github.com/apache/activemq-artemis/commit/86f5127cfa5d23b3bfd7451a1c4a0dfd7f2f4d1a,https://github.com/apache/activemq-artemis/commit/270b383e80296fb47dba6a719ef1616ddcaab1ef
"""activemq-artemis""",2409,https://github.com/apache/activemq-artemis/commit/a6359d2ada1f880bf9ed537bab812d9a06fb0bfa,https://github.com/apache/activemq-artemis/commit/c62146802ed1a8a3128e1e3b847a02eac247aa01
"""activemq-artemis""",2405,,
"""activemq-artemis""",2396,https://github.com/apache/activemq-artemis/commit/5e2710efd4eda2f7c233856f193985b23e946eb5,https://github.com/apache/activemq-artemis/commit/775e7d26039394978aa8dcd6729e27565f35b121
"""activemq-artemis""",2395,https://github.com/apache/activemq-artemis/commit/6c8b61f24089af23b5a339e956beab1be96cd266,https://github.com/apache/activemq-artemis/commit/06c37422fb79e8ed74531bfebd141621f75d7864
"""activemq-artemis""",2394,,
"""activemq-artemis""",2389,,
"""activemq-artemis""",2381,,
"""activemq-artemis""",2373,,
"""activemq-artemis""",2367,,
"""activemq-artemis""",2366,https://github.com/apache/activemq-artemis/commit/d82aab29e62c93148bc6b0bd214d98bd9de63253,https://github.com/apache/activemq-artemis/commit/755f71e431fe4fd2801291a00c8185490ac5d45e
"""activemq-artemis""",2364,https://github.com/apache/activemq-artemis/commit/39a5701964e506bc81e653ef05296356e3fcb610,https://github.com/apache/activemq-artemis/commit/fceb9ea7182a801ba91e6d0db0ca01c730a1b6c9
"""activemq-artemis""",2360,,
"""activemq-artemis""",2349,,
"""activemq-artemis""",2337,https://github.com/apache/activemq-artemis/commit/7646bb958f4ddc9ff8d0e05367bed29d75958695,https://github.com/apache/activemq-artemis/commit/1369690f574c2c97d1fa3930260eae5039b703c1
"""activemq-artemis""",2336,https://github.com/apache/activemq-artemis/commit/02c201e8e15967f8512d519e1b6bf0a16bb5a28b,https://github.com/apache/activemq-artemis/commit/11ce7f864e861c98eaa1b582195273cdde67d86b
"""activemq-artemis""",2332,,
"""activemq-artemis""",2331,https://github.com/apache/activemq-artemis/commit/fc15ffbffacca20a81ab043efb8610d21777fe07,https://github.com/apache/activemq-artemis/commit/8e40b2d4f4f242271d3dfcda4f9b96d3f94cee1b
"""activemq-artemis""",2327,,
"""activemq-artemis""",2325,,
"""activemq-artemis""",2321,,
"""activemq-artemis""",2310,https://github.com/apache/activemq-artemis/commit/b472fd7ab7c2234fb27c3dcadd86071e022fec10,https://github.com/apache/activemq-artemis/commit/6361079aa0533f31ad8b1b8e390fc70fda5ad217
"""activemq-artemis""",2308,https://github.com/apache/activemq-artemis/commit/cfe63355ddd3153d6107be8c1f2a8d3fdf411d02,https://github.com/apache/activemq-artemis/commit/369e475af629d2159abae3a7b3e4162b924f7a3a
"""activemq-artemis""",2304,,
"""activemq-artemis""",2303,,
"""activemq-artemis""",2301,,
"""activemq-artemis""",2297,,
"""activemq-artemis""",2293,https://github.com/apache/activemq-artemis/commit/8734fc9c97e7d5330b7ec43cd33cf9c722b06592,https://github.com/apache/activemq-artemis/commit/3b34127bb3ce6720ff794551a2877ba9794f0960
"""activemq-artemis""",2285,https://github.com/apache/activemq-artemis/commit/18e4aecd7579e2d76b3939969c4db37b6a6732f9,https://github.com/apache/activemq-artemis/commit/3827c54c058e7fef062d6d5e7e97e3f6466361fe
"""activemq-artemis""",2281,https://github.com/apache/activemq-artemis/commit/02c1ed8539cee274d6cbd7966e79e8d91e647435,https://github.com/apache/activemq-artemis/commit/93cffedcba9d293c24b3497a1aff1de491bbf39c
"""activemq-artemis""",2280,,
"""activemq-artemis""",2278,https://github.com/apache/activemq-artemis/commit/106e71bdf4f1cf7ddf0dfc37ce6bab76d5c00dad,https://github.com/apache/activemq-artemis/commit/34fa0dded6de2298e45013fd134d4c87b0e836b2
"""activemq-artemis""",2275,,
"""activemq-artemis""",2272,https://github.com/apache/activemq-artemis/commit/1e8abbeff9dc4da6cec45cb9286b88e4de7763d2,https://github.com/apache/activemq-artemis/commit/34254095c88b2fa41a65af5eb359f862e4c34496
"""activemq-artemis""",2271,,
"""activemq-artemis""",2270,https://github.com/apache/activemq-artemis/commit/b019f8a5891f4f60142fa54c61b8e0fd259d4d11,https://github.com/apache/activemq-artemis/commit/6b1abd1aadc2d097e3baefeb312c8e68092876ba
"""activemq-artemis""",2255,https://github.com/apache/activemq-artemis/commit/636d6e10b2d310bc59ccc414992412470cc39d0a,https://github.com/apache/activemq-artemis/commit/63e6cd98f856ba8900782b7488c3ce4cf9e48257
"""activemq-artemis""",2250,https://github.com/apache/activemq-artemis/commit/18d0271bc60f68fe0312f60c25d40c09c509daee,https://github.com/apache/activemq-artemis/commit/2967df6a998b93cf471c39e25faa6d3a4c821ae0
"""activemq-artemis""",2248,,
"""activemq-artemis""",2246,https://github.com/apache/activemq-artemis/commit/65d333688c295def08b2322284ab581ed38e14f5,https://github.com/apache/activemq-artemis/commit/ad6db747010774ec55592b4304ad45c169a7209f
"""activemq-artemis""",2245,,
"""activemq-artemis""",2234,https://github.com/apache/activemq-artemis/commit/e4b8edf85a000ad029b2a19ec947898f7e3aae28,https://github.com/apache/activemq-artemis/commit/26208b76c768b02c145b00674048fcb91ed5f92c
"""activemq-artemis""",2232,,
"""activemq-artemis""",2230,,
"""activemq-artemis""",2222,https://github.com/apache/activemq-artemis/commit/be69013c7e6ecbc9ceef9119fc43876381d84797,https://github.com/apache/activemq-artemis/commit/0ae7d32532dce9980bab5031d99314c7f66c56f0
"""activemq-artemis""",2215,,
"""activemq-artemis""",2212,https://github.com/apache/activemq-artemis/commit/068f9fd9eedac0eb6f5f33bd951e6c9530e87e99,https://github.com/apache/activemq-artemis/commit/825081cfc095d52541ebc5631f031059618d871d
"""activemq-artemis""",2211,https://github.com/apache/activemq-artemis/commit/03c3a172bf42ae56e6013e3c117f68d563d6fe85,https://github.com/apache/activemq-artemis/commit/de465179e5b0eecc87e6865250e771ce1f603e1b
"""activemq-artemis""",2198,https://github.com/apache/activemq-artemis/commit/8d37132102a677430819752f12e2b99a0544764f,https://github.com/apache/activemq-artemis/commit/8a9835a3947f99ea832fb31fd763174697c3570b
"""activemq-artemis""",2184,,
"""activemq-artemis""",2180,,
"""activemq-artemis""",2177,https://github.com/apache/activemq-artemis/commit/dfaa4368c1945af70d9aba8f2bc5fd2e5f1272ec,https://github.com/apache/activemq-artemis/commit/7c0f6633f1e6f4fbcfc754dd2be723e8eefbdca6
"""activemq-artemis""",2170,,
"""activemq-artemis""",2160,https://github.com/apache/activemq-artemis/commit/8b87229422091a04ae8bf2ca3773bee7e8ada805,https://github.com/apache/activemq-artemis/commit/f9af366f07368bfaed197cb1eddfde17506c9d84
"""activemq-artemis""",2154,https://github.com/apache/activemq-artemis/commit/ffc8466fbac83fff1c9405a8dc6a1332326fab61,https://github.com/apache/activemq-artemis/commit/d805074b94ce58e83c0f8950a525e44050dfa280
"""activemq-artemis""",2152,https://github.com/apache/activemq-artemis/commit/bfb20acd8a666c662694be98a4369b3cba938bc0,https://github.com/apache/activemq-artemis/commit/6f72e0b4e53c03e468426678ed372fadf8cca0ee
"""activemq-artemis""",2150,,
"""activemq-artemis""",2149,https://github.com/apache/activemq-artemis/commit/e0f28e8471fd1306b4455c285e9561339303127a,https://github.com/apache/activemq-artemis/commit/69d9b6094a8157bf0a6528420a33aa465b8bcec3
"""activemq-artemis""",2147,,
"""activemq-artemis""",2145,,
"""activemq-artemis""",2144,,
"""activemq-artemis""",2142,,
"""activemq-artemis""",2135,https://github.com/apache/activemq-artemis/commit/9d1b72f3ce94fd036e0413b5adc7be70c716bc39,https://github.com/apache/activemq-artemis/commit/cb793e0e9827535fc3ce1c66b4ffbc41f513e9f5
"""activemq-artemis""",2131,,
"""activemq-artemis""",2126,,
"""activemq-artemis""",2121,,
"""activemq-artemis""",2117,https://github.com/apache/activemq-artemis/commit/ee095cdad92c9dad83a1f347456cc9f189bb9158,https://github.com/apache/activemq-artemis/commit/cd9aed0826f943d73af294d3dc8495e56279ecb8
"""activemq-artemis""",2115,https://github.com/apache/activemq-artemis/commit/69f9e1e42aa42049ca082004f56be8e9d5df9fe1,https://github.com/apache/activemq-artemis/commit/1ae2784dc6075875b18780fa8ba40f86cb895f7b
"""activemq-artemis""",2114,https://github.com/apache/activemq-artemis/commit/8ba85bf68232219ce77e75b64eecf499e25e1c17,https://github.com/apache/activemq-artemis/commit/06eb82cb1408a045037be82873c97d235946a761
"""activemq-artemis""",2111,https://github.com/apache/activemq-artemis/commit/946649a35c9adee1752e11695d8cb2c5e4285c48,https://github.com/apache/activemq-artemis/commit/6211fb7ad603d8020f59ea8a68172a072b9a55ba
"""activemq-artemis""",2110,https://github.com/apache/activemq-artemis/commit/e7806d611b58e89a000fb6fdcb3c48e3e3acf468,https://github.com/apache/activemq-artemis/commit/b97bf8fac48e662fa9a69f484dc57e86da99cbc1
"""activemq-artemis""",2105,https://github.com/apache/activemq-artemis/commit/2ea448a0e9328151c5a38ccbe99e85888c501685,https://github.com/apache/activemq-artemis/commit/659d23cb28ce4299be5826ed1b6113458c6d0a1a
"""activemq-artemis""",2104,https://github.com/apache/activemq-artemis/commit/2bf776af20b1ee2cdc6fb1c698acd12babf11584,https://github.com/apache/activemq-artemis/commit/c87fc1a0d28e0851a2bae8b52759e184e5f8eab0
"""activemq-artemis""",2103,https://github.com/apache/activemq-artemis/commit/58283f6d80c2587806d2b5f1f87d4a0ba209918f,https://github.com/apache/activemq-artemis/commit/3a5971ec81984a091123c21fd1b9ac6e777fc7cf
"""activemq-artemis""",2098,https://github.com/apache/activemq-artemis/commit/a2d539cf5f30536aa0faa7839c571843f973f896,https://github.com/apache/activemq-artemis/commit/8d64f741a17846e814e9795ab101572e4acbb9a7
"""activemq-artemis""",2096,,
"""activemq-artemis""",2095,,
"""activemq-artemis""",2088,,
"""activemq-artemis""",2087,,
"""activemq-artemis""",2085,,
"""activemq-artemis""",2079,,
"""activemq-artemis""",2078,https://github.com/apache/activemq-artemis/commit/14a050e015210290ef17fff2d9dfd8f91633e06a,https://github.com/apache/activemq-artemis/commit/69ca189439d15e70e35da737982f8469ab33f8cb
"""activemq-artemis""",2077,https://github.com/apache/activemq-artemis/commit/3362741c77c63bba268b1d13648fc7630e29baa1,https://github.com/apache/activemq-artemis/commit/90a604da202196fd4556aea30a889d2c7fe65ccd
"""activemq-artemis""",2075,https://github.com/apache/activemq-artemis/commit/4c9d8969e84e734974f7acb3dd94ad499b746ef5,https://github.com/apache/activemq-artemis/commit/d31d6e81313e9b8bf4f8195254da10b4328d0e80
"""activemq-artemis""",2074,https://github.com/apache/activemq-artemis/commit/c309dd9ffba3ab8cf7e579d392e31f7278ec7518,https://github.com/apache/activemq-artemis/commit/72eadb201d870b097c8659497823f27bf2401d6f
"""activemq-artemis""",2073,https://github.com/apache/activemq-artemis/commit/639c633e50137b0b1eec3d41b2e29738435a4c15,https://github.com/apache/activemq-artemis/commit/faec43530dace6623a49179e7e0ed2f02a2f432a
"""activemq-artemis""",2070,https://github.com/apache/activemq-artemis/commit/b22c74e90c4ecf614a337ba345ee581ea7164861,https://github.com/apache/activemq-artemis/commit/bd7ec8cca5abad555032596ebb139b2c72ab499f
"""activemq-artemis""",2069,https://github.com/apache/activemq-artemis/commit/7d8017a055ae5395cab0efaa1d8efc50ce2c1ecd,https://github.com/apache/activemq-artemis/commit/bc09a8011d245cc853ffc32916aa4e6a922cc162
"""activemq-artemis""",2068,https://github.com/apache/activemq-artemis/commit/8f87af9226968a7194b38fe8998c8a31f25a65e6,https://github.com/apache/activemq-artemis/commit/3016db699d7cf8c11e45c3828a714278c57807b2
"""activemq-artemis""",2062,,
"""activemq-artemis""",2054,,
"""activemq-artemis""",2053,https://github.com/apache/activemq-artemis/commit/7ed966dc21c605f35ab39ceafce3fcc3fe628d4c,https://github.com/apache/activemq-artemis/commit/384e1aa4d582d62a27f17acd24f10729b6f133a6
"""activemq-artemis""",2052,https://github.com/apache/activemq-artemis/commit/6044b420bd32bda7d2c12e3b2d00f854f39b2c72,https://github.com/apache/activemq-artemis/commit/e8104586b417a01de570847519cb6d4969cbc9ee
"""activemq-artemis""",2048,,
"""activemq-artemis""",2046,https://github.com/apache/activemq-artemis/commit/6d7b7535585b049867c467e65e6eaf23b103fce0,https://github.com/apache/activemq-artemis/commit/6598ab271fc90929a6606014feb73c301514ba2f
"""activemq-artemis""",2030,,
"""activemq-artemis""",2024,https://github.com/apache/activemq-artemis/commit/7f6b85f95af2701db7c6b8bfd99011a0147294eb,https://github.com/apache/activemq-artemis/commit/1e9f76f45a5ded70f3c55d40071bfa5304e59044
"""activemq-artemis""",2018,,
"""activemq-artemis""",2009,,
"""activemq-artemis""",2007,,
"""activemq-artemis""",1996,https://github.com/apache/activemq-artemis/commit/91ed6e3a726b58d04d4155543f1701c6ee0d0ba2,https://github.com/apache/activemq-artemis/commit/e5bce13316f7e81bb15a12592622df2ea2632a35
"""activemq-artemis""",1995,,
"""activemq-artemis""",1992,https://github.com/apache/activemq-artemis/commit/680075e694f4c6987852cd2dbfe2ac4b6814f195,https://github.com/apache/activemq-artemis/commit/dae1b7de1cf411994b550715c2fce143917df6f6
"""activemq-artemis""",1991,https://github.com/apache/activemq-artemis/commit/dfda0650962ba0249571e4fbf5aff26fd13ad5ba,https://github.com/apache/activemq-artemis/commit/65db3171764c65923acb7738ef07d7f51079f046
"""activemq-artemis""",1990,https://github.com/apache/activemq-artemis/commit/688d63b67f136efb8d6ecd458441c802dddde6db,https://github.com/apache/activemq-artemis/commit/10849eb8abc01b8ae66c9ddeb350625efbc66384
"""activemq-artemis""",1980,https://github.com/apache/activemq-artemis/commit/f962b5793223acb7b03cf5dec695cf9a4429b672,https://github.com/apache/activemq-artemis/commit/c2955af16415f1479a002c8238d78410fd27e36b
"""activemq-artemis""",1979,,
"""activemq-artemis""",1978,,
"""activemq-artemis""",1976,https://github.com/apache/activemq-artemis/commit/725d390d19db51ac3d9a21e02f9203d6378053cd,https://github.com/apache/activemq-artemis/commit/15e5debafce38fff8fd56ef467cee2002357a84d
"""activemq-artemis""",1973,,
"""activemq-artemis""",1970,https://github.com/apache/activemq-artemis/commit/2baea8b01fdeb3afcbe32560ed82c22ba30c8419,https://github.com/apache/activemq-artemis/commit/e86acd4824d3a94d124693fbd7887a1f1b9b072c
"""activemq-artemis""",1958,,
"""activemq-artemis""",1949,https://github.com/apache/activemq-artemis/commit/59e1d4cf879b40353912833f66ffea37701fe377,https://github.com/apache/activemq-artemis/commit/cd0309e92ef1e11802c75178e9ba8955b63f9f6f
"""activemq-artemis""",1947,,
"""activemq-artemis""",1945,https://github.com/apache/activemq-artemis/commit/6a0f3232c7921e6e67cd8211e4b05d065cffcceb,https://github.com/apache/activemq-artemis/commit/91c0452d601729585cd75e4d74c473b92f3bd1af
"""activemq-artemis""",1942,,
"""activemq-artemis""",1939,https://github.com/apache/activemq-artemis/commit/7045ac3eb9e08b54fc146d92acd9cd86ce0e78ed,https://github.com/apache/activemq-artemis/commit/e849471c832b7475939bfe969aef99ba6aa828a7
"""activemq-artemis""",1937,https://github.com/apache/activemq-artemis/commit/75501031b2076d00df3b7ec32cffa8e407a7e1f9,https://github.com/apache/activemq-artemis/commit/8831a570de575f19cbb238e8e1956119061057f2
"""activemq-artemis""",1931,https://github.com/apache/activemq-artemis/commit/59dd43bbb6616d4251a8d936d647ba86d41110e0,https://github.com/apache/activemq-artemis/commit/44305694f7a5104497297b02a51caf5535a2e9bd
"""activemq-artemis""",1927,,
"""activemq-artemis""",1926,,
"""activemq-artemis""",1925,https://github.com/apache/activemq-artemis/commit/a1bbc9532a3b1624dc7deaac73b6dfbde4139753,https://github.com/apache/activemq-artemis/commit/29250466ae3b29ea87e61dc637149fe1fb7f82eb
"""activemq-artemis""",1915,https://github.com/apache/activemq-artemis/commit/f9d4daacf7db932ad5ac3024c6951818bc82d5ec,https://github.com/apache/activemq-artemis/commit/afd7d8b30faeaeca38226d4a532467a6623e5abf
"""activemq-artemis""",1913,https://github.com/apache/activemq-artemis/commit/34403b374515053a2dc69e2ea3884aaae5a8a158,https://github.com/apache/activemq-artemis/commit/eba936d0f9f6e714328d255d7b29100c451fa5d2
"""activemq-artemis""",1910,https://github.com/apache/activemq-artemis/commit/a6dc043fd03062ab7ca8880be283838a6cb8dcce,https://github.com/apache/activemq-artemis/commit/d4041b5a72edae68fd70c43ba9a53023b5ec567d
"""activemq-artemis""",1909,,
"""activemq-artemis""",1906,https://github.com/apache/activemq-artemis/commit/978c953db3cb794e7edbb1d48de12503fbad08f8,https://github.com/apache/activemq-artemis/commit/d7b77978439dbe11642e0180d515539245c6c619
"""activemq-artemis""",1905,,
"""activemq-artemis""",1904,https://github.com/apache/activemq-artemis/commit/69166ff70d4fbfd7b35c9869acf3e3e3ba76eba1,https://github.com/apache/activemq-artemis/commit/158eb9d3bfb8ed16f40106dc37c630e9a3b3052e
"""activemq-artemis""",1903,https://github.com/apache/activemq-artemis/commit/d52397a8db814dc7d470c2d4bf049c680713d969,https://github.com/apache/activemq-artemis/commit/642654ff7ad6615b5eb2de503806a30a2eb57d0c
"""activemq-artemis""",1899,https://github.com/apache/activemq-artemis/commit/d554a6c6061355db31ed710e56d4f42a164ac48d,https://github.com/apache/activemq-artemis/commit/691300d10e74e58855f38599988de0fb969982c4
"""activemq-artemis""",1897,,
"""activemq-artemis""",1896,https://github.com/apache/activemq-artemis/commit/913afb0e0aacca77c4aa5e1e8f7dbc3240025216,https://github.com/apache/activemq-artemis/commit/9d1c59cdff5c0084964611147a0433a165c8d989
"""activemq-artemis""",1882,https://github.com/apache/activemq-artemis/commit/2e11632b3b2868f4da30d9e3c9c558c523da9abe,https://github.com/apache/activemq-artemis/commit/0273e3e4ffc7c84d87a73628f3722726f74401ca
"""activemq-artemis""",1881,https://github.com/apache/activemq-artemis/commit/28712914a0473bc05cb18b3c399e869986710281,https://github.com/apache/activemq-artemis/commit/67b8359a78bd01488fa8bb5f7f376889160d5e9e
"""activemq-artemis""",1880,,
"""activemq-artemis""",1872,https://github.com/apache/activemq-artemis/commit/6470e7e64d883282624619adc9d4816fa1688a1e,https://github.com/apache/activemq-artemis/commit/32376ae4ca87683ed9bde334e56de78fae3f35dd
"""activemq-artemis""",1871,https://github.com/apache/activemq-artemis/commit/67609601942dd3ebb873a036efbfaf414e4d3756,https://github.com/apache/activemq-artemis/commit/5480d7bc5b5dc9ab14995c89a1df8868ada720ce
"""activemq-artemis""",1860,,
"""activemq-artemis""",1858,https://github.com/apache/activemq-artemis/commit/09d89bf3af176f6f37789f067f66bebb05346454,https://github.com/apache/activemq-artemis/commit/1ddeb065f1875cca920e5408a0f606de952d8b19
"""activemq-artemis""",1848,,
"""activemq-artemis""",1847,https://github.com/apache/activemq-artemis/commit/4ede99ca67d518989c8b958ec5f9b7c1c174154e,https://github.com/apache/activemq-artemis/commit/f08cd87526edf648e83901a72ba151f98b41b8dd
"""activemq-artemis""",1841,,
"""activemq-artemis""",1829,https://github.com/apache/activemq-artemis/commit/c273ce41d201e5f6c65ff4517ce2fdbd13f30b2d,https://github.com/apache/activemq-artemis/commit/51cb5dfb184985f50c01c2aa53bbc31d0d060e8d
"""activemq-artemis""",1818,https://github.com/apache/activemq-artemis/commit/24d1e280ab7f28dc5bc626bc15bc63596f10d41b,https://github.com/apache/activemq-artemis/commit/c10b74412a335f6c930c3dddace11ef300215d4f
"""activemq-artemis""",1813,,
"""activemq-artemis""",1794,,
"""activemq-artemis""",1785,https://github.com/apache/activemq-artemis/commit/625278746c2d245213d7785a1e2f72a32a9a4abe,https://github.com/apache/activemq-artemis/commit/82e4f465eeba0ba89f123efa7c10a7fd2202c8c1
"""activemq-artemis""",1784,,
"""activemq-artemis""",1776,,
"""activemq-artemis""",1765,,
"""activemq-artemis""",1756,https://github.com/apache/activemq-artemis/commit/0bd988bb7115963c42ef7a57ba4da82480bc8996,https://github.com/apache/activemq-artemis/commit/938fbd81cbe242504ff6563aa7301e681f80a61c
"""activemq-artemis""",1737,,
"""activemq-artemis""",1735,https://github.com/apache/activemq-artemis/commit/f30fa580db4aa0b603b5c0527ba461dce6c5e2c4,https://github.com/apache/activemq-artemis/commit/bccf18fa6f85930a5b402a71408b4e302dc8ac97
"""activemq-artemis""",1731,,
"""activemq-artemis""",1726,,
"""activemq-artemis""",1718,,
"""activemq-artemis""",1713,https://github.com/apache/activemq-artemis/commit/23282dbe4ea5cc1fba558103be30e6bdaa74a2f8,https://github.com/apache/activemq-artemis/commit/dbe575a0c1a73849284f163e32544cbfe901c1f9
"""activemq-artemis""",1709,,
"""activemq-artemis""",1699,,
"""activemq-artemis""",1694,,
"""activemq-artemis""",1693,,
"""activemq-artemis""",1692,,
"""activemq-artemis""",1681,https://github.com/apache/activemq-artemis/commit/5d7b06b06c379d4144254f13c8b60cad0750a82b,https://github.com/apache/activemq-artemis/commit/f9d101d0a180b5cb860e3200ea19503fb582aaa4
"""activemq-artemis""",1678,https://github.com/apache/activemq-artemis/commit/8937ad18ff2cd97be95c235e6590c1d2b1c01776,https://github.com/apache/activemq-artemis/commit/8b7282d849fca896f6b9794a5ddfc251db947120
"""activemq-artemis""",1671,,
"""activemq-artemis""",1663,https://github.com/apache/activemq-artemis/commit/aa7bf16bfb7bbcd318654dc4ceadee86ba37dea8,https://github.com/apache/activemq-artemis/commit/1d1d6c8b4686f869df0ca5fc09c20128f8481cff
"""activemq-artemis""",1660,https://github.com/apache/activemq-artemis/commit/6ea75da297706264c7cf37607057c363794397d0,https://github.com/apache/activemq-artemis/commit/996e5c30c647442eb944a30e91e4148aa2a88faf
"""activemq-artemis""",1655,https://github.com/apache/activemq-artemis/commit/2ea360a05286eeb17a7f4c10b5d11fb489048170,https://github.com/apache/activemq-artemis/commit/9daa0321b668fbb1f45349f9e33937aa5a7c705e
"""activemq-artemis""",1651,,
"""activemq-artemis""",1649,,
"""activemq-artemis""",1647,https://github.com/apache/activemq-artemis/commit/d6c30eb3f2f7bb3a7ffeadb5cafb42a10000340f,https://github.com/apache/activemq-artemis/commit/5fe88e1c667870a398d85e427d324542399f9dfe
"""activemq-artemis""",1645,,
"""activemq-artemis""",1639,,
"""activemq-artemis""",1637,,
"""activemq-artemis""",1627,,
"""activemq-artemis""",1622,https://github.com/apache/activemq-artemis/commit/c2baba92176b169ea70fb13c0fefbe56a6e0c021,https://github.com/apache/activemq-artemis/commit/fb76d9aeb09d698cc88cb7adaed922013ee7db3e
"""activemq-artemis""",1620,https://github.com/apache/activemq-artemis/commit/3834eb5c290b9346bce1475a7c95729ed09f7cae,https://github.com/apache/activemq-artemis/commit/1af6d986a570f4c0db87cdd141fad3c66b84ea92
"""activemq-artemis""",1617,,
"""activemq-artemis""",1615,,
"""activemq-artemis""",1614,https://github.com/apache/activemq-artemis/commit/e3c3e910350a2b2cc3527c06316ccb3a1e0f1aad,https://github.com/apache/activemq-artemis/commit/c93a25063519f9cc55fb3f614af66fcdcfe7e4a1
"""activemq-artemis""",1613,,
"""activemq-artemis""",1611,,
"""activemq-artemis""",1604,https://github.com/apache/activemq-artemis/commit/272ac714421c867e6b8962f6b5f2ec25ff09550c,https://github.com/apache/activemq-artemis/commit/79e307e9f98396fa69fea0a8582e540f1f719f82
"""activemq-artemis""",1597,,
"""activemq-artemis""",1588,https://github.com/apache/activemq-artemis/commit/910c16988ae519750f29ff36ef61c94e4d116297,https://github.com/apache/activemq-artemis/commit/62a2b14dd0497b9b6833e0e3c15c2725ca3bf717
"""activemq-artemis""",1585,,
"""activemq-artemis""",1583,,
"""activemq-artemis""",1582,https://github.com/apache/activemq-artemis/commit/ce5b49f98eb13a4300424a4c19c4609c49e4b7cf,https://github.com/apache/activemq-artemis/commit/ea898332049fa6817db85d0a0b0be94b6cf4a67c
"""activemq-artemis""",1581,,
"""activemq-artemis""",1579,,
"""activemq-artemis""",1578,https://github.com/apache/activemq-artemis/commit/f602cf4fdf0ea5120d0a3febe90cf85ff0abae47,https://github.com/apache/activemq-artemis/commit/d190b611be13f6d330fc743ac2b8ed28bf097c60
"""activemq-artemis""",1577,,
"""activemq-artemis""",1572,https://github.com/apache/activemq-artemis/commit/0a14fadc7531c716504f85336e80cae307211272,https://github.com/apache/activemq-artemis/commit/03d56d2cf5b51f7d0309008bd737925943c34403
"""activemq-artemis""",1571,https://github.com/apache/activemq-artemis/commit/fc80299546d2071ac706c74f59c03bbf899c54ba,https://github.com/apache/activemq-artemis/commit/1bb710cd93ba7767a2de82bafa88517cf222eb6f
"""activemq-artemis""",1568,https://github.com/apache/activemq-artemis/commit/ae0b3d9a5231f90ce0bbc2a4413d2eae1d9f71c3,https://github.com/apache/activemq-artemis/commit/02b305b02a5325be1d39bde1f7cf9901f8354db6
"""activemq-artemis""",1567,https://github.com/apache/activemq-artemis/commit/d4761e2b067164024018d311e3a3468b8748285e,https://github.com/apache/activemq-artemis/commit/bb554e52649ec451d42ee98f063ca347c385d2a4
"""activemq-artemis""",1566,,
"""activemq-artemis""",1563,https://github.com/apache/activemq-artemis/commit/e296b201dbc54e9f69bdad680dc09745e942acb9,https://github.com/apache/activemq-artemis/commit/1b0fc06196b86bb8125d89d6beea4e9664c6397e
"""activemq-artemis""",1559,https://github.com/apache/activemq-artemis/commit/153e98d8e9d1cd30f6b4cd1b06c40d741eb9e746,https://github.com/apache/activemq-artemis/commit/796c4f2c4ea5f5216f6f0670abc5a1b62f007f3a
"""activemq-artemis""",1550,https://github.com/apache/activemq-artemis/commit/3e8ff005dc7c96f88c7ec10e8467e4281153b858,https://github.com/apache/activemq-artemis/commit/574e5c8c7bb2cb4b9a99b98b5c3c512d092365fe
"""activemq-artemis""",1548,,
"""activemq-artemis""",1547,,
"""activemq-artemis""",1545,,
"""activemq-artemis""",1533,https://github.com/apache/activemq-artemis/commit/966145392400a59a6e1d72303769229575bc3867,https://github.com/apache/activemq-artemis/commit/520a40b1a1431fb0fdc1666c556342410a56e4eb
"""activemq-artemis""",1529,https://github.com/apache/activemq-artemis/commit/40c6477dfbbdbaf805045ca7b35c6ec5a0d21f62,https://github.com/apache/activemq-artemis/commit/ee53b2bf53bcfac079780ff9cf81507529c74636
"""activemq-artemis""",1525,,
"""activemq-artemis""",1512,,
"""activemq-artemis""",1509,https://github.com/apache/activemq-artemis/commit/a6c0789e4da2b2f4b5854db8b3e67bb770d86c2f,https://github.com/apache/activemq-artemis/commit/e9c601dd2ca3070338731ed391fdb5bb991c873d
"""activemq-artemis""",1500,https://github.com/apache/activemq-artemis/commit/96f46ba9dce4cfb44eec0c69a5a4f46d31095afb,https://github.com/apache/activemq-artemis/commit/4618b192c22a91553530bdb76267d59c4a8516b5
"""activemq-artemis""",1498,https://github.com/apache/activemq-artemis/commit/86b9e305777287825a6cb269258007d6e090f900,https://github.com/apache/activemq-artemis/commit/6483e4a0aa749cb118cd72163297d061eb48b8fc
"""activemq-artemis""",1495,,
"""activemq-artemis""",1494,,
"""activemq-artemis""",1489,,
"""activemq-artemis""",1486,https://github.com/apache/activemq-artemis/commit/42322f8e8cb2bd497d852bd1bd7e6ae77fbbc8b1,https://github.com/apache/activemq-artemis/commit/d6cbc0aa885fa88beb7f1b2450cdfe4da9466947
"""activemq-artemis""",1485,,
"""activemq-artemis""",1472,https://github.com/apache/activemq-artemis/commit/e00d10f647d3c805305bf3d7ca1586a87dbe45ad,https://github.com/apache/activemq-artemis/commit/2033ee8c43279358e13530f0d168c7b415465f25
"""activemq-artemis""",1470,,
"""activemq-artemis""",1462,https://github.com/apache/activemq-artemis/commit/8d0374c53c647445455f60798dd8b77cf25b271e,https://github.com/apache/activemq-artemis/commit/06ea18d55c579ab2b1c64e0dc819b3a14e4803d9
"""activemq-artemis""",1461,https://github.com/apache/activemq-artemis/commit/71c85cdaa74d28670decec8439cf6bd329e11a7c,https://github.com/apache/activemq-artemis/commit/26752a7aafa5651e41abf23ac550c6c09bb08287
"""activemq-artemis""",1456,https://github.com/apache/activemq-artemis/commit/b69360c5eb200851d226e032a563793570723810,https://github.com/apache/activemq-artemis/commit/5793dbaa3c6f8151707cf356c5d216568fb02026
"""activemq-artemis""",1448,https://github.com/apache/activemq-artemis/commit/70ad49c1e8c390494221af193c78c356a441df58,https://github.com/apache/activemq-artemis/commit/25c0f93ad50bc82f93cc2a6785203cb1ea366c40
"""activemq-artemis""",1446,https://github.com/apache/activemq-artemis/commit/1251e1ec42ec4a78c615eec0b6606c1ca4d4159d,https://github.com/apache/activemq-artemis/commit/7bd454739c4e0eefe3042903e04cb1960547a063
"""activemq-artemis""",1443,https://github.com/apache/activemq-artemis/commit/b9f6ed6b513c7eadb69ae12bc1e81f6dbc7363ef,https://github.com/apache/activemq-artemis/commit/f16af7535417e3ba3ad625d22430edda7b76b5d2
"""activemq-artemis""",1442,https://github.com/apache/activemq-artemis/commit/8db94c6f3bd1d179ff340b2bb2e57bf2edbee58c,https://github.com/apache/activemq-artemis/commit/b6b8fa411f4dcf9e6ac8248489579dac8d931cb3
"""activemq-artemis""",1424,,
"""activemq-artemis""",1420,https://github.com/apache/activemq-artemis/commit/05ae81e1dfb02f7f321b288d3482636fabfd7d7b,https://github.com/apache/activemq-artemis/commit/41bd6c7cfb763025f3e0f7aa44260263dedd977c
"""activemq-artemis""",1419,,
"""activemq-artemis""",1418,,
"""activemq-artemis""",1417,https://github.com/apache/activemq-artemis/commit/4327d9293e3d05b3fdd003d204fe4b7bc68c99b4,https://github.com/apache/activemq-artemis/commit/50a900c04b497c470eeb5c69985944cd6666ffa0
"""activemq-artemis""",1416,,
"""activemq-artemis""",1410,https://github.com/apache/activemq-artemis/commit/8879cb2fc12bdd5e098a38f672f4196cac86fa53,https://github.com/apache/activemq-artemis/commit/8f5f2bbe5278de56c0afac4e634f30231f779cc5
"""activemq-artemis""",1405,,
"""activemq-artemis""",1399,,
"""activemq-artemis""",1398,,
"""activemq-artemis""",1397,,
"""activemq-artemis""",1396,,
"""activemq-artemis""",1395,https://github.com/apache/activemq-artemis/commit/6a5ea71caa2b1c0416df26ad890ba19a54318fd6,https://github.com/apache/activemq-artemis/commit/4b943a745b1e91f41dc89bb924ac33378a21aa79
"""activemq-artemis""",1387,https://github.com/apache/activemq-artemis/commit/0e32c37f9b04b165e08d745d3524bc2bef13c320,https://github.com/apache/activemq-artemis/commit/276319d72b19ea03497882139fc768b7628576d2
"""activemq-artemis""",1386,https://github.com/apache/activemq-artemis/commit/543792810bcddd1469decf796e2e4469f547d68d,https://github.com/apache/activemq-artemis/commit/01a5a60b373590b75d32544c25b3a1c470f8dbc3
"""activemq-artemis""",1383,https://github.com/apache/activemq-artemis/commit/0606be8f5a63f0edaa80c2a6490c0062664485a9,https://github.com/apache/activemq-artemis/commit/f744904fdb97a2f5380f37e9b8e904885cc95050
"""activemq-artemis""",1382,https://github.com/apache/activemq-artemis/commit/6b2798a0fe02bcb5ca2f13b1431fd8dfe327d20e,https://github.com/apache/activemq-artemis/commit/387fca584e7cb66656f23b29a24169bb2fb8fc67
"""activemq-artemis""",1381,,
"""activemq-artemis""",1368,,
"""activemq-artemis""",1367,https://github.com/apache/activemq-artemis/commit/37ed5bc488eaa9237bda7d24fb66d38b0bbc0521,https://github.com/apache/activemq-artemis/commit/f407d86f0fd8d8472600364caf88e1711c0e4e0b
"""activemq-artemis""",1363,,
"""activemq-artemis""",1362,,
"""activemq-artemis""",1349,https://github.com/apache/activemq-artemis/commit/844fafe71203454e5b0e1258713ea68b93e189e3,https://github.com/apache/activemq-artemis/commit/1bfa1ad4fe9e6e8fae9346522e58d3e59f7fc2fa
"""activemq-artemis""",1347,https://github.com/apache/activemq-artemis/commit/e64f4077b1b9eef8e7d8a71d5b2f8e95ee4ca610,https://github.com/apache/activemq-artemis/commit/d50f577cd50df37634f592db65200861fe3e13d3
"""activemq-artemis""",1344,,
"""activemq-artemis""",1342,,
"""activemq-artemis""",1341,,
"""activemq-artemis""",1336,https://github.com/apache/activemq-artemis/commit/27fa66422bcce4b4ebb2dcacd8a8ffd9360473fb,https://github.com/apache/activemq-artemis/commit/30a6ac703efe3539d13152f9311bedd7fd68aa9d
"""activemq-artemis""",1329,,
"""activemq-artemis""",1319,,
"""activemq-artemis""",1316,https://github.com/apache/activemq-artemis/commit/c30f6c5c2a9d44eb8a04b8d9633083b692823ed5,https://github.com/apache/activemq-artemis/commit/d9d9699732e4c9de0d9f8f009a4b1fef26b37589
"""activemq-artemis""",1313,https://github.com/apache/activemq-artemis/commit/824cfdf239cd8e1b7531a5a630afb7fceda5620b,https://github.com/apache/activemq-artemis/commit/e7c426c5e112600254252d3565c87ab8d97320bb
"""activemq-artemis""",1311,https://github.com/apache/activemq-artemis/commit/e6e366872252f80ce36d063925f7961e0a2015ee,https://github.com/apache/activemq-artemis/commit/dcf0210605c2b30128c493550e1316b9ec765b41
"""activemq-artemis""",1306,,
"""activemq-artemis""",1303,https://github.com/apache/activemq-artemis/commit/4d79bceaf87798a5f91cba35ab72b463edc30d7e,https://github.com/apache/activemq-artemis/commit/6da035bafa364853fbe900976d009332313c8c65
"""activemq-artemis""",1300,,
"""activemq-artemis""",1283,https://github.com/apache/activemq-artemis/commit/650b258474458e790e85c36c3db785d9c7a9344c,https://github.com/apache/activemq-artemis/commit/830c3bf1792fcf3c18e92ff3a6f4676c89ea8f29
"""activemq-artemis""",1282,https://github.com/apache/activemq-artemis/commit/3b75b865c27814499c196a4a88b311b9c848df78,https://github.com/apache/activemq-artemis/commit/1bd0a348a256297ccb691122611b0ba92c63fb6f
"""activemq-artemis""",1279,,
"""activemq-artemis""",1274,,
"""activemq-artemis""",1273,https://github.com/apache/activemq-artemis/commit/5401f6acdfd94f31b006bf6895be359256c25f49,https://github.com/apache/activemq-artemis/commit/fa8283f56c98d191624db35852b1cd0e7527a3fd
"""activemq-artemis""",1267,https://github.com/apache/activemq-artemis/commit/2755b5c0028aec1b9988575b1b7aa91c78e7f86b,https://github.com/apache/activemq-artemis/commit/e872f1524abe5738d96feff3a53bd9d25f0151f8
"""activemq-artemis""",1266,,
"""activemq-artemis""",1265,,
"""activemq-artemis""",1260,,
"""activemq-artemis""",1259,,
"""activemq-artemis""",1254,,
"""activemq-artemis""",1253,,
"""activemq-artemis""",1251,,
"""activemq-artemis""",1250,,
"""activemq-artemis""",1245,,
"""activemq-artemis""",1242,https://github.com/apache/activemq-artemis/commit/732d2e8f77b08a13da8021d7e94d84be35723e2c,https://github.com/apache/activemq-artemis/commit/1e1ede84c0483099f27741bc046ef95c08e1d090
"""activemq-artemis""",1241,,
"""activemq-artemis""",1240,,
"""activemq-artemis""",1235,https://github.com/apache/activemq-artemis/commit/74ee58c5c11db269ce7034b4e0794ae4abb60634,https://github.com/apache/activemq-artemis/commit/849c4b7def4c22e92dc91eda07f61f1461e3999d
"""activemq-artemis""",1234,,
"""activemq-artemis""",1227,https://github.com/apache/activemq-artemis/commit/70d92aff37d9a4aa0d6a5c4486f88d518bfe542a,https://github.com/apache/activemq-artemis/commit/1c84bd39c45a8f3cf91d7d60d212d693905c9ad8
"""activemq-artemis""",1221,https://github.com/apache/activemq-artemis/commit/57a189614a98347a9d17df13ec373551dde63729,https://github.com/apache/activemq-artemis/commit/9eed28e0aad9683b894f03f731e053b5c4639bc6
"""activemq-artemis""",1220,https://github.com/apache/activemq-artemis/commit/992115cc31bcaab2e830b061729417e5f638930f,https://github.com/apache/activemq-artemis/commit/6db0c50272dcc83f73fc065e6e0a59981c9875bb
"""activemq-artemis""",1219,,
"""activemq-artemis""",1218,https://github.com/apache/activemq-artemis/commit/f5fe6d1b23fc9ffdc76beffa6160ae446fa808d8,https://github.com/apache/activemq-artemis/commit/9c013e74cba7ee4b3bc766029ff43c3b306ba4d5
"""activemq-artemis""",1216,https://github.com/apache/activemq-artemis/commit/00187c98d20e4d61501f3c04d1dcc10fea1c6bec,https://github.com/apache/activemq-artemis/commit/87bde15f383f97371fd3932b34f540a250ae3d30
"""activemq-artemis""",1214,,
"""activemq-artemis""",1213,https://github.com/apache/activemq-artemis/commit/727eb677d08c39d6de73b57f0e7f0a3fa6eb8e3c,https://github.com/apache/activemq-artemis/commit/bfe2bdd7b29f2edc98b19ed11f64cad54ef7aaa2
"""activemq-artemis""",1212,https://github.com/apache/activemq-artemis/commit/682016730a29da68aa3b96d3ee095d646225bcb4,https://github.com/apache/activemq-artemis/commit/d8ff3f500f90bcb342e9093bbe16077a709fcf4d
"""activemq-artemis""",1210,https://github.com/apache/activemq-artemis/commit/cde190d7ca76b4b98d9e1e32dcac5ce32e658e4a,https://github.com/apache/activemq-artemis/commit/c82ac631b8a49136c597724432b9a80c42bfe6cc
"""activemq-artemis""",1208,,
"""activemq-artemis""",1207,https://github.com/apache/activemq-artemis/commit/f14bff1ad07c990b7a665155692e211e654f8e9e,https://github.com/apache/activemq-artemis/commit/1a397724898259d5451cd441f5f6b301d2c8571b
"""activemq-artemis""",1205,https://github.com/apache/activemq-artemis/commit/813076ccede4c0e7035c42882997a9c5dfc15602,https://github.com/apache/activemq-artemis/commit/ddacda50626ef2cd5ccf74a3149eccbbda4a9d84
"""activemq-artemis""",1199,https://github.com/apache/activemq-artemis/commit/458bc5cb59a936fa6519ccb32788b82b8cf91023,https://github.com/apache/activemq-artemis/commit/cc22a0286bce7aadca47adc21e6286977402a2e6
"""activemq-artemis""",1198,https://github.com/apache/activemq-artemis/commit/c14cbfd120ea7abb8f618c8cbdb21d67b4fb540a,https://github.com/apache/activemq-artemis/commit/4e59c174ff378ffbc550ceb3fe7549fa58e62774
"""activemq-artemis""",1197,,
"""activemq-artemis""",1193,,
"""activemq-artemis""",1192,,
"""activemq-artemis""",1187,,
"""activemq-artemis""",1183,,
"""activemq-artemis""",1181,,
"""activemq-artemis""",1176,https://github.com/apache/activemq-artemis/commit/999659f4e2e70e0d5a064a6dcd84cb78eb4bcfd3,https://github.com/apache/activemq-artemis/commit/f53449b945d2c7ddbd185063cd1ece051ed93990
"""activemq-artemis""",1174,https://github.com/apache/activemq-artemis/commit/450ead36eda4fd747854a2000b5f65cec5d6e9db,https://github.com/apache/activemq-artemis/commit/c767e93bf53f4ed51f7d771a2e5183b25ff08bf7
"""activemq-artemis""",1173,,
"""activemq-artemis""",1170,https://github.com/apache/activemq-artemis/commit/7dec716d6453326994b816024ca82b031c7a2f50,https://github.com/apache/activemq-artemis/commit/073a280629e8a29a19f2774e1c55fe58d111c883
"""activemq-artemis""",1167,https://github.com/apache/activemq-artemis/commit/d0cbf72d2acb9e7c194e0b8da13f3d82a5c95397,https://github.com/apache/activemq-artemis/commit/0b62f698c3aaff5c109e625185332d2506afdaf4
"""activemq-artemis""",1166,,
"""activemq-artemis""",1165,https://github.com/apache/activemq-artemis/commit/996160f85b0b909f9f608c5079f2892b3ccdf3d9,https://github.com/apache/activemq-artemis/commit/120b8aa7ad314b30bca082fb4f809bfa15a1dea1
"""activemq-artemis""",1164,,
"""activemq-artemis""",1163,,
"""activemq-artemis""",1159,,
"""activemq-artemis""",1155,https://github.com/apache/activemq-artemis/commit/c49e0fc8ba9a102e5d21e77849b8919baf372532,https://github.com/apache/activemq-artemis/commit/42bf845edbfec01b44645b6dbe0985b7802d45df
"""activemq-artemis""",1154,,
"""activemq-artemis""",1153,,
"""activemq-artemis""",1152,https://github.com/apache/activemq-artemis/commit/9bc82703bae56b31cd2e09bb4cc24c66dd38b23b,https://github.com/apache/activemq-artemis/commit/55f5124932b2acc36eebb0bdac70cd323558aa06
"""activemq-artemis""",1148,,
"""activemq-artemis""",1146,https://github.com/apache/activemq-artemis/commit/e570ec7b04ce029fe089b5ab0e909a063eda04a9,https://github.com/apache/activemq-artemis/commit/b7e11f92b663334ec2e38337a1012e9cfbc13cb1
"""activemq-artemis""",1142,,
"""activemq-artemis""",1141,https://github.com/apache/activemq-artemis/commit/2eb5683e69821dec4483f8800c6b64f44a4d0c03,https://github.com/apache/activemq-artemis/commit/7f91d295642ae02c10175dfc3c6e01bdb0998635
"""activemq-artemis""",1138,https://github.com/apache/activemq-artemis/commit/2408d4382350c3164882249ceb79b15c2dbfe7d0,https://github.com/apache/activemq-artemis/commit/dc25ff0e42976b4fee507105cd64f0e9847a4ea4
"""activemq-artemis""",1137,,
"""activemq-artemis""",1135,,
"""activemq-artemis""",1131,https://github.com/apache/activemq-artemis/commit/f6dd0ed06b5d7894feceb47eba065be2fdfe88e8,https://github.com/apache/activemq-artemis/commit/427039ef384fbecd22a734145997fba02530107d
"""activemq-artemis""",1127,,
"""activemq-artemis""",1119,https://github.com/apache/activemq-artemis/commit/6df315508b9879466972b3e02179ab64ab6f7b8e,https://github.com/apache/activemq-artemis/commit/27cfb2d90208403cec6727dd595f9dd1380ef441
"""activemq-artemis""",1116,,
"""activemq-artemis""",1110,https://github.com/apache/activemq-artemis/commit/9ed3ee327dfc2a980deb990fca970a17664eb8c2,https://github.com/apache/activemq-artemis/commit/65ac7f700ba0a9409ecd345b77a991c5aedd53b9
"""activemq-artemis""",1109,,
"""activemq-artemis""",1107,https://github.com/apache/activemq-artemis/commit/1313ef97807fad05a6d2603323656559f895cd89,https://github.com/apache/activemq-artemis/commit/29796151c3cdacc8bcb70c4cd213aca5864400b9
"""activemq-artemis""",1105,https://github.com/apache/activemq-artemis/commit/9d9df59499fc7ad3baabae29d545863f8d132465,https://github.com/apache/activemq-artemis/commit/7cf06cd28507c3e0db628d1fa4d8ec25eca1f8b9
"""activemq-artemis""",1102,https://github.com/apache/activemq-artemis/commit/4ab22080d8f196837fae2ab1abddeb0bf7800a41,https://github.com/apache/activemq-artemis/commit/1ef4dcf7d921379618363d035ea8a09794c3637d
"""activemq-artemis""",1100,,
"""activemq-artemis""",1094,https://github.com/apache/activemq-artemis/commit/5cc8e31432bb56456a8f395edf77d3ad9ab1bda7,https://github.com/apache/activemq-artemis/commit/ae34b01065af7712376bbb3d32d0e677b885ef10
"""activemq-artemis""",1092,,
"""activemq-artemis""",1089,,
"""activemq-artemis""",1088,https://github.com/apache/activemq-artemis/commit/4c4455bb8305f28db3fa422fadba00ce81cdb9d9,https://github.com/apache/activemq-artemis/commit/afe97cdb0fa89aa2681f830de5517e3efb1e2a25
"""activemq-artemis""",1084,https://github.com/apache/activemq-artemis/commit/2761fbd05d70a5d49ea779ce7f5eba136f4c1ae8,https://github.com/apache/activemq-artemis/commit/b33fea0d7fbc94a43d04ca66a89880442e0f91c5
"""activemq-artemis""",1082,https://github.com/apache/activemq-artemis/commit/31d7864cf6320bf57fc37afe9865751692e331c2,https://github.com/apache/activemq-artemis/commit/6a323eb832c48c9e958368851e7d3330ed3257d3
"""activemq-artemis""",1078,,
"""activemq-artemis""",1077,https://github.com/apache/activemq-artemis/commit/c6cc1599ad4d82ee4e8c01322ff99dfcb5f040f5,https://github.com/apache/activemq-artemis/commit/24a045e2663ab6a79cebf0ad5fb3d9bdf05b4838
"""activemq-artemis""",1072,https://github.com/apache/activemq-artemis/commit/1733206cff2eec19acac32ff674fff65d5a5f068,https://github.com/apache/activemq-artemis/commit/6e02caa53eab9c3451919cfd62d08bb0fafcc116
"""activemq-artemis""",1069,,
"""activemq-artemis""",1068,https://github.com/apache/activemq-artemis/commit/89eb8244b748404d4c8bc8a29e6de93441b598c1,https://github.com/apache/activemq-artemis/commit/b851a59ec58daa883ed8ed1a92722de5746c5860
"""activemq-artemis""",1064,https://github.com/apache/activemq-artemis/commit/669e7cf2a5d460bdda1d8522b129d37ae4517288,https://github.com/apache/activemq-artemis/commit/fe0ca4d84fc587b701e4b83ae8e5f2240c222842
"""activemq-artemis""",1059,,
"""activemq-artemis""",1057,,
"""activemq-artemis""",1056,,
"""activemq-artemis""",1050,,
"""activemq-artemis""",1047,,
"""activemq-artemis""",1046,,
"""activemq-artemis""",1044,https://github.com/apache/activemq-artemis/commit/2f5880c97b17a5e9361d385588497056fcb20989,https://github.com/apache/activemq-artemis/commit/0c64cbfa4e78208b1e262d6c60613c738b211fe1
"""activemq-artemis""",1038,,
"""activemq-artemis""",1036,,
"""activemq-artemis""",1034,,
"""activemq-artemis""",1027,,
"""activemq-artemis""",1026,,
"""activemq-artemis""",1024,,
"""activemq-artemis""",1022,https://github.com/apache/activemq-artemis/commit/661f39d5a8d5e78a264d6a9255499ef6e0d72c2c,https://github.com/apache/activemq-artemis/commit/5a235d98b63fbbcc94b390252ec8b14ae79a4cda
"""activemq-artemis""",1020,https://github.com/apache/activemq-artemis/commit/84fa6a3a7aad098aaba9d782871d64d48612bbd2,https://github.com/apache/activemq-artemis/commit/f38d5c7dbcb66bebc5b9fba984845bd8d6aadc0c
"""activemq-artemis""",1019,,
"""activemq-artemis""",1016,,
"""activemq-artemis""",1015,https://github.com/apache/activemq-artemis/commit/af1a205dc58f7309f9aedb28285c2ff598da8514,https://github.com/apache/activemq-artemis/commit/0fdf44fb6280a006492e749e47d46ca8100d212e
"""activemq-artemis""",1008,,
"""activemq-artemis""",1003,https://github.com/apache/activemq-artemis/commit/b3856570d0673f68893a468dc1512fb86f57a856,https://github.com/apache/activemq-artemis/commit/452330153e6243cfb055577d71324cee38a2821e
"""activemq-artemis""",1002,https://github.com/apache/activemq-artemis/commit/bbc3e4f239ac20cc779b4ac56993394f9047d7b0,https://github.com/apache/activemq-artemis/commit/cd28d76554b66f618a9fb0352b2e46ecc04f1534
"""activemq-artemis""",1000,,
"""activemq-artemis""",998,,
"""activemq-artemis""",997,,
"""activemq-artemis""",993,https://github.com/apache/activemq-artemis/commit/814b5758ef5e97c181460ae33fb691c929f14768,https://github.com/apache/activemq-artemis/commit/f268c101afeb42a3bfb81f71c34c5615cb94b5cf
"""activemq-artemis""",991,,
"""activemq-artemis""",990,https://github.com/apache/activemq-artemis/commit/e8cec9bc54e0550092bae9cbf66de813b4daea96,https://github.com/apache/activemq-artemis/commit/15d693dd4edcc2e731e088c2eb6a496f088afaa3
"""activemq-artemis""",985,https://github.com/apache/activemq-artemis/commit/28c6d85795e53f7d3d1002387bb4231b162bd615,https://github.com/apache/activemq-artemis/commit/c039aae37fbc3b0eb8fe0b0289fb2af2def84f6a
"""activemq-artemis""",982,,
"""activemq-artemis""",979,https://github.com/apache/activemq-artemis/commit/5768244b49f9849470d8b9bd6008dd84afeee653,https://github.com/apache/activemq-artemis/commit/f79b21e866539ca196eea67adc700c424f61fbfc
"""activemq-artemis""",977,,
"""activemq-artemis""",975,,
"""activemq-artemis""",973,,
"""activemq-artemis""",968,,
"""activemq-artemis""",965,https://github.com/apache/activemq-artemis/commit/104d23d45572ac7362de511262a66125a3bf1dfc,https://github.com/apache/activemq-artemis/commit/68c4e508472362ffccf6b15f43523b505ff3bc11
"""activemq-artemis""",961,,
"""activemq-artemis""",959,https://github.com/apache/activemq-artemis/commit/c4aa2ddac348496dd47980be5d93b38c7d071f8e,https://github.com/apache/activemq-artemis/commit/c33c321a6a650229a787dcece4b3cc5fff191362
"""activemq-artemis""",958,,
"""activemq-artemis""",956,https://github.com/apache/activemq-artemis/commit/bfe40d93bd4ec4c794637f5a697184ecb076405a,https://github.com/apache/activemq-artemis/commit/07ea08a84532036acb0bf165c6185bee9a6a7bbc
"""activemq-artemis""",954,,
"""activemq-artemis""",951,,
"""activemq-artemis""",942,,
"""activemq-artemis""",940,,
"""activemq-artemis""",939,https://github.com/apache/activemq-artemis/commit/0455db7e9a0bfc9d609abcc94f75d8fb7900c997,https://github.com/apache/activemq-artemis/commit/b9a7e152f7fa8ce0fb5edcfed4ab6b92a0b6aff4
"""activemq-artemis""",938,,
"""activemq-artemis""",936,,
"""activemq-artemis""",932,,
"""activemq-artemis""",931,,
"""activemq-artemis""",930,,
"""activemq-artemis""",926,,
"""activemq-artemis""",920,,
"""activemq-artemis""",919,,
"""activemq-artemis""",918,https://github.com/apache/activemq-artemis/commit/84d3b3fa8aa5f8f195383b0e451d9ee6d4be0266,https://github.com/apache/activemq-artemis/commit/332338d018dbb7a491a669e0b749ea20fd157b7a
"""activemq-artemis""",917,https://github.com/apache/activemq-artemis/commit/20e10595d55756c520746082139323129e606a6c,https://github.com/apache/activemq-artemis/commit/3b75c954135fdc58b172a381403cb7daa223b602
"""activemq-artemis""",916,https://github.com/apache/activemq-artemis/commit/b31449bee8dfad156d13559ea9197b9772893f40,https://github.com/apache/activemq-artemis/commit/08e0c5e4f1c34b6fe82bf232ce87fd5bc774def4
"""activemq-artemis""",914,https://github.com/apache/activemq-artemis/commit/20c9746905429d21a641d520ec28c8d5c48213f5,https://github.com/apache/activemq-artemis/commit/8263ef2f98949b34117caad9997a42ca66165429
"""activemq-artemis""",911,,
"""activemq-artemis""",909,,
"""activemq-artemis""",906,https://github.com/apache/activemq-artemis/commit/0014d976e77072a6bf47a5d3f628a1b0aea9830c,https://github.com/apache/activemq-artemis/commit/dc472192f41875bd390f3f2f00af0f98b7c08c6c
"""activemq-artemis""",904,https://github.com/apache/activemq-artemis/commit/7acd07d13f901f9e4acb15c15b8782e2cfbdf300,https://github.com/apache/activemq-artemis/commit/c4339d809bc199cd7d90eaa7589ea3c76f304929
"""activemq-artemis""",901,,
"""activemq-artemis""",900,https://github.com/apache/activemq-artemis/commit/7fe19fb4e38ce25743ee66fc76f25e34e8956a5f,https://github.com/apache/activemq-artemis/commit/a99617ae6b237a997f683ef340b3ba79f54efe69
"""activemq-artemis""",898,,
"""activemq-artemis""",894,,
"""activemq-artemis""",892,https://github.com/apache/activemq-artemis/commit/abe01e519e991579d50113d69787c7974c5760ab,https://github.com/apache/activemq-artemis/commit/fd122664494020e8bb6f006a2045d4d20de5a2b0
"""activemq-artemis""",891,,
"""activemq-artemis""",889,,
"""activemq-artemis""",887,,
"""activemq-artemis""",884,https://github.com/apache/activemq-artemis/commit/8e13fc2be69e48ec300532e4b241d2eb3c135210,https://github.com/apache/activemq-artemis/commit/3b45435c768d955e4963d5d82e284f36305be04e
"""activemq-artemis""",883,,
"""activemq-artemis""",882,,
"""activemq-artemis""",874,,
"""activemq-artemis""",872,https://github.com/apache/activemq-artemis/commit/59a56925611b572eb0f604b4e0fdbd28a1ff2c67,https://github.com/apache/activemq-artemis/commit/7eadff76818546aa6045be2eeb2e6aef60992394
"""activemq-artemis""",867,,
"""activemq-artemis""",861,https://github.com/apache/activemq-artemis/commit/818e7822bd2dcdbff27758be6960ea08902936e7,https://github.com/apache/activemq-artemis/commit/b23207c019ea807791bfde2531c75bd5fa18f952
"""activemq-artemis""",859,,
"""activemq-artemis""",858,,
"""activemq-artemis""",856,https://github.com/apache/activemq-artemis/commit/ff62ab08e5ca3fb856077d35cf38894fe735193a,https://github.com/apache/activemq-artemis/commit/a074f9f1a5f0541a83dd2500427022eb6e63c8f9
"""activemq-artemis""",853,,
"""activemq-artemis""",848,,
"""activemq-artemis""",842,,
"""activemq-artemis""",839,https://github.com/apache/activemq-artemis/commit/dcce6937cd196d18f99f6df218cb2e914131a6e0,https://github.com/apache/activemq-artemis/commit/2020dcd290301dd9b14ef5cc945bea2c316927a4
"""activemq-artemis""",837,https://github.com/apache/activemq-artemis/commit/479a4d06eb815721e1cf4aac3f44cfd446734e6c,https://github.com/apache/activemq-artemis/commit/7a8b7e9cfba8d4a8adfe96ee99d8a9df1273ac18
"""activemq-artemis""",836,,
"""activemq-artemis""",834,https://github.com/apache/activemq-artemis/commit/dddc54e69277901faf7b599423843b8d7b3787bf,https://github.com/apache/activemq-artemis/commit/bed3f47c85b0a85834aa29d30dfeb95927a64c76
"""activemq-artemis""",829,,
"""activemq-artemis""",827,,
"""activemq-artemis""",819,,
"""activemq-artemis""",817,,
"""activemq-artemis""",816,,
"""activemq-artemis""",815,https://github.com/apache/activemq-artemis/commit/1216142fc654a76eceea9ad2234e73dce4c911c1,https://github.com/apache/activemq-artemis/commit/ec48f9ed00bdd25f9e8727dba42f6645dc552a24
"""activemq-artemis""",811,,
"""activemq-artemis""",809,,
"""activemq-artemis""",805,,
"""activemq-artemis""",804,,
"""activemq-artemis""",798,,
"""activemq-artemis""",794,https://github.com/apache/activemq-artemis/commit/663710d80725e874110057a15a70f8fe3e8dee35,https://github.com/apache/activemq-artemis/commit/a838bf047951e264d40ae1e59fbfe88aae854bf5
"""activemq-artemis""",793,,
"""activemq-artemis""",792,,
"""activemq-artemis""",786,,
"""activemq-artemis""",782,https://github.com/apache/activemq-artemis/commit/e4a3aea857cef0a124040f413ed5f8adff084e55,https://github.com/apache/activemq-artemis/commit/113c0c9360197ef3467f3907a604fa527247c858
"""activemq-artemis""",779,https://github.com/apache/activemq-artemis/commit/d7c6d343c19229254e5dc4f8d9bd5a77b6820920,https://github.com/apache/activemq-artemis/commit/74742dcb66085b5a9169ccdefe1e6806c69d111c
"""activemq-artemis""",776,,
"""activemq-artemis""",775,,
"""activemq-artemis""",774,,
"""activemq-artemis""",772,,
"""activemq-artemis""",770,,
"""activemq-artemis""",768,https://github.com/apache/activemq-artemis/commit/35b1e4acd04182a41d372ecb2ff69471f72c0b95,https://github.com/apache/activemq-artemis/commit/f8278ec99c45f5ff58a11f6678bd2333caa3e01a
"""activemq-artemis""",766,https://github.com/apache/activemq-artemis/commit/36c14dce66d5291f08da7f505e7b1318e1f9c903,https://github.com/apache/activemq-artemis/commit/46d3f4abcc05d6eef124e15fc840b4899988b9b5
"""activemq-artemis""",763,,
"""activemq-artemis""",755,,
"""activemq-artemis""",753,,
"""activemq-artemis""",752,,
"""activemq-artemis""",751,,
"""activemq-artemis""",748,,
"""activemq-artemis""",746,https://github.com/apache/activemq-artemis/commit/93b823901abc72805f5a6418633b7b91b210aa45,https://github.com/apache/activemq-artemis/commit/03b938468a8b0c5855451a2152e1d4f6d1de7147
"""activemq-artemis""",744,,
"""activemq-artemis""",739,https://github.com/apache/activemq-artemis/commit/500018a49f6b3848667481e9749e0a1a576d109d,https://github.com/apache/activemq-artemis/commit/2ef79f66d934473f3117eb9fecfb7d48181f1a6d
"""activemq-artemis""",735,https://github.com/apache/activemq-artemis/commit/81262b83b8a15c713841c745e78df24268efcfce,https://github.com/apache/activemq-artemis/commit/248ae383df38a3e549651393af2ae0463f6c7273
"""activemq-artemis""",731,https://github.com/apache/activemq-artemis/commit/61812273b7d46319e4721f32734eb8c6a81adeaa,https://github.com/apache/activemq-artemis/commit/858d7a1a02ec18e253a9caba54e8d3cad9f04eed
"""activemq-artemis""",730,https://github.com/apache/activemq-artemis/commit/f5cef0e4818f861b69576e781ef340905ad3e3ea,https://github.com/apache/activemq-artemis/commit/92c5d5cd50e8430ffa3aeb40736e4516128f7c24
"""activemq-artemis""",729,,
"""activemq-artemis""",727,,
"""activemq-artemis""",723,https://github.com/apache/activemq-artemis/commit/c37b1643bbda0c1f2c39c36d2af9f959065c0809,https://github.com/apache/activemq-artemis/commit/d3dc9085313aebf1348b59647ccf7200e30e207e
"""activemq-artemis""",722,https://github.com/apache/activemq-artemis/commit/22286af6b78482f18320e7fa9c8101da7a082baa,https://github.com/apache/activemq-artemis/commit/ad21b5b70b4bc34605291773ca424a31c57b41b5
"""activemq-artemis""",721,,
"""activemq-artemis""",719,,
"""activemq-artemis""",717,,
"""activemq-artemis""",715,https://github.com/apache/activemq-artemis/commit/9b486e7ddd91bd4eb94b5b645be3ac171e04c9a2,https://github.com/apache/activemq-artemis/commit/ba64f34ad8d3b49dccb3747a851fcc39bc91f014
"""activemq-artemis""",713,,
"""activemq-artemis""",711,https://github.com/apache/activemq-artemis/commit/24cfd58db4c6fb3770dcebab9f55128ac006364e,https://github.com/apache/activemq-artemis/commit/04d482037c6dcd7b6272fbc83a6ce5de7886d311
"""activemq-artemis""",710,,
"""activemq-artemis""",703,https://github.com/apache/activemq-artemis/commit/74b252a54299da2f06d658c4976f95ca3bbad3fe,https://github.com/apache/activemq-artemis/commit/1ef9e74f146d1f406053c1e719962017f0afee98
"""activemq-artemis""",700,,
"""activemq-artemis""",696,,
"""activemq-artemis""",695,,
"""activemq-artemis""",694,,
"""activemq-artemis""",693,,
"""activemq-artemis""",692,https://github.com/apache/activemq-artemis/commit/56132726d3071752ec20d854c3169570a2e5a01e,https://github.com/apache/activemq-artemis/commit/7917f4d2f2c5066d7e5ba7c94f8cb4ec1685cfec
"""activemq-artemis""",690,https://github.com/apache/activemq-artemis/commit/f61f5b19e8831974e2a0be5007329c4448c40880,https://github.com/apache/activemq-artemis/commit/2f721866ab982d56c488ed124cc191cf5f627e42
"""activemq-artemis""",684,https://github.com/apache/activemq-artemis/commit/8f80e8cc5d0bcb04d9808faeadcebe072d51d509,https://github.com/apache/activemq-artemis/commit/ea1651b6639972b2937f8fedcca175d4b55b248c
"""activemq-artemis""",683,,
"""activemq-artemis""",676,https://github.com/apache/activemq-artemis/commit/9b40e84c0642a7554ad826db806462cc1fe8b333,https://github.com/apache/activemq-artemis/commit/c408ece7e78c2d9d605ebdfff03bd03fb6b885c4
"""activemq-artemis""",675,,
"""activemq-artemis""",673,https://github.com/apache/activemq-artemis/commit/3d2657e5e962bbf17a627c0939ccec62e08594ea,https://github.com/apache/activemq-artemis/commit/a80c2bb442434faff9b26b22538a3b78180729ce
"""activemq-artemis""",671,,
"""activemq-artemis""",670,,
"""activemq-artemis""",668,,
"""activemq-artemis""",665,,
"""activemq-artemis""",663,,
"""activemq-artemis""",650,https://github.com/apache/activemq-artemis/commit/6821e0fe6efa944a0d39feca43d9991f7e52a0dd,https://github.com/apache/activemq-artemis/commit/7d8f9dcec690870197f7e0a6eb5f4335ac49aca4
"""activemq-artemis""",643,https://github.com/apache/activemq-artemis/commit/f66472b1f319f79785649ae5c0bb8faa661da7d0,https://github.com/apache/activemq-artemis/commit/89e0c461e5128768513943e60f6e3992f066f529
"""activemq-artemis""",641,https://github.com/apache/activemq-artemis/commit/961d97948e60f2978e35c27ffb979626df997003,https://github.com/apache/activemq-artemis/commit/83062aae42fa9561494af82234fe7b9c5b87d991
"""activemq-artemis""",630,https://github.com/apache/activemq-artemis/commit/a31db6c2f5f85eb9e074b9f0d00271478078e861,https://github.com/apache/activemq-artemis/commit/e9db9c286d88efa0da14527cb0ca1bdb6a6ac885
"""activemq-artemis""",629,,
"""activemq-artemis""",626,,
"""activemq-artemis""",625,https://github.com/apache/activemq-artemis/commit/0ce19df359c7e6a7493fda9cd040a8749fa92322,https://github.com/apache/activemq-artemis/commit/246d11c6b19b8210f6da96cd6f71ad64b0862d50
"""activemq-artemis""",622,https://github.com/apache/activemq-artemis/commit/e706fb899631a37e8bf7ef50fd7e6c76f9215eec,https://github.com/apache/activemq-artemis/commit/6881c1ddc32493b9f269be2638035a27b4d06eab
"""activemq-artemis""",621,https://github.com/apache/activemq-artemis/commit/f9d01fa81600cc8c65fde006680aebb0c14ace4a,https://github.com/apache/activemq-artemis/commit/765b2259243b1855ca0e0f2d4d3e481453951ebe
"""activemq-artemis""",619,,
"""activemq-artemis""",618,,
"""activemq-artemis""",615,,
"""activemq-artemis""",612,,
"""activemq-artemis""",611,https://github.com/apache/activemq-artemis/commit/72cf38ae4003004f7fe9e21cd9024155d8eb279c,https://github.com/apache/activemq-artemis/commit/c44447c65dc917b5d0ab3dfae190d10f1cbebc0f
"""activemq-artemis""",609,https://github.com/apache/activemq-artemis/commit/721d468d2cfc2ae942b94ab7788e3abfdbb3c650,https://github.com/apache/activemq-artemis/commit/a4c69d26abe04012f8ad0b9b539506fc506bd6b1
"""activemq-artemis""",607,https://github.com/apache/activemq-artemis/commit/fb01724823a96b6533363b264df52e4127992e0b,https://github.com/apache/activemq-artemis/commit/ace11835c92cca9ef599f68929b8a597c2e17b58
"""activemq-artemis""",606,https://github.com/apache/activemq-artemis/commit/ad1790ddb6c28101b4099ce6b64a8686def22497,https://github.com/apache/activemq-artemis/commit/3522979bda95e9be57f31739b22101feffbb21a2
"""activemq-artemis""",604,,
"""activemq-artemis""",600,,
"""activemq-artemis""",599,,
"""activemq-artemis""",594,,
"""activemq-artemis""",593,https://github.com/apache/activemq-artemis/commit/df71579b3eb33b103936100fc758cd2022fba44c,https://github.com/apache/activemq-artemis/commit/75f18d1e10fc3b6c881bf3a44045e80ca8812288
"""activemq-artemis""",592,,
"""activemq-artemis""",591,,
"""activemq-artemis""",589,,
"""activemq-artemis""",587,,
"""activemq-artemis""",585,https://github.com/apache/activemq-artemis/commit/b3a554dcf6f108a8aa8211f6a77ed5b64c79ca8d,https://github.com/apache/activemq-artemis/commit/7715b5ee128d2a629c2e5940247e86be91a694fc
"""activemq-artemis""",582,,
"""activemq-artemis""",580,,
"""activemq-artemis""",578,,
"""activemq-artemis""",575,https://github.com/apache/activemq-artemis/commit/84ba9fed68c1c3b9dbde139ea805034af318542f,https://github.com/apache/activemq-artemis/commit/af8fd87eaf6fc0cb7bda34f0ec3cb0a8d4f31572
"""activemq-artemis""",574,https://github.com/apache/activemq-artemis/commit/583d2c0a9647de9fe2ecdf66c167e14e28c08995,https://github.com/apache/activemq-artemis/commit/76af1f33d0bda9870bc5ced066444dfc71a29376
"""activemq-artemis""",572,,
"""activemq-artemis""",570,https://github.com/apache/activemq-artemis/commit/f02c6ab7f6fe97ee4f3bd61befa351e3bf64d436,https://github.com/apache/activemq-artemis/commit/fcaef51963f6d7363f9ed7f45d3236c060e5ce55
"""activemq-artemis""",566,,
"""activemq-artemis""",564,,
"""activemq-artemis""",563,,
"""activemq-artemis""",562,https://github.com/apache/activemq-artemis/commit/405a67a51349b1343de3c61499d80faecc0e874c,https://github.com/apache/activemq-artemis/commit/a4055816b315697d4084564732e14ce17434c01f
"""activemq-artemis""",559,https://github.com/apache/activemq-artemis/commit/89b53628fb30ec54e74052939fe09631cd24d2f8,https://github.com/apache/activemq-artemis/commit/17ea05bce666e27b9a2808f4a186307ef92c1b2b
"""activemq-artemis""",557,https://github.com/apache/activemq-artemis/commit/33aa84f4061224fd56cd25eb562e33328bb0f55c,https://github.com/apache/activemq-artemis/commit/f84018a417cee7bbb1261f5ae36e51c9ddef748f
"""activemq-artemis""",555,,
"""activemq-artemis""",551,,
"""activemq-artemis""",550,https://github.com/apache/activemq-artemis/commit/67e0a18d296be85c34c1895de49b9e151e7b1935,https://github.com/apache/activemq-artemis/commit/634fc1b4827f139b089be660889dc93257d7b507
"""activemq-artemis""",547,https://github.com/apache/activemq-artemis/commit/891be03872b2c5a8f7701ca8cd3b1d1b90654ff2,https://github.com/apache/activemq-artemis/commit/242730a278033362cf0e5fcaa74603ae5790f1ee
"""activemq-artemis""",545,,
"""activemq-artemis""",544,,
"""activemq-artemis""",541,https://github.com/apache/activemq-artemis/commit/52b43c366bba20575db5a7efd85c662013d7ac61,https://github.com/apache/activemq-artemis/commit/0d8a5658369da566e9f2e3b2f47a9ae4cdf6b24d
"""activemq-artemis""",538,,
"""activemq-artemis""",537,https://github.com/apache/activemq-artemis/commit/5c5a4c293baa203a4590748e742a13525fab8491,https://github.com/apache/activemq-artemis/commit/37e6d7f941254d2d86b5b7e2d63772147dcd17cb
"""activemq-artemis""",536,,
"""activemq-artemis""",534,,
"""activemq-artemis""",529,,
"""activemq-artemis""",525,,
"""activemq-artemis""",524,,
"""activemq-artemis""",522,https://github.com/apache/activemq-artemis/commit/da101e7f3a7339669eaf37bf82536dae06ab9dd0,https://github.com/apache/activemq-artemis/commit/a75bd7630af24b6b48e5cfa23fa5c2a4aacda9cc
"""activemq-artemis""",520,,
"""activemq-artemis""",516,,
"""activemq-artemis""",514,,
"""activemq-artemis""",513,https://github.com/apache/activemq-artemis/commit/731c8899571531158847091af5b0e98b53da6714,https://github.com/apache/activemq-artemis/commit/04c9564d777e8d6cd8a5b48a43d6303985320dd3
"""activemq-artemis""",511,,
"""activemq-artemis""",510,https://github.com/apache/activemq-artemis/commit/3aa27fc8bd9fb293265e4c21a576a660ee3515a9,https://github.com/apache/activemq-artemis/commit/19147113cbc3f0addbf843f3e52a2fac64f45d4b
"""activemq-artemis""",509,https://github.com/apache/activemq-artemis/commit/8cef191297d441c0c71f3228e994ded6745b5a33,https://github.com/apache/activemq-artemis/commit/5c7aaa760a9c959ad8d512509d7d63455e7efe56
"""activemq-artemis""",508,https://github.com/apache/activemq-artemis/commit/0cdc4457d220381b8a1f11196b07882f97f572d7,https://github.com/apache/activemq-artemis/commit/6aaa9df49f86e57b6e0b241605738ae4c80b8031
"""activemq-artemis""",506,,
"""activemq-artemis""",505,,
"""activemq-artemis""",503,https://github.com/apache/activemq-artemis/commit/72e4ac97e85042244c0523b740bc62c05a14deef,https://github.com/apache/activemq-artemis/commit/9accf6275388890a81751ee466acba508ebfface
"""activemq-artemis""",494,https://github.com/apache/activemq-artemis/commit/c7b9a7c3e82528d2b85ee5850457c9de1ed00de1,https://github.com/apache/activemq-artemis/commit/7bebe507cfaaf86bb9bf27ba4bb0f387e7ff87d2
"""activemq-artemis""",493,,
"""activemq-artemis""",490,,
"""activemq-artemis""",489,,
"""activemq-artemis""",479,,
"""activemq-artemis""",478,https://github.com/apache/activemq-artemis/commit/e9ae6165d5ccc5fcb4151e6e4d58ef8cfe6dab9b,https://github.com/apache/activemq-artemis/commit/172de47ce08bc27e977566f71960aba73f4a2f87
"""activemq-artemis""",477,https://github.com/apache/activemq-artemis/commit/2422757d6b7452545d3ff73b4754b204080fc7b2,https://github.com/apache/activemq-artemis/commit/b89faae45811454394233bf683d2ce17d373034a
"""activemq-artemis""",476,,
"""activemq-artemis""",472,,
"""activemq-artemis""",465,,
"""activemq-artemis""",463,https://github.com/apache/activemq-artemis/commit/c936f4fed282f633b61a634d78bd4ddb9aa5dbc8,https://github.com/apache/activemq-artemis/commit/630db2d69c1de2a497169cb601390b55cd1cdd19
"""activemq-artemis""",462,,
"""activemq-artemis""",460,,
"""activemq-artemis""",457,,
"""activemq-artemis""",447,,
"""activemq-artemis""",443,,
"""activemq-artemis""",429,,
"""activemq-artemis""",427,,
"""activemq-artemis""",424,,
"""activemq-artemis""",423,,
"""activemq-artemis""",422,https://github.com/apache/activemq-artemis/commit/69c0eb81c656e77a3a5af9da830ac1c425bf5957,https://github.com/apache/activemq-artemis/commit/ee6a03295f9105c391b811f4e058d8d40a48a8e8
"""activemq-artemis""",421,,
"""activemq-artemis""",419,,
"""activemq-artemis""",418,,
"""activemq-artemis""",416,,
"""activemq-artemis""",410,,
"""activemq-artemis""",409,,
"""activemq-artemis""",408,https://github.com/apache/activemq-artemis/commit/ab0a647a4de70e946b82ed419103c7c257791666,https://github.com/apache/activemq-artemis/commit/964b1457336d0edcff9b4fc132dc34b5f13f5228
"""activemq-artemis""",407,,
"""activemq-artemis""",406,,
"""activemq-artemis""",405,,
"""activemq-artemis""",404,https://github.com/apache/activemq-artemis/commit/d12ccbf63a2795455b3a0db85a6eb0463bbc6c7d,https://github.com/apache/activemq-artemis/commit/45aeeb3ba75d3705fb6c465dcd1781c4f07a28de
"""activemq-artemis""",403,https://github.com/apache/activemq-artemis/commit/19fe7fd595566236788929afe26e9cebedce9ce7,https://github.com/apache/activemq-artemis/commit/ddf8d8f96e33f5f80e1c7a1590de9579aa8ead50
"""activemq-artemis""",402,,
"""activemq-artemis""",401,https://github.com/apache/activemq-artemis/commit/827bc10d4cab4a870b01a7ba765d2dd4232dc965,https://github.com/apache/activemq-artemis/commit/c4760488e366e4d00d90e53e57bd24d4bb4f097a
"""activemq-artemis""",400,https://github.com/apache/activemq-artemis/commit/3e44cb6f0948d4eab2778d15b2e168a5f0160801,https://github.com/apache/activemq-artemis/commit/2fcd474bb3ea83c696e2794cd7b5951494a2b20a
"""activemq-artemis""",397,,
"""activemq-artemis""",395,,
"""activemq-artemis""",394,,
"""activemq-artemis""",392,https://github.com/apache/activemq-artemis/commit/7d1c55db92551a50c8127cd18a07c0bb7723f14e,https://github.com/apache/activemq-artemis/commit/e762f823d19fe569e4df6bd0713732223faa5fb4
"""activemq-artemis""",390,https://github.com/apache/activemq-artemis/commit/f1bdbd5c6ee320c321863aff60ac961ca040899d,https://github.com/apache/activemq-artemis/commit/7702a0a1f9455ba41306c9134b23d2cbdbc68fcb
"""activemq-artemis""",387,,
"""activemq-artemis""",386,,
"""activemq-artemis""",385,,
"""activemq-artemis""",383,,
"""activemq-artemis""",373,,
"""activemq-artemis""",372,,
"""activemq-artemis""",370,,
"""activemq-artemis""",369,https://github.com/apache/activemq-artemis/commit/c06dbf77bc63db0400a96791d12edeba32e46c3e,https://github.com/apache/activemq-artemis/commit/26945a471693159382348179f456c189f04ab72b
"""activemq-artemis""",368,,
"""activemq-artemis""",365,,
"""activemq-artemis""",362,https://github.com/apache/activemq-artemis/commit/46a117cd5f7a936fdffe71a897fbc7b3b2fd7caa,https://github.com/apache/activemq-artemis/commit/1eb631e2b869044fa0c9fbbe0fbd844dbae555e6
"""activemq-artemis""",359,,
"""activemq-artemis""",358,https://github.com/apache/activemq-artemis/commit/19a1fd9da7497c848556a75c04e58e2cc5ed18a9,https://github.com/apache/activemq-artemis/commit/11e7035596f4eaf931d6586ee0500430252b188b
"""activemq-artemis""",353,,
"""activemq-artemis""",350,https://github.com/apache/activemq-artemis/commit/e53793572883dfa28c52e48bf40f1c0b04cde6ef,https://github.com/apache/activemq-artemis/commit/4d239ac80355a9eabec99683b11e1c6c308e39c8
"""activemq-artemis""",345,https://github.com/apache/activemq-artemis/commit/33cd46f6c9e5641bc4186230b44ad618ff9a270b,https://github.com/apache/activemq-artemis/commit/e5652d39bccaddb0d75f78026eea016243276f56
"""activemq-artemis""",343,,
"""activemq-artemis""",338,,
"""activemq-artemis""",337,https://github.com/apache/activemq-artemis/commit/d87700c95228b014e975b5f1506bb0e8f5a3eab5,https://github.com/apache/activemq-artemis/commit/f5ec15216e15e1fe26e1db2934abda928da7a55f
"""activemq-artemis""",336,https://github.com/apache/activemq-artemis/commit/67a78f6b7646e8f1ab3f58f3a73abec70e9e5aa3,https://github.com/apache/activemq-artemis/commit/a337df705e3a52146a8cf6c57941cbd675f12b00
"""activemq-artemis""",335,,
"""activemq-artemis""",334,,
"""activemq-artemis""",332,,
"""activemq-artemis""",331,,
"""activemq-artemis""",324,https://github.com/apache/activemq-artemis/commit/5d0e6ee62231ce42472bd013313f2271a471d96b,https://github.com/apache/activemq-artemis/commit/4258370142575392ddc6e61f7ce9b912fc0f3d2d
"""activemq-artemis""",323,,
"""activemq-artemis""",322,https://github.com/apache/activemq-artemis/commit/9413242d48fe36ba1555d06590825b4a160aee58,https://github.com/apache/activemq-artemis/commit/3f23c9916e694abeed281cd03ba476e183ecf866
"""activemq-artemis""",321,https://github.com/apache/activemq-artemis/commit/bc95844749f5f50e04d1c13c8f3f24dc24e1937c,https://github.com/apache/activemq-artemis/commit/dddd0a1efe13953719250e48a811778051638333
"""activemq-artemis""",320,,
"""activemq-artemis""",319,,
"""activemq-artemis""",313,,
"""activemq-artemis""",312,https://github.com/apache/activemq-artemis/commit/22b8f4ad1709f82e6ed6062d23f1e4c2d54be0ef,https://github.com/apache/activemq-artemis/commit/2e973c4bff6911ed2a0a6f86b41531e7a7a212cb
"""activemq-artemis""",310,,
"""activemq-artemis""",302,,
"""activemq-artemis""",301,,
"""activemq-artemis""",298,https://github.com/apache/activemq-artemis/commit/0b8b9aeb50ad8f9d43c9a659f3f3aedc3cec63ca,https://github.com/apache/activemq-artemis/commit/1d7e8b38eac6f2046743823edd6f5f51b42614f9
"""activemq-artemis""",297,,
"""activemq-artemis""",296,https://github.com/apache/activemq-artemis/commit/1b7cb318ae9ae9db714adae4e24f5e3f9a437ef7,https://github.com/apache/activemq-artemis/commit/e899c850e73ddbeb83997afd37efafb2e3b50322
"""activemq-artemis""",291,,
"""activemq-artemis""",290,,
"""activemq-artemis""",289,,
"""activemq-artemis""",288,,
"""activemq-artemis""",286,https://github.com/apache/activemq-artemis/commit/e54d409e0c7454cdab1b821aec9ab7560603de60,https://github.com/apache/activemq-artemis/commit/ce57a715849a2cfcb5aa4315835be246ca3d0a12
"""activemq-artemis""",285,,
"""activemq-artemis""",284,,
"""activemq-artemis""",283,,
"""activemq-artemis""",276,,
"""activemq-artemis""",275,,
"""activemq-artemis""",273,https://github.com/apache/activemq-artemis/commit/25d81e2cef051aa7c5284149f7d65bfbab718581,https://github.com/apache/activemq-artemis/commit/a04bc8061c5dacbc8e42c3415db43e1a7cc78cd1
"""activemq-artemis""",272,,
"""activemq-artemis""",271,,
"""activemq-artemis""",270,,
"""activemq-artemis""",269,,
"""activemq-artemis""",268,https://github.com/apache/activemq-artemis/commit/2c9ec6c620dd7a33157b3bb52f0931c46ca3d101,https://github.com/apache/activemq-artemis/commit/af1f79bff503ee02ac119efceac65928f671fd1e
"""activemq-artemis""",266,,
"""activemq-artemis""",265,https://github.com/apache/activemq-artemis/commit/9090ae25a7ed80e6fd7e247610d79dfe5904d286,https://github.com/apache/activemq-artemis/commit/ced8ba2addfa3249d7c8db976e54a61dea4c2a3f
"""activemq-artemis""",264,,
"""activemq-artemis""",262,https://github.com/apache/activemq-artemis/commit/9de9bedce2a8228a5db597c9244bfdab1c94437e,https://github.com/apache/activemq-artemis/commit/b1b4bb8a32a9bb9c6d951f3d0fdd3626944319f9
"""activemq-artemis""",260,,
"""activemq-artemis""",259,https://github.com/apache/activemq-artemis/commit/2e31952e5377b7dc6c795553d39907ab0ffa87b2,https://github.com/apache/activemq-artemis/commit/831eabfc738ef852efa10a88a880c37303362859
"""activemq-artemis""",258,,
"""activemq-artemis""",255,,
"""activemq-artemis""",254,,
"""activemq-artemis""",253,,
"""activemq-artemis""",252,,
"""activemq-artemis""",251,,
"""activemq-artemis""",249,,
"""activemq-artemis""",248,,
"""activemq-artemis""",244,,
"""activemq-artemis""",242,https://github.com/apache/activemq-artemis/commit/e3807f85551dca57cd7d830ae11c396cb47752d0,https://github.com/apache/activemq-artemis/commit/b1d5076108de3c93aaacc246c4228ad052148a04
"""activemq-artemis""",241,https://github.com/apache/activemq-artemis/commit/7b64f9e025e94cc6a38019af2532ed04ac6bbc6d,https://github.com/apache/activemq-artemis/commit/c40ab12843302205b743dd91f8d97405f8102b62
"""activemq-artemis""",240,https://github.com/apache/activemq-artemis/commit/9a553a740502430dc4556876388563e3b7597184,https://github.com/apache/activemq-artemis/commit/7bbd17cd3749e1e7a7c153eccfc20a8d5ddf9cf0
"""activemq-artemis""",239,https://github.com/apache/activemq-artemis/commit/c51009dddc213875fc301afe9ea2d2564bf55ff3,https://github.com/apache/activemq-artemis/commit/ae70d7178e201dff5b13ac9c6cb63146d29fc4b9
"""activemq-artemis""",237,https://github.com/apache/activemq-artemis/commit/2009f5b5e36eb1b629bcc10ae696c726352be016,https://github.com/apache/activemq-artemis/commit/9a2bebe443528d0e6d00ea2a9cd6509fe406b91a
"""activemq-artemis""",235,,
"""activemq-artemis""",232,,
"""activemq-artemis""",231,https://github.com/apache/activemq-artemis/commit/2ea2ed80659d0f7b615aa438512e8bfa1b179296,https://github.com/apache/activemq-artemis/commit/7d6a6de8dde9700995771daddcf505b78cd58e45
"""activemq-artemis""",230,https://github.com/apache/activemq-artemis/commit/a6fc250b3e219f31ab2eb605a8a6885a34cd23b2,https://github.com/apache/activemq-artemis/commit/3f6089891dcc5dbb9f960b24c4ad3d9aecd72dce
"""activemq-artemis""",226,,
"""activemq-artemis""",225,,
"""activemq-artemis""",224,,
"""activemq-artemis""",223,,
"""activemq-artemis""",222,,
"""activemq-artemis""",219,,
"""activemq-artemis""",215,,
"""activemq-artemis""",213,,
"""activemq-artemis""",212,https://github.com/apache/activemq-artemis/commit/44c5b673e61773488603b53d61183a6a1d884234,https://github.com/apache/activemq-artemis/commit/bc828c0017c474164b2f46cdd84ae93d5bf8c682
"""activemq-artemis""",210,,
"""activemq-artemis""",209,,
"""activemq-artemis""",207,https://github.com/apache/activemq-artemis/commit/41e3fec3c2ceeb690076227cbd814ee11240b71c,https://github.com/apache/activemq-artemis/commit/6aae2cc5f1a776b1e2645d26d1b6e3c1adf4473f
"""activemq-artemis""",202,,
"""activemq-artemis""",201,,
"""activemq-artemis""",200,,
"""activemq-artemis""",198,,
"""activemq-artemis""",197,,
"""activemq-artemis""",196,,
"""activemq-artemis""",195,,
"""activemq-artemis""",194,https://github.com/apache/activemq-artemis/commit/a80549da327c8146ac2aa9417a971a4aaaa92408,https://github.com/apache/activemq-artemis/commit/1baa5a0d8b9baf9c039e967e022b3901ef584b53
"""activemq-artemis""",192,,
"""activemq-artemis""",191,https://github.com/apache/activemq-artemis/commit/21d2f31de0c7ed9e48490aab7e799ae3f3f48488,https://github.com/apache/activemq-artemis/commit/a48046be5fbb163bc12e626353fdf11781e2abbf
"""activemq-artemis""",190,,
"""activemq-artemis""",189,https://github.com/apache/activemq-artemis/commit/0779aa4fdc599f874659eef9f1bcf04730e87cd3,https://github.com/apache/activemq-artemis/commit/33188bb4d9ea72ab6c0e17ce20d8d30ed1286a94
"""activemq-artemis""",188,https://github.com/apache/activemq-artemis/commit/7edace7f0b16f982f7327693356c24be9cb597b1,https://github.com/apache/activemq-artemis/commit/6ed9c5ae91dc7a08cdb3825fb17a5da24037fa36
"""activemq-artemis""",184,,
"""activemq-artemis""",183,,
"""activemq-artemis""",182,,
"""activemq-artemis""",181,,
"""activemq-artemis""",179,https://github.com/apache/activemq-artemis/commit/7d3f389b4ddb5c4403c96e96201127035e3774fe,https://github.com/apache/activemq-artemis/commit/cfce98cb45917dde1c4c3921c4de07f6588b9ba2
"""activemq-artemis""",178,https://github.com/apache/activemq-artemis/commit/970ab22280320e56df5d71297f7e257c51b6172d,https://github.com/apache/activemq-artemis/commit/235380d5dffda4858b2fc363792e0998f17f0d46
"""activemq-artemis""",175,,
"""activemq-artemis""",173,,
"""activemq-artemis""",172,,
"""activemq-artemis""",171,,
"""activemq-artemis""",169,https://github.com/apache/activemq-artemis/commit/66207f5e3bf6ff53b13ab1a5c65250ff9ce27994,https://github.com/apache/activemq-artemis/commit/2eac97aaff4b3da81c189385dbbc4031386a6f57
"""activemq-artemis""",167,https://github.com/apache/activemq-artemis/commit/9e595fb9079a26fe6b7c2da45ce81d9c1e83a4dd,https://github.com/apache/activemq-artemis/commit/1add10abfd001f66ebfd6f511481432e8caa1d99
"""activemq-artemis""",166,,
"""activemq-artemis""",165,,
"""activemq-artemis""",163,https://github.com/apache/activemq-artemis/commit/2db5cf17442ae006e5b3264ce3481c07edf80679,https://github.com/apache/activemq-artemis/commit/0abf52468ba22004fc51e4314275259f97caa4dd
"""activemq-artemis""",161,https://github.com/apache/activemq-artemis/commit/9a4027dab49923ed1a07dbc8967bafe77ebeca61,https://github.com/apache/activemq-artemis/commit/3593dd54c948e97f9c853daeb98e674f1e113ebf
"""activemq-artemis""",159,https://github.com/apache/activemq-artemis/commit/b6bc5a1a88828f33dc77bac93f83b5f633cf7277,https://github.com/apache/activemq-artemis/commit/3da19e5b0aed3f5e44cabb6b74e62a8457d4191d
"""activemq-artemis""",158,,
"""activemq-artemis""",157,,
"""activemq-artemis""",156,https://github.com/apache/activemq-artemis/commit/74a5e5e75fb6b59d4ccffb829297a9dc209e658f,https://github.com/apache/activemq-artemis/commit/76288a3ad9f468332cba2580b63cb0da79b6ccc3
"""activemq-artemis""",155,,
"""activemq-artemis""",154,https://github.com/apache/activemq-artemis/commit/d535085fd7e7d70e8347d312a55d14accaa29a04,https://github.com/apache/activemq-artemis/commit/f8a7f030e0869c2cc41f89b29548530241cdb27e
"""activemq-artemis""",152,https://github.com/apache/activemq-artemis/commit/4dacaa502a72a2bdc3bc2af89ad66f0d42db8f16,https://github.com/apache/activemq-artemis/commit/3c9a49dd96c897dc35e8ab3a8c5df962308a8164
"""activemq-artemis""",150,,
"""activemq-artemis""",149,https://github.com/apache/activemq-artemis/commit/143454788593ec4af4f112472d5d6d428519acfb,https://github.com/apache/activemq-artemis/commit/2cf0bb71c412504b42405bc918405b8af54f4412
"""activemq-artemis""",148,https://github.com/apache/activemq-artemis/commit/1af221f1214c0a78df1be373047c007e81e98201,https://github.com/apache/activemq-artemis/commit/511bfc7e15df26200dd98a008cc66fb23ecd7967
"""activemq-artemis""",147,,
"""activemq-artemis""",146,,
"""activemq-artemis""",145,,
"""activemq-artemis""",144,,
"""activemq-artemis""",143,https://github.com/apache/activemq-artemis/commit/0d2973da786e3b37b4695bdf9321f0dd5ca504ca,https://github.com/apache/activemq-artemis/commit/e850e1351d5f3cb04eb84f6e63c4ec83da8df366
"""activemq-artemis""",142,,
"""activemq-artemis""",141,,
"""activemq-artemis""",139,,
"""activemq-artemis""",137,,
"""activemq-artemis""",135,,
"""activemq-artemis""",134,https://github.com/apache/activemq-artemis/commit/9d5ef1f8cc8f401cead4a5f3eb24f174d3b9dd73,https://github.com/apache/activemq-artemis/commit/0771ba511cd9c7445380e6c252717874751521db
"""activemq-artemis""",133,https://github.com/apache/activemq-artemis/commit/6104534dcdb746a01db7c88893a1d02b766c4325,https://github.com/apache/activemq-artemis/commit/7a1199c4759a8b56ccb28e96f44b3ba760ca5316
"""activemq-artemis""",131,,
"""activemq-artemis""",130,,
"""activemq-artemis""",129,https://github.com/apache/activemq-artemis/commit/e989169a7b586d083a8b1f6d951507b754c806de,https://github.com/apache/activemq-artemis/commit/27b98a2514475ba34150ca01ae70703fca18f9a3
"""activemq-artemis""",128,,
"""activemq-artemis""",127,https://github.com/apache/activemq-artemis/commit/e6b32c6737f3e038aee4340ceae8da0518dc7f4f,https://github.com/apache/activemq-artemis/commit/f0f4f1684d083170764f7bd3a273c60f44aaa464
"""activemq-artemis""",126,https://github.com/apache/activemq-artemis/commit/4c05c48be72e307ddbbb5fc8bc8d538f1e07cb4f,https://github.com/apache/activemq-artemis/commit/1dae99746b4532313bbfa66e530751e8d79d2d5b
"""activemq-artemis""",124,,
"""activemq-artemis""",122,,
"""activemq-artemis""",121,,
"""activemq-artemis""",120,https://github.com/apache/activemq-artemis/commit/a7ffdf3fb3e4f85319597c3114615f90d770bdf5,https://github.com/apache/activemq-artemis/commit/21bf440636155d2f7abdd2dfe94c4c9e5aefa08e
"""activemq-artemis""",119,,
"""activemq-artemis""",118,,
"""activemq-artemis""",117,,
"""activemq-artemis""",115,https://github.com/apache/activemq-artemis/commit/a20d5c15043f5958f70dc2137a2c05948d0cb27c,https://github.com/apache/activemq-artemis/commit/5ac2c2444b79d7a1e811dd2fd0973df332ad2268
"""activemq-artemis""",113,,
"""activemq-artemis""",111,,
"""activemq-artemis""",108,,
"""activemq-artemis""",106,https://github.com/apache/activemq-artemis/commit/c1059cab9711b8fc5e5f2c61b8077972ad890130,https://github.com/apache/activemq-artemis/commit/517e0766207d93d5b00671fadd04fde0bbff548c
"""activemq-artemis""",104,https://github.com/apache/activemq-artemis/commit/0d1961d9c12b38d21c8c7cc3f8a8ba535957f680,https://github.com/apache/activemq-artemis/commit/38147ddbe7493a06f66ffa88d390781334a6eda7
"""activemq-artemis""",101,,
"""activemq-artemis""",100,,
"""activemq-artemis""",98,https://github.com/apache/activemq-artemis/commit/4e9ab451bab3403d10d92f4396d79c00538b41a3,https://github.com/apache/activemq-artemis/commit/6fe9e0ebd6504897ba2b3ce7185cc63a0dbc8feb
"""activemq-artemis""",97,https://github.com/apache/activemq-artemis/commit/336f25e4a9d9ad630da46a95805b56aa5f9f0a5c,https://github.com/apache/activemq-artemis/commit/54d0d2b4efdf2df9b89dbde8e8d8f94938401f5e
"""activemq-artemis""",95,https://github.com/apache/activemq-artemis/commit/1d778328865e041bfa50db22626772f48ae1feb5,https://github.com/apache/activemq-artemis/commit/d002da8506ff6c962ed39d957fab21730a09f8c9
"""activemq-artemis""",94,https://github.com/apache/activemq-artemis/commit/02ca3d17745392c199b083f4acb0f17433851675,https://github.com/apache/activemq-artemis/commit/d5dde68f0cf9e8f73ef5c3d6274459cf6d0e3eed
"""activemq-artemis""",93,,
"""activemq-artemis""",89,,
"""activemq-artemis""",83,,
"""activemq-artemis""",82,,
"""activemq-artemis""",81,,
"""activemq-artemis""",80,,
"""activemq-artemis""",79,,
"""activemq-artemis""",75,,
"""activemq-artemis""",72,,
"""activemq-artemis""",71,https://github.com/apache/activemq-artemis/commit/779e63725cc892fd4e33605f2cbb2ea8f553ba7b,https://github.com/apache/activemq-artemis/commit/19a49f5297efb243ad70aa372d6a4bf258568e4c
"""activemq-artemis""",65,,
"""activemq-artemis""",62,https://github.com/apache/activemq-artemis/commit/2ea86313d3b39d22d35a546a043eea599e2d7661,https://github.com/apache/activemq-artemis/commit/0f82ca754bebcd739dfcce37707bc1d0c4b132ef
"""activemq-artemis""",61,https://github.com/apache/activemq-artemis/commit/ac167fda16459530bd547ae0682eeb20daa4e924,https://github.com/apache/activemq-artemis/commit/19dc0594e5724b1232c11b3c3bf754abd0e70c54
"""activemq-artemis""",60,https://github.com/apache/activemq-artemis/commit/5f124402c48d38d7093e7c46418df3026f44a169,https://github.com/apache/activemq-artemis/commit/351b37e8385ed82bf60b3f327055ca8a41ec96e2
"""activemq-artemis""",59,https://github.com/apache/activemq-artemis/commit/63fc982599d85bb5fbbd90d62e65985da30f2b21,https://github.com/apache/activemq-artemis/commit/2d806807b8d9006cf642392ad5da9878394cebae
"""activemq-artemis""",57,,
"""activemq-artemis""",56,https://github.com/apache/activemq-artemis/commit/150794dda7eda022e6d412b53f3a9f59ade9c7d5,https://github.com/apache/activemq-artemis/commit/6b13b3bf9745cde4c3c50339a33aa02ea69a4dab
"""activemq-artemis""",55,https://github.com/apache/activemq-artemis/commit/7d7564db5723c8fc9c8e92a94616cc36e2a325f9,https://github.com/apache/activemq-artemis/commit/5e1758cb87a387466b5488b0ba177a62c00301ea
"""activemq-artemis""",53,https://github.com/apache/activemq-artemis/commit/6fe50a5c51b8b8b40eb02c5222c725ee87246f4e,https://github.com/apache/activemq-artemis/commit/33b81c91a6139f2cea0810183313a3bd68165c17
"""activemq-artemis""",52,https://github.com/apache/activemq-artemis/commit/be3fdb8729966fd8e90dab86a101cc737182339d,https://github.com/apache/activemq-artemis/commit/63a17adbdfff6e791e14c50541d27ee394c927d7
"""activemq-artemis""",51,,
"""activemq-artemis""",50,https://github.com/apache/activemq-artemis/commit/0a762a6588de8a5f907b1d68e7e838452e3a0c7d,https://github.com/apache/activemq-artemis/commit/aa4a06329f91b37e64df6ffb40ca9bf891bf38f0
"""activemq-artemis""",49,https://github.com/apache/activemq-artemis/commit/2ece2dca3d4b208fdb1ccdb1dfd6794c00f37357,https://github.com/apache/activemq-artemis/commit/bf9f6d213bf6b3bf4fd7e15430ada8c9954e69ce
"""activemq-artemis""",48,https://github.com/apache/activemq-artemis/commit/21261d5479059170e5b25ea949f174403eea901b,https://github.com/apache/activemq-artemis/commit/7c066c0ee49a2efc1a13c60f147888a66a674ad9
"""activemq-artemis""",47,https://github.com/apache/activemq-artemis/commit/ecc6fce62b0cc7e7ef25f4355f87f91c19928b39,https://github.com/apache/activemq-artemis/commit/91a41adaa88d24162074d92903fc439486b9f9ec
"""activemq-artemis""",46,https://github.com/apache/activemq-artemis/commit/d7c108b8a4bb7e865f208dbe5295fa7fc5e61d1a,https://github.com/apache/activemq-artemis/commit/69758fd76897131d45584478e07cee78a0239c47
"""activemq-artemis""",45,,
"""activemq-artemis""",43,,
"""activemq-artemis""",42,https://github.com/apache/activemq-artemis/commit/211d0c1b434db39e642cffb6adbbb330c75b88df,https://github.com/apache/activemq-artemis/commit/494477b24065b38c9880e1fe69e038ec049c8b0b
"""activemq-artemis""",41,,
"""activemq-artemis""",40,,
"""activemq-artemis""",38,https://github.com/apache/activemq-artemis/commit/1cdeb0f90db26d1a29919cb235e3bb1e22448b09,https://github.com/apache/activemq-artemis/commit/eb54800f57e4865130fd0d7243823fa773983de3
"""activemq-artemis""",37,,
"""activemq-artemis""",35,,
"""activemq-artemis""",34,https://github.com/apache/activemq-artemis/commit/d33828876063b51869d75d9625531af17c83f770,https://github.com/apache/activemq-artemis/commit/438892352777a6870a329b186e13d0547c2bf405
"""activemq-artemis""",33,,
"""activemq-artemis""",32,,
"""activemq-artemis""",29,https://github.com/apache/activemq-artemis/commit/a8e24769e6459089960c1fa4b89e9fee05e5e0b0,https://github.com/apache/activemq-artemis/commit/adb9ccd0130b8865e1f4f432d9492962011bebff
"""activemq-artemis""",28,https://github.com/apache/activemq-artemis/commit/f883ce925df31508d0a698aa1662cbde5820d885,https://github.com/apache/activemq-artemis/commit/51c34c87d223fdc971e87a0c857d123566a6f90f
"""activemq-artemis""",27,,
"""activemq-artemis""",26,,
"""activemq-artemis""",25,https://github.com/apache/activemq-artemis/commit/b744edd5878c446878c3540f5592a0dd4bdc1804,https://github.com/apache/activemq-artemis/commit/fd85bf7f752a9d80c3a786ccd74649a810b7e50a
"""activemq-artemis""",24,,
"""activemq-artemis""",23,,
"""activemq-artemis""",22,https://github.com/apache/activemq-artemis/commit/6abbff3aeed7bcf055f285474f59b52463c29bc4,https://github.com/apache/activemq-artemis/commit/309ce4324c4ab4edfb66470abf9a55d2386732a3
"""activemq-artemis""",21,,
"""activemq-artemis""",20,https://github.com/apache/activemq-artemis/commit/e0c3783e216968e8bc430accf8288f490a3578c2,https://github.com/apache/activemq-artemis/commit/65d549f6b00fab568157ac8a9cfa3337269c07f8
"""activemq-artemis""",19,,
"""activemq-artemis""",17,https://github.com/apache/activemq-artemis/commit/f007bc5f2665c25409195df26de53013b29b9b85,https://github.com/apache/activemq-artemis/commit/d6481687ec3059fb358c45093e2ac519863f87b9
"""activemq-artemis""",15,https://github.com/apache/activemq-artemis/commit/3328de045d053eba2ba42b4389eec8e9a97f278a,https://github.com/apache/activemq-artemis/commit/4397d9c9d3f99ccb8c130b4257782a0eca1b85d4
"""activemq-artemis""",14,,
"""activemq-artemis""",13,https://github.com/apache/activemq-artemis/commit/1df349a29f27cc3caf1538c44876844546385d5e,https://github.com/apache/activemq-artemis/commit/20326d0d83a8bae659f3e6c8e2f39c052e8dd104
"""activemq-artemis""",12,https://github.com/apache/activemq-artemis/commit/5e156625e96a819f403e866f5b96f83e9e052e3b,https://github.com/apache/activemq-artemis/commit/09fc0a9d46caed051a3772dfc8b2c15d173a6e98
"""activemq-artemis""",10,,
"""activemq-artemis""",7,https://github.com/apache/activemq-artemis/commit/4d7b121c7ec05b6170b9601b502e7617873b7175,https://github.com/apache/activemq-artemis/commit/a6b8a09b65b7afb2bb27e7156cc3bc647b1359fb
"""activemq-artemis""",6,,
"""activemq-artemis""",4,https://github.com/apache/activemq-artemis/commit/b399ee13450182b9522302388a0d0a9a72ebedfa,https://github.com/apache/activemq-artemis/commit/328611fdc9370ec8f0cc2eb4c1ca061d395ca6f6
