repo,pr_number,before_commit,after_commit
"""eagle""",971,,
"""eagle""",626,https://github.com/apache/eagle/commit/061a2dae52cbd00ea0118a2ddb5e3784c7598817,https://github.com/apache/eagle/commit/f21145635a609dc25477f0384cbb14fb17fbd0be
"""eagle""",462,,
"""eagle""",400,,
"""eagle""",328,,
"""eagle""",319,,
"""eagle""",210,,
"""eagle""",176,,
"""eagle""",165,,
"""eagle""",162,,
"""eagle""",126,,
"""eagle""",122,,
"""eagle""",115,,
"""eagle""",14,,
"""eagle""",11,,
"""eagle""",10,,
"""eagle""",9,,
"""eagle""",8,https://github.com/apache/eagle/commit/a924cce73e126c001ec282df03253fcf005bfb9b,https://github.com/apache/eagle/commit/b11a223a452b6a11d4a111175ca26948663d17ef
"""eagle""",7,,
"""eagle""",6,,
"""eagle""",4,,
"""eagle""",3,,
