repo,pr_number,before_commit,after_commit
"""incubator-taverna-language""",44,,
"""incubator-taverna-language""",43,,
"""incubator-taverna-language""",42,,
"""incubator-taverna-language""",41,https://github.com/apache/incubator-taverna-language/commit/e9a9fe1c703ef7da889e91783001308778a9ecd6,https://github.com/apache/incubator-taverna-language/commit/2530da3221a6317671367041c20e85709927b685
"""incubator-taverna-language""",39,,
"""incubator-taverna-language""",38,,
"""incubator-taverna-language""",37,,
"""incubator-taverna-language""",36,,
"""incubator-taverna-language""",35,,
"""incubator-taverna-language""",34,,
"""incubator-taverna-language""",33,,
"""incubator-taverna-language""",32,,
"""incubator-taverna-language""",31,,
"""incubator-taverna-language""",30,,
"""incubator-taverna-language""",29,,
"""incubator-taverna-language""",28,,
"""incubator-taverna-language""",27,,
"""incubator-taverna-language""",26,,
"""incubator-taverna-language""",25,,
"""incubator-taverna-language""",24,,
"""incubator-taverna-language""",23,,
"""incubator-taverna-language""",22,,
"""incubator-taverna-language""",21,,
"""incubator-taverna-language""",20,,
"""incubator-taverna-language""",19,,
"""incubator-taverna-language""",18,,
"""incubator-taverna-language""",16,,
"""incubator-taverna-language""",15,,
"""incubator-taverna-language""",14,,
"""incubator-taverna-language""",13,,
"""incubator-taverna-language""",10,,
"""incubator-taverna-language""",7,,
"""incubator-taverna-language""",6,,
