repo,pr_number,before_commit,after_commit
"""incubator-dolphinscheduler""",766,,
"""incubator-dolphinscheduler""",763,,
"""incubator-dolphinscheduler""",762,,
"""incubator-dolphinscheduler""",761,,
"""incubator-dolphinscheduler""",753,,
"""incubator-dolphinscheduler""",752,,
"""incubator-dolphinscheduler""",751,,
"""incubator-dolphinscheduler""",750,,
"""incubator-dolphinscheduler""",749,,
"""incubator-dolphinscheduler""",744,,
"""incubator-dolphinscheduler""",743,,
"""incubator-dolphinscheduler""",741,,
"""incubator-dolphinscheduler""",740,,
"""incubator-dolphinscheduler""",737,,
"""incubator-dolphinscheduler""",733,,
"""incubator-dolphinscheduler""",732,,
"""incubator-dolphinscheduler""",729,,
"""incubator-dolphinscheduler""",721,,
"""incubator-dolphinscheduler""",720,,
"""incubator-dolphinscheduler""",718,,
"""incubator-dolphinscheduler""",712,,
"""incubator-dolphinscheduler""",710,,
"""incubator-dolphinscheduler""",709,,
"""incubator-dolphinscheduler""",707,,
"""incubator-dolphinscheduler""",706,,
"""incubator-dolphinscheduler""",705,,
"""incubator-dolphinscheduler""",704,,
"""incubator-dolphinscheduler""",699,,
"""incubator-dolphinscheduler""",696,,
"""incubator-dolphinscheduler""",693,,
"""incubator-dolphinscheduler""",689,,
"""incubator-dolphinscheduler""",687,,
"""incubator-dolphinscheduler""",683,,
"""incubator-dolphinscheduler""",680,,
"""incubator-dolphinscheduler""",672,,
"""incubator-dolphinscheduler""",670,,
"""incubator-dolphinscheduler""",669,,
"""incubator-dolphinscheduler""",668,,
"""incubator-dolphinscheduler""",666,,
"""incubator-dolphinscheduler""",664,,
"""incubator-dolphinscheduler""",663,,
"""incubator-dolphinscheduler""",662,,
"""incubator-dolphinscheduler""",661,,
"""incubator-dolphinscheduler""",659,,
"""incubator-dolphinscheduler""",656,,
"""incubator-dolphinscheduler""",654,,
"""incubator-dolphinscheduler""",653,,
"""incubator-dolphinscheduler""",651,,
"""incubator-dolphinscheduler""",649,,
"""incubator-dolphinscheduler""",634,,
"""incubator-dolphinscheduler""",631,,
"""incubator-dolphinscheduler""",629,,
"""incubator-dolphinscheduler""",619,,
"""incubator-dolphinscheduler""",617,,
"""incubator-dolphinscheduler""",614,,
"""incubator-dolphinscheduler""",613,,
"""incubator-dolphinscheduler""",611,,
"""incubator-dolphinscheduler""",608,,
"""incubator-dolphinscheduler""",606,,
"""incubator-dolphinscheduler""",602,,
"""incubator-dolphinscheduler""",600,,
"""incubator-dolphinscheduler""",598,,
"""incubator-dolphinscheduler""",596,,
"""incubator-dolphinscheduler""",595,,
"""incubator-dolphinscheduler""",593,,
"""incubator-dolphinscheduler""",592,,
"""incubator-dolphinscheduler""",591,,
"""incubator-dolphinscheduler""",590,,
"""incubator-dolphinscheduler""",589,,
"""incubator-dolphinscheduler""",585,,
"""incubator-dolphinscheduler""",582,,
"""incubator-dolphinscheduler""",581,,
"""incubator-dolphinscheduler""",580,,
"""incubator-dolphinscheduler""",578,,
"""incubator-dolphinscheduler""",577,,
"""incubator-dolphinscheduler""",575,,
"""incubator-dolphinscheduler""",574,,
"""incubator-dolphinscheduler""",572,,
"""incubator-dolphinscheduler""",571,,
"""incubator-dolphinscheduler""",570,,
"""incubator-dolphinscheduler""",563,,
"""incubator-dolphinscheduler""",561,,
"""incubator-dolphinscheduler""",560,,
"""incubator-dolphinscheduler""",559,,
"""incubator-dolphinscheduler""",558,,
"""incubator-dolphinscheduler""",557,,
"""incubator-dolphinscheduler""",556,,
"""incubator-dolphinscheduler""",554,,
"""incubator-dolphinscheduler""",553,,
"""incubator-dolphinscheduler""",552,,
"""incubator-dolphinscheduler""",551,,
"""incubator-dolphinscheduler""",550,,
"""incubator-dolphinscheduler""",548,,
"""incubator-dolphinscheduler""",545,,
"""incubator-dolphinscheduler""",544,,
"""incubator-dolphinscheduler""",543,,
"""incubator-dolphinscheduler""",542,,
"""incubator-dolphinscheduler""",541,,
"""incubator-dolphinscheduler""",540,,
"""incubator-dolphinscheduler""",539,,
"""incubator-dolphinscheduler""",538,,
"""incubator-dolphinscheduler""",537,,
"""incubator-dolphinscheduler""",536,,
"""incubator-dolphinscheduler""",534,,
"""incubator-dolphinscheduler""",533,,
"""incubator-dolphinscheduler""",529,,
"""incubator-dolphinscheduler""",528,,
"""incubator-dolphinscheduler""",527,,
"""incubator-dolphinscheduler""",526,,
"""incubator-dolphinscheduler""",524,,
"""incubator-dolphinscheduler""",523,,
"""incubator-dolphinscheduler""",522,,
"""incubator-dolphinscheduler""",521,,
"""incubator-dolphinscheduler""",520,,
"""incubator-dolphinscheduler""",519,,
"""incubator-dolphinscheduler""",518,,
"""incubator-dolphinscheduler""",513,,
"""incubator-dolphinscheduler""",512,,
"""incubator-dolphinscheduler""",509,,
"""incubator-dolphinscheduler""",508,,
"""incubator-dolphinscheduler""",507,,
"""incubator-dolphinscheduler""",506,,
"""incubator-dolphinscheduler""",505,,
"""incubator-dolphinscheduler""",504,,
"""incubator-dolphinscheduler""",503,,
"""incubator-dolphinscheduler""",502,,
"""incubator-dolphinscheduler""",501,,
"""incubator-dolphinscheduler""",500,,
"""incubator-dolphinscheduler""",499,,
"""incubator-dolphinscheduler""",498,,
"""incubator-dolphinscheduler""",497,,
"""incubator-dolphinscheduler""",496,,
"""incubator-dolphinscheduler""",495,,
"""incubator-dolphinscheduler""",494,,
"""incubator-dolphinscheduler""",493,,
"""incubator-dolphinscheduler""",490,,
"""incubator-dolphinscheduler""",489,,
"""incubator-dolphinscheduler""",488,,
"""incubator-dolphinscheduler""",487,,
"""incubator-dolphinscheduler""",479,,
"""incubator-dolphinscheduler""",478,,
"""incubator-dolphinscheduler""",477,,
"""incubator-dolphinscheduler""",476,,
"""incubator-dolphinscheduler""",475,,
"""incubator-dolphinscheduler""",474,,
"""incubator-dolphinscheduler""",473,,
"""incubator-dolphinscheduler""",471,,
"""incubator-dolphinscheduler""",469,,
"""incubator-dolphinscheduler""",466,,
"""incubator-dolphinscheduler""",460,,
"""incubator-dolphinscheduler""",459,,
"""incubator-dolphinscheduler""",453,,
"""incubator-dolphinscheduler""",450,,
"""incubator-dolphinscheduler""",446,,
"""incubator-dolphinscheduler""",444,,
"""incubator-dolphinscheduler""",439,,
"""incubator-dolphinscheduler""",438,,
"""incubator-dolphinscheduler""",437,,
"""incubator-dolphinscheduler""",436,,
"""incubator-dolphinscheduler""",435,,
"""incubator-dolphinscheduler""",432,,
"""incubator-dolphinscheduler""",430,,
"""incubator-dolphinscheduler""",424,,
"""incubator-dolphinscheduler""",423,,
"""incubator-dolphinscheduler""",418,,
"""incubator-dolphinscheduler""",417,,
"""incubator-dolphinscheduler""",416,,
"""incubator-dolphinscheduler""",415,,
"""incubator-dolphinscheduler""",414,,
"""incubator-dolphinscheduler""",411,,
"""incubator-dolphinscheduler""",409,,
"""incubator-dolphinscheduler""",408,,
"""incubator-dolphinscheduler""",406,,
"""incubator-dolphinscheduler""",390,,
"""incubator-dolphinscheduler""",388,,
"""incubator-dolphinscheduler""",386,,
"""incubator-dolphinscheduler""",374,,
"""incubator-dolphinscheduler""",373,,
"""incubator-dolphinscheduler""",371,,
"""incubator-dolphinscheduler""",370,,
"""incubator-dolphinscheduler""",369,,
"""incubator-dolphinscheduler""",368,,
"""incubator-dolphinscheduler""",367,,
"""incubator-dolphinscheduler""",366,,
"""incubator-dolphinscheduler""",365,,
"""incubator-dolphinscheduler""",364,,
"""incubator-dolphinscheduler""",363,,
"""incubator-dolphinscheduler""",362,,
"""incubator-dolphinscheduler""",361,,
"""incubator-dolphinscheduler""",360,,
"""incubator-dolphinscheduler""",359,,
"""incubator-dolphinscheduler""",358,,
"""incubator-dolphinscheduler""",357,,
"""incubator-dolphinscheduler""",356,,
"""incubator-dolphinscheduler""",355,,
"""incubator-dolphinscheduler""",354,,
"""incubator-dolphinscheduler""",353,,
"""incubator-dolphinscheduler""",351,,
"""incubator-dolphinscheduler""",350,,
"""incubator-dolphinscheduler""",348,,
"""incubator-dolphinscheduler""",344,,
"""incubator-dolphinscheduler""",343,,
"""incubator-dolphinscheduler""",342,,
"""incubator-dolphinscheduler""",340,,
"""incubator-dolphinscheduler""",339,,
"""incubator-dolphinscheduler""",338,,
"""incubator-dolphinscheduler""",337,,
"""incubator-dolphinscheduler""",336,,
"""incubator-dolphinscheduler""",334,,
"""incubator-dolphinscheduler""",333,,
"""incubator-dolphinscheduler""",331,,
"""incubator-dolphinscheduler""",329,,
"""incubator-dolphinscheduler""",328,,
"""incubator-dolphinscheduler""",327,,
"""incubator-dolphinscheduler""",326,,
"""incubator-dolphinscheduler""",325,,
"""incubator-dolphinscheduler""",323,,
"""incubator-dolphinscheduler""",322,,
"""incubator-dolphinscheduler""",321,,
"""incubator-dolphinscheduler""",316,,
"""incubator-dolphinscheduler""",315,,
"""incubator-dolphinscheduler""",314,,
"""incubator-dolphinscheduler""",313,,
"""incubator-dolphinscheduler""",312,,
"""incubator-dolphinscheduler""",311,,
"""incubator-dolphinscheduler""",306,,
"""incubator-dolphinscheduler""",304,,
"""incubator-dolphinscheduler""",302,,
"""incubator-dolphinscheduler""",299,,
"""incubator-dolphinscheduler""",298,,
"""incubator-dolphinscheduler""",296,,
"""incubator-dolphinscheduler""",292,,
"""incubator-dolphinscheduler""",288,,
"""incubator-dolphinscheduler""",287,,
"""incubator-dolphinscheduler""",285,,
"""incubator-dolphinscheduler""",284,,
"""incubator-dolphinscheduler""",283,,
"""incubator-dolphinscheduler""",282,,
"""incubator-dolphinscheduler""",281,,
"""incubator-dolphinscheduler""",280,,
"""incubator-dolphinscheduler""",278,,
"""incubator-dolphinscheduler""",276,,
"""incubator-dolphinscheduler""",275,,
"""incubator-dolphinscheduler""",274,,
"""incubator-dolphinscheduler""",271,,
"""incubator-dolphinscheduler""",270,,
"""incubator-dolphinscheduler""",269,,
"""incubator-dolphinscheduler""",267,,
"""incubator-dolphinscheduler""",252,,
"""incubator-dolphinscheduler""",241,,
"""incubator-dolphinscheduler""",240,,
"""incubator-dolphinscheduler""",239,,
"""incubator-dolphinscheduler""",237,,
"""incubator-dolphinscheduler""",229,,
"""incubator-dolphinscheduler""",227,,
"""incubator-dolphinscheduler""",225,,
"""incubator-dolphinscheduler""",224,,
"""incubator-dolphinscheduler""",223,,
"""incubator-dolphinscheduler""",222,,
"""incubator-dolphinscheduler""",221,,
"""incubator-dolphinscheduler""",220,,
"""incubator-dolphinscheduler""",218,,
"""incubator-dolphinscheduler""",217,,
"""incubator-dolphinscheduler""",215,,
"""incubator-dolphinscheduler""",213,,
"""incubator-dolphinscheduler""",212,,
"""incubator-dolphinscheduler""",210,,
"""incubator-dolphinscheduler""",209,,
"""incubator-dolphinscheduler""",179,,
"""incubator-dolphinscheduler""",177,,
"""incubator-dolphinscheduler""",176,,
"""incubator-dolphinscheduler""",175,,
"""incubator-dolphinscheduler""",173,,
"""incubator-dolphinscheduler""",172,,
"""incubator-dolphinscheduler""",171,,
"""incubator-dolphinscheduler""",170,,
"""incubator-dolphinscheduler""",169,,
"""incubator-dolphinscheduler""",168,,
"""incubator-dolphinscheduler""",164,,
"""incubator-dolphinscheduler""",163,,
"""incubator-dolphinscheduler""",161,,
"""incubator-dolphinscheduler""",160,,
"""incubator-dolphinscheduler""",159,,
"""incubator-dolphinscheduler""",158,,
"""incubator-dolphinscheduler""",157,,
"""incubator-dolphinscheduler""",156,,
"""incubator-dolphinscheduler""",155,,
"""incubator-dolphinscheduler""",153,,
"""incubator-dolphinscheduler""",152,,
"""incubator-dolphinscheduler""",151,,
"""incubator-dolphinscheduler""",150,,
"""incubator-dolphinscheduler""",149,,
"""incubator-dolphinscheduler""",148,,
"""incubator-dolphinscheduler""",147,,
"""incubator-dolphinscheduler""",145,,
"""incubator-dolphinscheduler""",144,,
"""incubator-dolphinscheduler""",133,,
"""incubator-dolphinscheduler""",132,,
"""incubator-dolphinscheduler""",131,,
"""incubator-dolphinscheduler""",128,,
"""incubator-dolphinscheduler""",127,,
"""incubator-dolphinscheduler""",126,,
"""incubator-dolphinscheduler""",122,,
"""incubator-dolphinscheduler""",120,,
"""incubator-dolphinscheduler""",118,,
"""incubator-dolphinscheduler""",117,,
"""incubator-dolphinscheduler""",115,,
"""incubator-dolphinscheduler""",114,,
"""incubator-dolphinscheduler""",110,,
"""incubator-dolphinscheduler""",108,,
"""incubator-dolphinscheduler""",107,,
"""incubator-dolphinscheduler""",103,,
"""incubator-dolphinscheduler""",102,,
"""incubator-dolphinscheduler""",99,,
"""incubator-dolphinscheduler""",98,,
"""incubator-dolphinscheduler""",97,,
"""incubator-dolphinscheduler""",93,,
"""incubator-dolphinscheduler""",91,,
"""incubator-dolphinscheduler""",89,,
"""incubator-dolphinscheduler""",88,,
"""incubator-dolphinscheduler""",87,,
"""incubator-dolphinscheduler""",86,,
"""incubator-dolphinscheduler""",82,,
"""incubator-dolphinscheduler""",81,,
"""incubator-dolphinscheduler""",80,,
"""incubator-dolphinscheduler""",78,,
"""incubator-dolphinscheduler""",76,,
"""incubator-dolphinscheduler""",75,,
"""incubator-dolphinscheduler""",74,,
"""incubator-dolphinscheduler""",73,,
"""incubator-dolphinscheduler""",72,,
"""incubator-dolphinscheduler""",71,,
"""incubator-dolphinscheduler""",69,,
"""incubator-dolphinscheduler""",68,,
"""incubator-dolphinscheduler""",67,,
"""incubator-dolphinscheduler""",66,,
"""incubator-dolphinscheduler""",65,,
"""incubator-dolphinscheduler""",64,,
"""incubator-dolphinscheduler""",63,,
"""incubator-dolphinscheduler""",62,,
"""incubator-dolphinscheduler""",61,,
"""incubator-dolphinscheduler""",60,,
"""incubator-dolphinscheduler""",59,,
"""incubator-dolphinscheduler""",56,,
"""incubator-dolphinscheduler""",55,,
"""incubator-dolphinscheduler""",54,,
"""incubator-dolphinscheduler""",53,,
"""incubator-dolphinscheduler""",52,,
"""incubator-dolphinscheduler""",51,,
"""incubator-dolphinscheduler""",50,,
"""incubator-dolphinscheduler""",49,,
"""incubator-dolphinscheduler""",48,,
"""incubator-dolphinscheduler""",47,,
"""incubator-dolphinscheduler""",46,,
"""incubator-dolphinscheduler""",45,,
"""incubator-dolphinscheduler""",44,,
"""incubator-dolphinscheduler""",43,,
"""incubator-dolphinscheduler""",42,,
"""incubator-dolphinscheduler""",41,,
"""incubator-dolphinscheduler""",40,,
"""incubator-dolphinscheduler""",39,,
"""incubator-dolphinscheduler""",38,,
"""incubator-dolphinscheduler""",37,,
"""incubator-dolphinscheduler""",36,,
"""incubator-dolphinscheduler""",35,,
"""incubator-dolphinscheduler""",33,,
"""incubator-dolphinscheduler""",32,,
"""incubator-dolphinscheduler""",30,,
"""incubator-dolphinscheduler""",27,,
"""incubator-dolphinscheduler""",25,,
"""incubator-dolphinscheduler""",24,,
"""incubator-dolphinscheduler""",19,,
"""incubator-dolphinscheduler""",17,,
"""incubator-dolphinscheduler""",13,,
"""incubator-dolphinscheduler""",7,,
"""incubator-dolphinscheduler""",6,,
"""incubator-dolphinscheduler""",5,,
"""incubator-dolphinscheduler""",3,,
"""incubator-dolphinscheduler""",2,,
