repo,pr_number,before_commit,after_commit
"""maven-plugin-tools""",16,,
"""maven-plugin-tools""",15,,
"""maven-plugin-tools""",13,,
"""maven-plugin-tools""",10,https://github.com/apache/maven-plugin-tools/commit/231df04c2b4fbadf15582899fa6655f78508188b,https://github.com/apache/maven-plugin-tools/commit/3989d3624e6aff9d9bd1788a6922e0a29f5013ce
"""maven-plugin-tools""",9,https://github.com/apache/maven-plugin-tools/commit/28a66e7b8d1315ae722fb4bf1f7310348856cd30,https://github.com/apache/maven-plugin-tools/commit/85b3702f980e62dd5ff749eb5a2747d80216eec6
