repo,pr_number,before_commit,after_commit
"""commons-bcel""",33,,
"""commons-bcel""",32,,
"""commons-bcel""",31,,
"""commons-bcel""",30,,
"""commons-bcel""",29,,
"""commons-bcel""",28,,
"""commons-bcel""",25,,
"""commons-bcel""",24,,
"""commons-bcel""",23,,
"""commons-bcel""",20,https://github.com/apache/commons-bcel/commit/2338bf801caf437c3ee11cc666d2054c8f56d968,https://github.com/apache/commons-bcel/commit/79a370054d1742a956ef62c1cb7446b95f2e8ac9
"""commons-bcel""",19,,
"""commons-bcel""",11,,
