repo,pr_number,before_commit,after_commit
"""incubator-taverna-common-activities""",21,,
"""incubator-taverna-common-activities""",20,,
"""incubator-taverna-common-activities""",19,,
"""incubator-taverna-common-activities""",18,,
"""incubator-taverna-common-activities""",17,,
"""incubator-taverna-common-activities""",16,,
"""incubator-taverna-common-activities""",15,,
"""incubator-taverna-common-activities""",14,,
"""incubator-taverna-common-activities""",12,,
"""incubator-taverna-common-activities""",11,,
"""incubator-taverna-common-activities""",10,,
"""incubator-taverna-common-activities""",9,,
"""incubator-taverna-common-activities""",8,,
"""incubator-taverna-common-activities""",7,,
"""incubator-taverna-common-activities""",5,,
"""incubator-taverna-common-activities""",4,,
"""incubator-taverna-common-activities""",2,,
"""incubator-taverna-common-activities""",1,,
