repo,pr_number,before_commit,after_commit
"""commons-numbers""",64,,
"""commons-numbers""",61,,
"""commons-numbers""",60,,
"""commons-numbers""",58,,
"""commons-numbers""",54,,
"""commons-numbers""",53,,
"""commons-numbers""",51,,
"""commons-numbers""",48,https://github.com/apache/commons-numbers/commit/0d823eae2bc3c7db9a8b818af772b4a7225b48f7,https://github.com/apache/commons-numbers/commit/8508164a4135167a41be3f9645db8f9cf3448007
"""commons-numbers""",44,,
"""commons-numbers""",43,,
"""commons-numbers""",42,,
"""commons-numbers""",40,,
"""commons-numbers""",39,,
"""commons-numbers""",38,,
"""commons-numbers""",37,https://github.com/apache/commons-numbers/commit/95ba85d4f08cb2545deb6a337d96d3e2b80f164d,https://github.com/apache/commons-numbers/commit/c97c21b6d094f1ceaf3d883570c7a84743ee3228
"""commons-numbers""",36,https://github.com/apache/commons-numbers/commit/33f4c27f9a7c48fcad657bc36c13d4611b933c5f,https://github.com/apache/commons-numbers/commit/e83a7adbf88ea6fd7b910b82a76493831d3c8762
"""commons-numbers""",32,https://github.com/apache/commons-numbers/commit/ded2e3e73376fb9f22ebd163e1932e7396d34534,https://github.com/apache/commons-numbers/commit/95c49d3f0150b6b73e04cdfc9192d4d31bef70d9
"""commons-numbers""",30,,
"""commons-numbers""",29,,
"""commons-numbers""",25,,
"""commons-numbers""",24,,
"""commons-numbers""",18,,
"""commons-numbers""",17,,
"""commons-numbers""",7,,
"""commons-numbers""",4,,
"""commons-numbers""",3,,
"""commons-numbers""",2,,
"""commons-numbers""",1,,
