repo,pr_number,before_commit,after_commit
"""james-project""",155,https://github.com/apache/james-project/commit/b99b0873f246d47f6cebbe590d43c082ddb2ba83,https://github.com/apache/james-project/commit/03d42b12c387785baebf5624a2bd40cc56b76006
"""james-project""",130,,
"""james-project""",122,https://github.com/apache/james-project/commit/bf67d3a2416297f925530397712eb98e5480e912,https://github.com/apache/james-project/commit/d261aef277235bcf290c03d456c76f0e599c3121
"""james-project""",75,,
"""james-project""",74,https://github.com/apache/james-project/commit/df64d827606d9964acedcd9d6c72bf3ce68afe48,https://github.com/apache/james-project/commit/4d4a40a7883e5028da0f974642afdfbaaac1d19f
"""james-project""",70,,
"""james-project""",57,,
"""james-project""",47,,
