repo,pr_number,before_commit,after_commit
"""maven-indexer""",36,https://github.com/apache/maven-indexer/commit/dbc981d2269a539c782a70e6016b5a2acbc4cb0e,https://github.com/apache/maven-indexer/commit/92cca9ce786f554fafa29f3f1e78a947357c2cf4
"""maven-indexer""",35,,
"""maven-indexer""",34,https://github.com/apache/maven-indexer/commit/b98b9791e4a05d52b62d98a7fe32ab95fa200838,https://github.com/apache/maven-indexer/commit/d7753e31d9d3eba67c9e04c5fc28645fcc8c0454
"""maven-indexer""",29,,
"""maven-indexer""",28,,
"""maven-indexer""",24,,
"""maven-indexer""",22,,
"""maven-indexer""",11,,
"""maven-indexer""",10,,
"""maven-indexer""",8,,
"""maven-indexer""",7,,
"""maven-indexer""",5,,
"""maven-indexer""",4,,
"""maven-indexer""",3,,
"""maven-indexer""",2,,
"""maven-indexer""",1,,
