repo,pr_number,before_commit,after_commit
"""cordova-android""",800,,
"""cordova-android""",788,,
"""cordova-android""",787,,
"""cordova-android""",784,,
"""cordova-android""",783,,
"""cordova-android""",782,,
"""cordova-android""",779,,
"""cordova-android""",778,,
"""cordova-android""",777,,
"""cordova-android""",774,,
"""cordova-android""",772,,
"""cordova-android""",765,,
"""cordova-android""",764,https://github.com/apache/cordova-android/commit/833c4d4cddc8164092b0ae9b23dd6fd2e3a724ee,https://github.com/apache/cordova-android/commit/37b4bbe9b2eeb7b61f854c7b060e509fdfb7c83f
"""cordova-android""",750,,
"""cordova-android""",724,https://github.com/apache/cordova-android/commit/3729ca486a8ebb748382b2908a5feba60376ecb8,https://github.com/apache/cordova-android/commit/075546af2b18314757de6e6dfcc57228729a773f
"""cordova-android""",713,,
"""cordova-android""",710,,
"""cordova-android""",699,https://github.com/apache/cordova-android/commit/6a2f324c6fa858919bdfc474bd1b2b239f117d3f,https://github.com/apache/cordova-android/commit/ac1bc60de249473885b17b3758e83554c828b712
"""cordova-android""",691,,
"""cordova-android""",676,,
"""cordova-android""",673,,
"""cordova-android""",669,,
"""cordova-android""",668,,
"""cordova-android""",664,,
"""cordova-android""",656,,
"""cordova-android""",655,,
"""cordova-android""",654,,
"""cordova-android""",642,,
"""cordova-android""",635,,
"""cordova-android""",632,,
"""cordova-android""",630,,
"""cordova-android""",626,,
"""cordova-android""",624,,
"""cordova-android""",620,,
"""cordova-android""",619,,
"""cordova-android""",612,https://github.com/apache/cordova-android/commit/0542c8c4f1e84b80547a59df197ab479749204cc,https://github.com/apache/cordova-android/commit/ff9e8bccfac137feb92c884ed356355899da8c5b
"""cordova-android""",607,https://github.com/apache/cordova-android/commit/1cce215ae3dd170c81679c05d2c7957595051188,https://github.com/apache/cordova-android/commit/6325ebf0d6779e8ff2ad84b8e7ae7c1b2cb75f30
"""cordova-android""",589,,
"""cordova-android""",582,,
"""cordova-android""",573,,
"""cordova-android""",572,,
"""cordova-android""",567,,
"""cordova-android""",566,,
"""cordova-android""",559,,
"""cordova-android""",558,,
"""cordova-android""",555,https://github.com/apache/cordova-android/commit/d0dbe86c6db4464f6426261c99727bab62dcf4b3,https://github.com/apache/cordova-android/commit/32e3eae83ef3c7513f0455f8c81b30843250ab91
"""cordova-android""",553,,
"""cordova-android""",551,,
"""cordova-android""",550,https://github.com/apache/cordova-android/commit/b9f7e6fdf5e839dba8d581a7e196b946b619fb4b,https://github.com/apache/cordova-android/commit/a67bc75b93f4630e3a5ef9b09ad1ed72aaaa0bbf
"""cordova-android""",544,,
"""cordova-android""",542,https://github.com/apache/cordova-android/commit/771cb307e71413f190cc31bbe8bcb8916b74b1d4,https://github.com/apache/cordova-android/commit/ef493b4c0f941812dd791eb85ae2d9fb0b2ecb2a
"""cordova-android""",538,,
"""cordova-android""",536,,
"""cordova-android""",523,,
"""cordova-android""",507,https://github.com/apache/cordova-android/commit/baf09c05f7fc8b123210bcec5c8808dbfc52cee5,https://github.com/apache/cordova-android/commit/47bb5184a048cefe54af95a6b3436b0c668f17a2
"""cordova-android""",496,,
"""cordova-android""",495,,
"""cordova-android""",493,,
"""cordova-android""",490,https://github.com/apache/cordova-android/commit/4d06957ad4f6e15cb5694c639b46460158dfd44b,https://github.com/apache/cordova-android/commit/1769a9db60b1e66270cf59e613378ab241f26a45
"""cordova-android""",487,,
"""cordova-android""",486,https://github.com/apache/cordova-android/commit/f4478aeffd269f72be7399aa6ac93a562909d524,https://github.com/apache/cordova-android/commit/e3eb9331823b0f090d1f93032d4f0726d12a764c
"""cordova-android""",470,,
"""cordova-android""",469,,
"""cordova-android""",467,,
"""cordova-android""",466,,
"""cordova-android""",465,https://github.com/apache/cordova-android/commit/3f38524bc196da8ca781eb818e5f77cb9b36fcc6,https://github.com/apache/cordova-android/commit/dacb0e5c721a7476b767261433fb96e7a7b6f088
"""cordova-android""",464,https://github.com/apache/cordova-android/commit/edb12ebc78d6a9a663f2c6383e3d4e925e713f5c,https://github.com/apache/cordova-android/commit/64aef328ebba7a0fa7729dd15fc2d7b3ccad6c6e
"""cordova-android""",463,https://github.com/apache/cordova-android/commit/f3d5899c1c4ca204c293cf16bbae7c5ede74b5e2,https://github.com/apache/cordova-android/commit/d26c1199ab728aea604bfa267e9560022f8137f9
"""cordova-android""",462,,
"""cordova-android""",461,https://github.com/apache/cordova-android/commit/1e012ec2577fd51ff7e82ca328922b679be2204e,https://github.com/apache/cordova-android/commit/4b0725dfc23540c8fb1e5c9000fa4ed13b7dfc4e
"""cordova-android""",460,,
"""cordova-android""",457,,
"""cordova-android""",456,https://github.com/apache/cordova-android/commit/8d3f9bba2bc4ff8d6e2108ae57a7dabb526cfe87,https://github.com/apache/cordova-android/commit/0bf0e486985d48d1775091ef4871ae9f94bbe1e5
"""cordova-android""",454,,
"""cordova-android""",453,,
"""cordova-android""",452,,
"""cordova-android""",451,https://github.com/apache/cordova-android/commit/475cca6de1cad5b4be6e1643cb98f5f293ae2be2,https://github.com/apache/cordova-android/commit/f909f3570c170fed949eeffb61f12e7ab833d6fd
"""cordova-android""",450,,
"""cordova-android""",449,,
"""cordova-android""",448,https://github.com/apache/cordova-android/commit/22bb8447b8f5852e61153f9373e616407311098f,https://github.com/apache/cordova-android/commit/821038ee165160e2bd13c9fd62d9869f6b11ca5a
"""cordova-android""",446,https://github.com/apache/cordova-android/commit/9706ab43f5eac8a70162e13d8c46f4ef6907e890,https://github.com/apache/cordova-android/commit/35ea1a493148901fb5a2abc0c54a9d22ad9d253d
"""cordova-android""",445,https://github.com/apache/cordova-android/commit/69e5481afde1ebe293c3ae615f0ceb29f7de248b,https://github.com/apache/cordova-android/commit/8e9078da72d2663a53744faa0c1bafcc5bfb201a
"""cordova-android""",444,,
"""cordova-android""",443,,
"""cordova-android""",442,https://github.com/apache/cordova-android/commit/2c7c72da1dd7132d275a6d228d0cac506b030d03,https://github.com/apache/cordova-android/commit/d3c80ea5d55f08f9da0212cb1dd2d35e1ad7c9fe
"""cordova-android""",437,https://github.com/apache/cordova-android/commit/26f68510eea2d9f95fa39d1cdc0d06384b36713d,https://github.com/apache/cordova-android/commit/fe7629e8fc08b109de4ea6069c3b663a19b68a0b
"""cordova-android""",436,,
"""cordova-android""",435,,
"""cordova-android""",434,,
"""cordova-android""",433,,
"""cordova-android""",431,,
"""cordova-android""",430,,
"""cordova-android""",429,,
"""cordova-android""",427,,
"""cordova-android""",426,,
"""cordova-android""",425,,
"""cordova-android""",424,,
"""cordova-android""",422,https://github.com/apache/cordova-android/commit/21b3f7a0b8b4ff18ab7c0abe32bb333accaba48b,https://github.com/apache/cordova-android/commit/109112ae752dcd2641a320b3451c992f57916170
"""cordova-android""",421,,
"""cordova-android""",420,,
"""cordova-android""",419,,
"""cordova-android""",418,,
"""cordova-android""",417,,
"""cordova-android""",416,,
"""cordova-android""",415,,
"""cordova-android""",414,,
"""cordova-android""",413,https://github.com/apache/cordova-android/commit/7c39e476f1478631a9a803704c10a68ccfc1b7c7,https://github.com/apache/cordova-android/commit/9fdb12671519e97e78c36f4d68025246334f7c04
"""cordova-android""",411,,
"""cordova-android""",410,,
"""cordova-android""",408,,
"""cordova-android""",406,https://github.com/apache/cordova-android/commit/29d1240770f8ff26a3b1bbeba0290bc350b81236,https://github.com/apache/cordova-android/commit/16379376648c199a1e57b3f0a71d4e7277272e4a
"""cordova-android""",405,https://github.com/apache/cordova-android/commit/172f8979cd106cbcaa104bb31d15a608a971baac,https://github.com/apache/cordova-android/commit/03144eb1603ce945ed5cbf8ee0fbf71232ab4903
"""cordova-android""",404,,
"""cordova-android""",403,,
"""cordova-android""",402,,
"""cordova-android""",401,,
"""cordova-android""",399,https://github.com/apache/cordova-android/commit/0e0062c4453adeed7233e2550de933555c0e3315,https://github.com/apache/cordova-android/commit/d364f46baa48aee013412b18b94403868baf5f5f
"""cordova-android""",395,,
"""cordova-android""",391,https://github.com/apache/cordova-android/commit/65661b6b5086eea46ae28f6978b67e67585b06c7,https://github.com/apache/cordova-android/commit/90053eb9dfc03c6cdab31aab665324556c3358be
"""cordova-android""",389,,
"""cordova-android""",388,https://github.com/apache/cordova-android/commit/0160ad16abe5fda0b27dd94533271f9c2c74225f,https://github.com/apache/cordova-android/commit/540929c6a0ced3d186ce9b1efea03c32403b89d1
"""cordova-android""",386,https://github.com/apache/cordova-android/commit/16eb725a369fa0cd9d348ce8d9b79ce6be60dce7,https://github.com/apache/cordova-android/commit/55d7cf38654157187c4a4c2b8784191acc97c8ee
"""cordova-android""",385,,
"""cordova-android""",382,https://github.com/apache/cordova-android/commit/c350b392636c12dc66a7d5258b3c4b840b006115,https://github.com/apache/cordova-android/commit/0cc3df37475d822d7dbdc094caa49ac7d7f598d9
"""cordova-android""",381,,
"""cordova-android""",369,https://github.com/apache/cordova-android/commit/389d81b972cc272b4911f0140891a5fb6c740abd,https://github.com/apache/cordova-android/commit/2f2e8a560d3ef0cf9d82931bb511f19ce044f58a
"""cordova-android""",352,https://github.com/apache/cordova-android/commit/aaa12087e2ba6505c6b0eb7c8a024833bfd9feb7,https://github.com/apache/cordova-android/commit/2940d0520938fb479d1d6971a22b6471a85e457d
"""cordova-android""",344,,
"""cordova-android""",341,https://github.com/apache/cordova-android/commit/7862a82e95ad6ceacb0f69c0ba7b6ba84db4cc68,https://github.com/apache/cordova-android/commit/b2d7124424340b3c6534c0701bd10f9697be3433
"""cordova-android""",333,,
"""cordova-android""",314,,
"""cordova-android""",310,https://github.com/apache/cordova-android/commit/b6a2371f4347a092cfcbc82a17da78e38a5a1af7,https://github.com/apache/cordova-android/commit/22645d9158075b99d43cdcd9551c52a3bcf9ed29
"""cordova-android""",304,,
"""cordova-android""",302,,
"""cordova-android""",297,,
"""cordova-android""",296,,
"""cordova-android""",292,,
"""cordova-android""",289,,
"""cordova-android""",287,,
"""cordova-android""",284,,
"""cordova-android""",278,,
"""cordova-android""",277,,
"""cordova-android""",276,,
"""cordova-android""",274,,
"""cordova-android""",272,https://github.com/apache/cordova-android/commit/ea66012901a842e4bdda110ecfa073592a628829,https://github.com/apache/cordova-android/commit/2cefb425598aed2b2bf0d742c93a2b8f8ce2ba6b
"""cordova-android""",269,,
"""cordova-android""",268,,
"""cordova-android""",265,,
"""cordova-android""",263,,
"""cordova-android""",260,,
"""cordova-android""",258,,
"""cordova-android""",257,,
"""cordova-android""",252,,
"""cordova-android""",251,,
"""cordova-android""",249,,
"""cordova-android""",240,,
"""cordova-android""",239,,
"""cordova-android""",238,,
"""cordova-android""",235,,
"""cordova-android""",233,,
"""cordova-android""",230,,
"""cordova-android""",216,,
"""cordova-android""",209,,
"""cordova-android""",204,,
"""cordova-android""",203,,
"""cordova-android""",201,,
"""cordova-android""",191,,
"""cordova-android""",189,,
"""cordova-android""",187,,
"""cordova-android""",180,,
"""cordova-android""",176,,
"""cordova-android""",158,https://github.com/apache/cordova-android/commit/1b79a34d5f5a7506db94cf7a799f976e52b9b764,https://github.com/apache/cordova-android/commit/087ec11e6abc61acde4e2860f8ee363f3daba578
"""cordova-android""",143,,
"""cordova-android""",133,,
"""cordova-android""",119,,
"""cordova-android""",98,,
"""cordova-android""",49,,
"""cordova-android""",39,,
"""cordova-android""",27,,
"""cordova-android""",26,,
"""cordova-android""",24,,
"""cordova-android""",17,,
"""cordova-android""",14,,
"""cordova-android""",11,,
"""cordova-android""",3,,
