repo,pr_number,before_commit,after_commit
"""incubator-crail""",82,,
"""incubator-crail""",81,https://github.com/apache/incubator-crail/commit/984552e4272d4e85019ddfba9e72213ef2691294,https://github.com/apache/incubator-crail/commit/cc6a920fa675b13f3d369cad3de6532bf9cb51b5
"""incubator-crail""",80,,
"""incubator-crail""",79,,
"""incubator-crail""",77,,
"""incubator-crail""",71,,
"""incubator-crail""",70,https://github.com/apache/incubator-crail/commit/066084cb993c154268bdbbd7f2cf9ecfa6f48b32,https://github.com/apache/incubator-crail/commit/2c74880ce401a6851250c4b5de69c8425ba8ea2e
"""incubator-crail""",69,,
"""incubator-crail""",68,,
"""incubator-crail""",67,,
"""incubator-crail""",66,,
"""incubator-crail""",65,,
"""incubator-crail""",64,https://github.com/apache/incubator-crail/commit/c24c0d9b58b7b8a2704b3b19bd36f9005888d14b,https://github.com/apache/incubator-crail/commit/57d53dbefb4912aacff5128e466cd2f2219bbbf9
"""incubator-crail""",63,,
"""incubator-crail""",62,,
"""incubator-crail""",61,https://github.com/apache/incubator-crail/commit/edebf67bfc51ccef5cf5f143f51bb946d04a676e,https://github.com/apache/incubator-crail/commit/995fda86c3b423813aa4d9808a100201dd70bf75
"""incubator-crail""",59,,
"""incubator-crail""",58,,
"""incubator-crail""",57,,
"""incubator-crail""",56,,
"""incubator-crail""",55,https://github.com/apache/incubator-crail/commit/495ffcd60e525c8b1e4ea1efbedd7e8fe55034c5,https://github.com/apache/incubator-crail/commit/9fb3cdef605dea1aa37b6e6404568d79c5284c02
"""incubator-crail""",54,,
"""incubator-crail""",53,,
"""incubator-crail""",52,,
"""incubator-crail""",51,,
"""incubator-crail""",50,,
"""incubator-crail""",49,,
"""incubator-crail""",47,,
"""incubator-crail""",46,,
"""incubator-crail""",45,,
"""incubator-crail""",44,https://github.com/apache/incubator-crail/commit/0e08697c7455e8ea2267293b2e046624968e1633,https://github.com/apache/incubator-crail/commit/3a2c8098c716bad8893bfdbec1bc2ea97811ecae
"""incubator-crail""",43,,
"""incubator-crail""",42,,
"""incubator-crail""",41,,
"""incubator-crail""",38,https://github.com/apache/incubator-crail/commit/06bde76a234f8c400a1ea575cb47193955427eda,https://github.com/apache/incubator-crail/commit/34e49d29d202bf3ee6e10c7de25effe3cbf251d1
"""incubator-crail""",37,https://github.com/apache/incubator-crail/commit/8877e258be9aa9b3a8eb8707897e5f9e643551da,https://github.com/apache/incubator-crail/commit/e2585ae76beb4a56e93846e98ad82e1579b3a6b4
"""incubator-crail""",36,https://github.com/apache/incubator-crail/commit/e4801f0071aff1243fa4056b0484b20e8581d050,https://github.com/apache/incubator-crail/commit/7342de94eec28663cff74516ef4fb3c9e0bc9f34
"""incubator-crail""",34,https://github.com/apache/incubator-crail/commit/8f1aee57776561d2d223a6768752557dc9aee331,https://github.com/apache/incubator-crail/commit/a7e422f7f752d46048c118422d41fc68331a9bbb
"""incubator-crail""",33,https://github.com/apache/incubator-crail/commit/01d55a7b4e7dca0859bb5aed7f3e10938b2d2fe6,https://github.com/apache/incubator-crail/commit/86f1bd350a69811e3329f949ea0f93e72b1e56f2
"""incubator-crail""",31,,
"""incubator-crail""",30,,
"""incubator-crail""",28,,
"""incubator-crail""",26,https://github.com/apache/incubator-crail/commit/7209748b399b8f6bcfbf4c87ff498dae3fd55e33,https://github.com/apache/incubator-crail/commit/f166a0807ba5551a2b6a33d5607c69aa5437fa6f
"""incubator-crail""",25,,
"""incubator-crail""",24,,
"""incubator-crail""",23,,
"""incubator-crail""",22,https://github.com/apache/incubator-crail/commit/6b03f5d9e8fa9143839d74a6e5629584b45a1a8a,https://github.com/apache/incubator-crail/commit/fc533057aac541b6c982510afd7da0875fd74462
"""incubator-crail""",21,,
"""incubator-crail""",20,,
"""incubator-crail""",17,,
"""incubator-crail""",13,https://github.com/apache/incubator-crail/commit/436fcc384a053407c5f96862e0b192d3cd44093f,https://github.com/apache/incubator-crail/commit/08c87b43b0aca308f2e00af24161d8d5b711dcf6
