repo,pr_number,before_commit,after_commit
"""commons-statistics""",16,https://github.com/apache/commons-statistics/commit/4817ed352719faea3621c994ad65f7682e92ce0e,https://github.com/apache/commons-statistics/commit/8dbd4933339a80bcdd13d6aba09dd267f0ff6a55
"""commons-statistics""",15,,
"""commons-statistics""",13,,
"""commons-statistics""",11,,
"""commons-statistics""",10,https://github.com/apache/commons-statistics/commit/24a21a4503075d9a6974ced0934913bb328fb823,https://github.com/apache/commons-statistics/commit/535db16b12b587e55c2a72bcff27dc26c6940f92
"""commons-statistics""",9,https://github.com/apache/commons-statistics/commit/fba6ec4a5f95cb4719603f17a66caaf883a9fbb1,https://github.com/apache/commons-statistics/commit/aa7b93a0eff339c59f9b674cdcbb4b0e405cb445
"""commons-statistics""",5,,
