repo,pr_number,before_commit,after_commit
"""hama""",18,,
"""hama""",17,,
"""hama""",15,https://github.com/apache/hama/commit/4b377169fbdb0eddce9dadf8f5bc2071e7ab6476,https://github.com/apache/hama/commit/fb28bcbcff97872ecd4434bfa7b934c48d1ce3ee
"""hama""",13,,
"""hama""",11,,
"""hama""",10,,
"""hama""",9,https://github.com/apache/hama/commit/855f27193ade9a6a8778f6deac38b95013ef55af,https://github.com/apache/hama/commit/86b4f34a784863b7c5bc9f6e7a0bb68e8eb08bb0
"""hama""",8,,
"""hama""",6,,
"""hama""",5,https://github.com/apache/hama/commit/68038d956fdfe73d85e8c62a6a96efaee3561026,https://github.com/apache/hama/commit/ce572d8eae22700b0a5e78f8bdba409e598e1e07
"""hama""",4,,
"""hama""",3,,
"""hama""",2,,
