repo,pr_number,before_commit,after_commit
"""commons-rng""",65,,
"""commons-rng""",64,https://github.com/apache/commons-rng/commit/ebdcad39bc5a40f301ee77d609828e500a4ff438,https://github.com/apache/commons-rng/commit/801d7acca82d0ca760de05eadf3a323c04da954d
"""commons-rng""",63,https://github.com/apache/commons-rng/commit/d4ab4723f8fb193128353e0de25cd6920ce4eb70,https://github.com/apache/commons-rng/commit/873069d8cd95e6a23d12f46d526539250d40e1c8
"""commons-rng""",62,https://github.com/apache/commons-rng/commit/23b4f030185c0fcb3ba775c5ffa1838167d25b1b,https://github.com/apache/commons-rng/commit/f6d59a14140e907d2c09f309598610f12be9ecdc
"""commons-rng""",61,https://github.com/apache/commons-rng/commit/86daf257f59f0c47d9c1107c9f663b01df477587,https://github.com/apache/commons-rng/commit/37cb26bf20181833eb556f2762ff46c8242ae1c4
"""commons-rng""",60,,
"""commons-rng""",59,https://github.com/apache/commons-rng/commit/66c8f5dfd219d170e95ef02a3b940fb5a02dd795,https://github.com/apache/commons-rng/commit/5976d7d9d34e457e8d2af689c3a64c7937db84c8
"""commons-rng""",58,https://github.com/apache/commons-rng/commit/2525213e2faa717dbf11b95e20e6f6481d6dd905,https://github.com/apache/commons-rng/commit/57ac9f078a43ef062f2a4faa6a78462f8ed42e05
"""commons-rng""",57,,
"""commons-rng""",55,https://github.com/apache/commons-rng/commit/641dce4fab7818f02d2107026e060ba7a878d3c0,https://github.com/apache/commons-rng/commit/11f1d1db1e0ee3d18fa53983f64ff09c882c4b23
"""commons-rng""",54,https://github.com/apache/commons-rng/commit/397ecaf8af19247f20e2b28ab9fada1cde99e26b,https://github.com/apache/commons-rng/commit/f9185e91c77cc717c53aab6ff5e05ed853401d87
"""commons-rng""",53,https://github.com/apache/commons-rng/commit/7b19f7b5583a828bb9293e90fa44b5b5629c629e,https://github.com/apache/commons-rng/commit/bf54715701b99c514e042b3aaff78a1b61a07b3e
"""commons-rng""",52,,
"""commons-rng""",51,https://github.com/apache/commons-rng/commit/3c103e16d311b2eff4eaa54d8c8e6af29c3ed8f7,https://github.com/apache/commons-rng/commit/495e178b16a68b9c708d8b54102c4ad4a03631f0
"""commons-rng""",50,,
"""commons-rng""",49,https://github.com/apache/commons-rng/commit/f7489bd00271216dd8fee4adb27288f993d096f2,https://github.com/apache/commons-rng/commit/137b9c62796d6304cfd371901688db853dcf534a
"""commons-rng""",48,,
"""commons-rng""",47,,
"""commons-rng""",46,,
"""commons-rng""",45,,
"""commons-rng""",44,https://github.com/apache/commons-rng/commit/5545241203409a259714c469886f82658893ddd1,https://github.com/apache/commons-rng/commit/66ced7a6fcdd1548297e3ad4f0effa369263971e
"""commons-rng""",43,https://github.com/apache/commons-rng/commit/6882472078957e21d1f706e404a183c797e3c52d,https://github.com/apache/commons-rng/commit/79924f6d5fc17da8d8faeeab85b732764868d944
"""commons-rng""",42,,
"""commons-rng""",41,https://github.com/apache/commons-rng/commit/dcb30a0ea853128956c132924de68b12c738e33e,https://github.com/apache/commons-rng/commit/30fd89b121c25058dc16a882da0f338350105671
"""commons-rng""",40,https://github.com/apache/commons-rng/commit/b047e8742ce50f2aadb4085788a346abf0e89583,https://github.com/apache/commons-rng/commit/5d41c69f5d28b9301e3672f67e3269e2af08e79e
"""commons-rng""",39,https://github.com/apache/commons-rng/commit/b62454fb590558816bb5124068c357b054346583,https://github.com/apache/commons-rng/commit/3d4d614a0b3b3834836fa5c0c2df2a3a8b201da5
"""commons-rng""",37,https://github.com/apache/commons-rng/commit/87cdf31441cab813775140787211667be1dbb1a5,https://github.com/apache/commons-rng/commit/5fba428e568db5e64271c4780280b22bcb211793
"""commons-rng""",35,,
"""commons-rng""",34,https://github.com/apache/commons-rng/commit/d8627b247f6c77f53e9404ec5780a40a6b0d4ed1,https://github.com/apache/commons-rng/commit/6a383817c3ffca3c5538dbfe4fb5206d578cbea3
"""commons-rng""",33,https://github.com/apache/commons-rng/commit/fd2f659b4cef602f1bf420c8ef59667d726fbf04,https://github.com/apache/commons-rng/commit/a6459609a511021eea9342adaa51ec596c8fb925
"""commons-rng""",32,,
"""commons-rng""",31,,
"""commons-rng""",30,https://github.com/apache/commons-rng/commit/c5095233ba3175bf21e3d76170ae00228bfc2139,https://github.com/apache/commons-rng/commit/55c8c42b6818f1b813f29b785713b75a87302c2d
"""commons-rng""",29,https://github.com/apache/commons-rng/commit/72aa24207613991f01baf736a85366c7b51f54bd,https://github.com/apache/commons-rng/commit/647326af3b3e827cc030f92c24cff8350c6c4ec4
"""commons-rng""",28,,
"""commons-rng""",27,,
"""commons-rng""",25,,
"""commons-rng""",24,,
"""commons-rng""",23,,
"""commons-rng""",22,,
"""commons-rng""",21,,
"""commons-rng""",20,https://github.com/apache/commons-rng/commit/6930e5502e3cc93b329672435ad7d96802de5536,https://github.com/apache/commons-rng/commit/4cf998435c1d2ae690dd99c2d9b5c903eb7cda2d
"""commons-rng""",19,,
"""commons-rng""",18,,
"""commons-rng""",17,,
"""commons-rng""",15,,
"""commons-rng""",14,,
"""commons-rng""",12,,
"""commons-rng""",10,,
"""commons-rng""",8,,
"""commons-rng""",7,,
"""commons-rng""",5,https://github.com/apache/commons-rng/commit/b057be0f6bbef93f734f78d48c6b957bbcad116b,https://github.com/apache/commons-rng/commit/2baae6cf4c3cd3673232530b0fbb71d6e31e48b3
"""commons-rng""",2,,
"""commons-rng""",1,,
