repo,pr_number,before_commit,after_commit
"""fluo-recipes""",149,,
"""fluo-recipes""",148,,
"""fluo-recipes""",147,,
"""fluo-recipes""",146,,
"""fluo-recipes""",145,,
"""fluo-recipes""",144,,
"""fluo-recipes""",143,,
"""fluo-recipes""",142,,
"""fluo-recipes""",141,,
"""fluo-recipes""",140,https://github.com/apache/fluo-recipes/commit/3de4288cdb89c1c933b9a26293d805c58065a895,https://github.com/apache/fluo-recipes/commit/69f8f7e9a0904ee33f5a536fec0bf7f80d626277
"""fluo-recipes""",139,,
"""fluo-recipes""",138,https://github.com/apache/fluo-recipes/commit/13829e7d5a6d5c9cf3ce503215c8ec04e39d452f,https://github.com/apache/fluo-recipes/commit/b7ac244db168433631f79f0802b3bb5609f6acae
"""fluo-recipes""",137,https://github.com/apache/fluo-recipes/commit/1f48cc856d687d126f1de3fadb94d94f2f71766b,https://github.com/apache/fluo-recipes/commit/eaa0a7b0687b5c919f8d0ff243115f2cca4f1858
"""fluo-recipes""",136,,
"""fluo-recipes""",134,,
"""fluo-recipes""",133,,
"""fluo-recipes""",132,,
"""fluo-recipes""",131,,
"""fluo-recipes""",130,https://github.com/apache/fluo-recipes/commit/4b39c37533be6e7babf2d6c604cca9ed80d1d4ec,https://github.com/apache/fluo-recipes/commit/70a4239c837223a287c5eb1a396326ab7cc5be67
"""fluo-recipes""",129,,
"""fluo-recipes""",125,,
"""fluo-recipes""",121,,
"""fluo-recipes""",120,,
"""fluo-recipes""",118,,
"""fluo-recipes""",117,,
"""fluo-recipes""",116,,
"""fluo-recipes""",115,https://github.com/apache/fluo-recipes/commit/4cb9aef0ae9595df50ca3f4045f81f4eb6b760aa,https://github.com/apache/fluo-recipes/commit/e989dfc3826952657148037fead24f246c6878be
"""fluo-recipes""",113,,
"""fluo-recipes""",112,https://github.com/apache/fluo-recipes/commit/b7ea71a399002581f6bfd251ab7206d5f5c19007,https://github.com/apache/fluo-recipes/commit/573aeb788a0b4623f10b7afd8b0363b501e31776
"""fluo-recipes""",111,,
"""fluo-recipes""",110,https://github.com/apache/fluo-recipes/commit/72254cec3fbe6d022b61a0d41019497714dcf387,https://github.com/apache/fluo-recipes/commit/f4e97138935f6adf289e6cb1b46910d0bca556e3
"""fluo-recipes""",107,https://github.com/apache/fluo-recipes/commit/72e6c5d21bac479d2fed7b3cca47aefd5bd8acf8,https://github.com/apache/fluo-recipes/commit/dc765718c59104a1643cbaa0ae81d565ae5e4146
"""fluo-recipes""",106,,
"""fluo-recipes""",103,https://github.com/apache/fluo-recipes/commit/8696a365525d0a170e61296f531a49e6890d4b90,https://github.com/apache/fluo-recipes/commit/6f5177363ca309c35403fd822e3270559e9dfdbd
"""fluo-recipes""",101,,
"""fluo-recipes""",100,,
"""fluo-recipes""",99,,
"""fluo-recipes""",98,,
"""fluo-recipes""",97,,
"""fluo-recipes""",96,https://github.com/apache/fluo-recipes/commit/33ddcb77bd50de5c02211aaab71b11fac48566a0,https://github.com/apache/fluo-recipes/commit/ab0b5573eef7d39a4d032202a711b9ac172e7531
"""fluo-recipes""",95,,
"""fluo-recipes""",93,https://github.com/apache/fluo-recipes/commit/8078be7f3fec32ed273ab82b899af7cfb3f9c821,https://github.com/apache/fluo-recipes/commit/65ddebaac109505a9e0731e6804573a1b2213960
"""fluo-recipes""",91,,
"""fluo-recipes""",89,,
"""fluo-recipes""",88,https://github.com/apache/fluo-recipes/commit/7fea9fd5b1ecfd993fc66003c7723f210bc954f4,https://github.com/apache/fluo-recipes/commit/b4c9cdce85be5c3d8932aa11086d90fd0e864055
"""fluo-recipes""",87,,
"""fluo-recipes""",86,,
"""fluo-recipes""",85,,
"""fluo-recipes""",84,,
"""fluo-recipes""",83,https://github.com/apache/fluo-recipes/commit/dc97bd42e922a11640ace8f9717f790dbd29ff0b,https://github.com/apache/fluo-recipes/commit/640c51716fdd13a60b88dc566dcca2876b3657e3
"""fluo-recipes""",81,,
"""fluo-recipes""",80,,
"""fluo-recipes""",79,,
"""fluo-recipes""",78,,
"""fluo-recipes""",77,https://github.com/apache/fluo-recipes/commit/fbc6845563cfb40aab8ba550b3a840a534ebf3e7,https://github.com/apache/fluo-recipes/commit/247bed9b8a05eb14aaf083a53d9bd1d03cd6719f
"""fluo-recipes""",76,,
"""fluo-recipes""",75,,
"""fluo-recipes""",74,https://github.com/apache/fluo-recipes/commit/ab0101b504dc1916df592232b6d0e382de78371f,https://github.com/apache/fluo-recipes/commit/442e521d740068f48589b3b015a18e4f530a2aa5
"""fluo-recipes""",72,,
"""fluo-recipes""",71,https://github.com/apache/fluo-recipes/commit/fa16ce2cfaa2a05791a45ece9fe669c8133f55e7,https://github.com/apache/fluo-recipes/commit/94bd602a8ffe0f71e5f67c48c2bc6308e7824499
"""fluo-recipes""",68,https://github.com/apache/fluo-recipes/commit/0cdb5237f5de7e0639a5c7970828b57a3619de63,https://github.com/apache/fluo-recipes/commit/2604eea6ae01e22f71c5cc61d97d73328221d4d9
"""fluo-recipes""",66,,
"""fluo-recipes""",64,,
"""fluo-recipes""",63,,
"""fluo-recipes""",62,,
"""fluo-recipes""",60,,
"""fluo-recipes""",59,,
"""fluo-recipes""",57,,
"""fluo-recipes""",56,https://github.com/apache/fluo-recipes/commit/5126162a74f3c2975cbf9fe7c05a5ec40e021b31,https://github.com/apache/fluo-recipes/commit/82dabaea0b9aaebad1ee22367f26fbf45b893024
"""fluo-recipes""",55,,
"""fluo-recipes""",52,https://github.com/apache/fluo-recipes/commit/ea315718cf930e2207822486277ea544165b0391,https://github.com/apache/fluo-recipes/commit/821d4f231dc51949fe683d24b822b3d28c1f18c4
"""fluo-recipes""",51,https://github.com/apache/fluo-recipes/commit/20e926f0c221b949a79129a9d4cd328592bcd241,https://github.com/apache/fluo-recipes/commit/6ce06cf55a4f4d6b8d1d3a627ff5f41599f8fdb3
"""fluo-recipes""",48,,
"""fluo-recipes""",47,,
"""fluo-recipes""",46,,
"""fluo-recipes""",43,,
"""fluo-recipes""",41,,
"""fluo-recipes""",40,,
"""fluo-recipes""",38,https://github.com/apache/fluo-recipes/commit/3e317ff1068bb2c661c8670a4306dfe27261399b,https://github.com/apache/fluo-recipes/commit/49f5b0d862d053b56d54f0df3c8458fc03283d96
"""fluo-recipes""",37,https://github.com/apache/fluo-recipes/commit/121ac6e82392568b642011649b1fa58dcecfcf41,https://github.com/apache/fluo-recipes/commit/ec8fe2c5b99c478ac1a3797bfd78faea861270e4
"""fluo-recipes""",36,https://github.com/apache/fluo-recipes/commit/a79575993dffb7e6efd967544e24bf1e52e97d1a,https://github.com/apache/fluo-recipes/commit/874bd8d5ea1a8e6248e784240f1cd02e82547f53
"""fluo-recipes""",35,,
"""fluo-recipes""",33,https://github.com/apache/fluo-recipes/commit/7298c57c9dae2e956d7fe8a87d716d7d56c034c5,https://github.com/apache/fluo-recipes/commit/d2bda34606f23de0e27832cb961e2d596e915cf7
"""fluo-recipes""",31,https://github.com/apache/fluo-recipes/commit/958b9a4a79599cdf514755048cd842b1aeb88230,https://github.com/apache/fluo-recipes/commit/fb86dbceb6246fade11fedb2bc528d886b41543c
"""fluo-recipes""",29,,
"""fluo-recipes""",27,https://github.com/apache/fluo-recipes/commit/e948bf36e9d35281a6c485584648865a84f82b71,https://github.com/apache/fluo-recipes/commit/f7af6358b681b5270b6aff0aedfa637428faea44
"""fluo-recipes""",25,https://github.com/apache/fluo-recipes/commit/f11a9c16b68fb9af96f9e53ccdb0806406c0fc92,https://github.com/apache/fluo-recipes/commit/ff9f557e00cc9f0fc7462b154996081559a563c5
"""fluo-recipes""",24,https://github.com/apache/fluo-recipes/commit/78d0bae2de58f3a688ac0f3b38d06b05ab792378,https://github.com/apache/fluo-recipes/commit/c87cc5cecbbadc326cc3cb7e4c4d06d8160ff578
"""fluo-recipes""",23,,
"""fluo-recipes""",22,https://github.com/apache/fluo-recipes/commit/59031d0255102e3e679e71e1955441b4bd3507cc,https://github.com/apache/fluo-recipes/commit/79a7ff5edbed0c874068ca44645370749bd7d4d9
"""fluo-recipes""",17,,
"""fluo-recipes""",14,https://github.com/apache/fluo-recipes/commit/9878b1c8f3930b882743b492599915a5144bf3fc,https://github.com/apache/fluo-recipes/commit/678bffeb55f8c57afb2a0e341150b09191868939
"""fluo-recipes""",13,https://github.com/apache/fluo-recipes/commit/f9dc8639bd5d6e4d7463d8478184e22a10431228,https://github.com/apache/fluo-recipes/commit/54522ecef18df5a1b6182c5fbd023726557e98ac
"""fluo-recipes""",11,,
"""fluo-recipes""",10,,
"""fluo-recipes""",8,https://github.com/apache/fluo-recipes/commit/2e08aa7d6fe408f9368c1b215304fdca8af39aeb,https://github.com/apache/fluo-recipes/commit/aad95c0b3d7103a941680aa25fc77f51aa143f3a
"""fluo-recipes""",7,,
"""fluo-recipes""",6,,
"""fluo-recipes""",5,https://github.com/apache/fluo-recipes/commit/9e1e7884a316fb71ccf73fba9cf8bc93fd646f58,https://github.com/apache/fluo-recipes/commit/4f33892db99f5d1d6c0cee3c76f97b83e09a2fba
"""fluo-recipes""",3,https://github.com/apache/fluo-recipes/commit/336d3db015c56dc438d5a503b0c501a66fb08db6,https://github.com/apache/fluo-recipes/commit/9938401e4afe0f0bb70cd5f3c40d4f446aca4a3d
