repo,pr_number,before_commit,after_commit
"""commons-geometry""",37,,
"""commons-geometry""",35,,
"""commons-geometry""",33,,
"""commons-geometry""",32,,
"""commons-geometry""",31,,
"""commons-geometry""",30,,
"""commons-geometry""",27,,
"""commons-geometry""",26,,
"""commons-geometry""",25,,
"""commons-geometry""",24,,
"""commons-geometry""",23,,
"""commons-geometry""",22,,
"""commons-geometry""",20,,
"""commons-geometry""",18,,
"""commons-geometry""",16,,
"""commons-geometry""",15,,
"""commons-geometry""",13,,
"""commons-geometry""",11,,
"""commons-geometry""",10,,
"""commons-geometry""",9,,
"""commons-geometry""",8,,
"""commons-geometry""",7,,
"""commons-geometry""",6,,
"""commons-geometry""",5,,
"""commons-geometry""",3,,
"""commons-geometry""",2,,
"""commons-geometry""",1,,
