repo,pr_number,before_commit,after_commit
"""incubator-tamaya-sandbox""",30,,
"""incubator-tamaya-sandbox""",29,,
"""incubator-tamaya-sandbox""",27,,
"""incubator-tamaya-sandbox""",26,,
"""incubator-tamaya-sandbox""",25,,
"""incubator-tamaya-sandbox""",23,,
"""incubator-tamaya-sandbox""",22,,
"""incubator-tamaya-sandbox""",21,,
"""incubator-tamaya-sandbox""",20,,
"""incubator-tamaya-sandbox""",19,,
"""incubator-tamaya-sandbox""",18,,
"""incubator-tamaya-sandbox""",17,,
"""incubator-tamaya-sandbox""",16,,
"""incubator-tamaya-sandbox""",15,,
"""incubator-tamaya-sandbox""",14,,
"""incubator-tamaya-sandbox""",13,,
"""incubator-tamaya-sandbox""",12,,
"""incubator-tamaya-sandbox""",8,,
"""incubator-tamaya-sandbox""",7,https://github.com/apache/incubator-tamaya-sandbox/commit/a99008aecb47bbb09df2c5608e91ed540bc6a2d3,https://github.com/apache/incubator-tamaya-sandbox/commit/681cb1e5668b0a581528bf85e09d1ab6f54a30f9
"""incubator-tamaya-sandbox""",5,,
"""incubator-tamaya-sandbox""",2,,
