repo,pr_number,before_commit,after_commit
"""geode-examples""",84,,
"""geode-examples""",82,,
"""geode-examples""",80,,
"""geode-examples""",79,,
"""geode-examples""",78,,
"""geode-examples""",77,,
"""geode-examples""",76,,
"""geode-examples""",75,,
"""geode-examples""",73,,
"""geode-examples""",72,,
"""geode-examples""",70,,
"""geode-examples""",69,https://github.com/apache/geode-examples/commit/4282bcc0f99bdbfec9454847579ec880f4790b0e,https://github.com/apache/geode-examples/commit/5e7ce22443d01e51e50eb3bbe0d9d0f2b1346692
"""geode-examples""",67,,
"""geode-examples""",66,,
"""geode-examples""",64,,
"""geode-examples""",63,,
"""geode-examples""",62,,
"""geode-examples""",60,,
"""geode-examples""",59,,
"""geode-examples""",58,,
"""geode-examples""",54,,
"""geode-examples""",52,,
"""geode-examples""",51,,
"""geode-examples""",49,,
"""geode-examples""",48,,
"""geode-examples""",47,,
"""geode-examples""",45,,
"""geode-examples""",44,,
"""geode-examples""",42,https://github.com/apache/geode-examples/commit/46cb60bb18660b1a174dae7937296fe8ad5d4284,https://github.com/apache/geode-examples/commit/52914273d23ba43d0e1edf502ef1e9a9af4a84d9
"""geode-examples""",39,,
"""geode-examples""",37,,
"""geode-examples""",36,,
"""geode-examples""",34,https://github.com/apache/geode-examples/commit/3b680910a4f860ad51f5a9d718e85e476d4cf0a1,https://github.com/apache/geode-examples/commit/e1f2e1514f7bf95f5cb724248c046ab8f4b7dbf4
"""geode-examples""",33,,
"""geode-examples""",32,https://github.com/apache/geode-examples/commit/126da3b40f89f92a91a5f7d7177f1bb897a232db,https://github.com/apache/geode-examples/commit/42bb0349f8df2d3664da043afce23eaa91cb9f6a
"""geode-examples""",31,,
"""geode-examples""",30,,
"""geode-examples""",29,,
"""geode-examples""",28,,
"""geode-examples""",27,,
"""geode-examples""",26,,
"""geode-examples""",23,https://github.com/apache/geode-examples/commit/b3e786862d099f960cd89d11b4dcb4a13274c63d,https://github.com/apache/geode-examples/commit/d7c27a577fe8efaa4ce6962b36306f089610d646
"""geode-examples""",22,,
"""geode-examples""",20,https://github.com/apache/geode-examples/commit/10a48329a29e0fb41438421397c7d17e33ec3db9,https://github.com/apache/geode-examples/commit/e0a5ad881c8495398b101116f5fa6df3834e278d
"""geode-examples""",19,https://github.com/apache/geode-examples/commit/9674634a15323266015d5f9338bbe3480b275507,https://github.com/apache/geode-examples/commit/29ddceea9fc4e10fef9c8e31095e410ceaf5c926
"""geode-examples""",18,https://github.com/apache/geode-examples/commit/694c1fe67f67cfe371fc40a2cab4a531be7671e8,https://github.com/apache/geode-examples/commit/7366d768228a310a14d615d9db58e42d50bb6dff
"""geode-examples""",17,,
"""geode-examples""",15,,
"""geode-examples""",14,https://github.com/apache/geode-examples/commit/d405aeb1a7fc5f2019f439f0a719a259a2ef136e,https://github.com/apache/geode-examples/commit/e75bd54200a56d4cbe2f08c88a5df2f7c3d8c7e1
"""geode-examples""",13,,
"""geode-examples""",7,,
"""geode-examples""",4,https://github.com/apache/geode-examples/commit/f037776f5481ad893733f0da071850f58a93af2d,https://github.com/apache/geode-examples/commit/c21e76b2b0b9eeab1e18416272b747ceb0595325
"""geode-examples""",3,,
"""geode-examples""",2,https://github.com/apache/geode-examples/commit/1ca756015d21841b52e11d8f95ce179a4551e098,https://github.com/apache/geode-examples/commit/712e642d18927ac5fc0169eecd5b649244a7cd16
"""geode-examples""",1,,
